customer_id,order_frequency,units_purchased,unique_products,total_spent,average_order_value,last_purchase_date,recency_days,country
18102,145,188340.0,382,608821.65,4198.77,2011-12-09 11:50:00,0,United Kingdom
14646,151,367193.0,961,528602.52,3500.68,2011-12-08 12:12:00,1,Netherlands
14156,156,165992.0,1446,313946.37,2012.48,2011-11-30 10:54:00,9,EIRE
14911,398,149987.0,2550,295972.63,743.65,2011-12-08 15:54:00,1,EIRE
17450,51,84720.0,144,246973.09,4842.61,2011-12-01 13:29:00,8,United Kingdom
13694,143,189205.0,896,196482.81,1374.01,2011-12-06 09:32:00,3,United Kingdom
17511,60,119656.0,657,175603.55,2926.73,2011-12-07 10:12:00,2,United Kingdom
16446,2,80997.0,3,168472.5,84236.25,2011-12-09 09:15:00,0,United Kingdom
16684,55,104810.0,184,147142.77,2675.32,2011-12-05 14:06:00,4,United Kingdom
12415,28,91447.0,498,144458.37,5159.23,2011-11-15 14:22:00,24,Australia
15061,127,80711.0,131,137818.52,1085.19,2011-12-06 12:06:00,3,United Kingdom
16029,107,56486.0,57,122209.14,1142.14,2011-11-01 10:27:00,38,United Kingdom
17949,118,60658.0,58,118628.08,1005.32,2011-12-08 18:46:00,1,United Kingdom
15311,208,71010.0,864,116771.16,561.4,2011-12-09 12:00:00,0,United Kingdom
13089,203,60229.0,857,116737.86,575.06,2011-12-07 09:02:00,2,United Kingdom
12931,57,62906.0,37,92347.34,1620.13,2011-11-18 12:39:00,21,United Kingdom
14298,82,100272.0,1370,91194.49,1112.13,2011-12-01 13:12:00,8,United Kingdom
15769,46,49104.0,26,88704.32,1928.35,2011-12-02 13:52:00,7,United Kingdom
12346,12,74285.0,27,77556.46,6463.04,2011-01-18 10:01:00,325,United Kingdom
13798,110,48347.0,168,75836.87,689.43,2011-12-08 15:51:00,1,United Kingdom
15838,34,64664.0,61,74163.0,2181.26,2011-11-28 14:00:00,11,United Kingdom
17841,211,37558.0,2116,70884.07,335.94,2011-12-08 12:07:00,1,United Kingdom
16754,29,67831.0,38,67502.47,2327.67,2010-12-02 17:38:00,372,United Kingdom
14096,17,16352.0,1119,65164.79,3833.22,2011-12-05 17:17:00,4,United Kingdom
14088,16,15276.0,436,64036.8,4002.3,2011-11-29 16:16:00,10,United Kingdom
16422,109,66369.0,111,63651.47,583.96,2011-11-22 14:00:00,17,United Kingdom
13081,28,41423.0,738,59205.15,2114.47,2011-11-28 10:54:00,11,United Kingdom
16013,84,25952.0,54,57446.44,683.89,2011-12-06 10:36:00,3,United Kingdom
14680,58,27364.0,222,57412.77,989.88,2011-11-14 16:59:00,25,United Kingdom
17389,61,17882.0,63,57224.68,938.11,2011-12-09 09:38:00,0,United Kingdom
17850,155,22785.0,100,56600.08,365.16,2010-12-02 15:27:00,372,United Kingdom
12748,336,39108.0,2286,56599.39,168.45,2011-12-09 12:20:00,0,United Kingdom
13777,61,26742.0,44,56478.42,925.88,2011-12-09 12:25:00,0,United Kingdom
13093,55,26227.0,199,54943.65,998.98,2011-03-09 12:14:00,275,United Kingdom
13408,106,29499.0,321,51733.46,488.05,2011-12-08 09:05:00,1,United Kingdom
17404,23,50679.0,126,47781.12,2077.44,2011-12-05 16:26:00,4,Sweden
13881,43,29760.0,182,45179.1,1050.68,2011-12-06 12:50:00,3,United Kingdom
15749,3,18028.0,5,44534.3,14844.77,2011-04-18 13:20:00,235,United Kingdom
16705,42,22302.0,400,43515.05,1036.07,2011-12-09 12:08:00,0,United Kingdom
14031,44,14507.0,280,40999.17,931.8,2011-12-02 17:13:00,7,United Kingdom
15039,93,18183.0,562,40031.43,430.45,2011-11-30 11:31:00,9,United Kingdom
17381,38,45767.0,50,40002.37,1052.69,2011-12-01 11:59:00,8,United Kingdom
12471,79,16882.0,255,39963.79,505.87,2011-12-07 15:43:00,2,Germany
15098,3,121.0,1,39916.5,13305.5,2011-06-10 15:33:00,182,United Kingdom
16210,35,14263.0,145,38489.51,1099.7,2011-12-08 12:36:00,1,United Kingdom
17675,70,16416.0,345,38259.6,546.57,2011-12-08 18:03:00,1,United Kingdom
17677,54,21936.0,346,36692.91,679.5,2011-12-08 09:56:00,1,United Kingdom
12921,74,21708.0,322,35921.04,485.42,2011-11-30 16:22:00,9,United Kingdom
13767,73,15235.0,117,35540.53,486.86,2011-12-07 15:00:00,2,United Kingdom
12678,21,22372.0,199,34281.18,1632.44,2011-10-28 13:04:00,42,France
15856,52,20432.0,384,34220.34,658.08,2011-12-05 17:09:00,4,United Kingdom
13902,5,220600.0,58,34095.26,6819.05,2010-03-17 13:09:00,632,Denmark
16779,53,19626.0,293,33268.24,627.7,2011-12-07 14:54:00,2,United Kingdom
14258,25,17488.0,97,32051.34,1282.05,2011-11-30 15:27:00,9,United Kingdom
17428,45,17504.0,422,31819.76,707.11,2011-12-09 09:45:00,0,United Kingdom
12709,34,13983.0,189,31093.34,914.51,2011-11-24 15:38:00,15,Germany
12681,45,17596.0,459,30868.28,685.96,2011-11-25 11:33:00,14,France
14606,192,15635.0,1262,30861.06,160.73,2011-12-08 19:28:00,1,United Kingdom
17940,16,85580.0,11,30393.19,1899.57,2011-10-21 13:27:00,49,United Kingdom
13078,57,12183.0,153,29532.45,518.11,2011-12-06 15:36:00,3,United Kingdom
13098,28,15968.0,156,28882.44,1031.52,2011-12-08 14:14:00,1,United Kingdom
17857,24,22060.0,21,28682.24,1195.09,2011-12-05 13:13:00,4,United Kingdom
14527,122,6762.0,607,27792.3,227.81,2011-12-07 12:19:00,2,United Kingdom
15513,35,10831.0,278,27750.55,792.87,2011-11-06 14:36:00,33,United Kingdom
16333,22,32184.0,9,26626.8,1210.31,2011-12-02 12:19:00,7,United Kingdom
17865,46,12985.0,391,26374.39,573.36,2011-11-09 12:08:00,30,United Kingdom
18251,9,39639.0,87,26278.86,2919.87,2011-09-13 15:03:00,87,United Kingdom
13802,19,14129.0,212,26259.11,1382.06,2011-07-24 10:54:00,138,United Kingdom
15498,44,12622.0,597,26039.58,591.81,2011-12-07 12:48:00,2,United Kingdom
12731,17,11641.0,137,25775.71,1516.22,2011-11-16 11:59:00,23,France
14062,24,12799.0,141,25604.2,1066.84,2011-11-30 10:04:00,9,United Kingdom
12744,11,6994.0,245,25317.06,2301.55,2011-10-19 11:18:00,51,Singapore
12939,20,10328.0,24,25264.8,1263.24,2011-10-06 14:33:00,64,United Kingdom
14895,38,10714.0,441,25119.54,661.04,2011-12-02 09:23:00,7,United Kingdom
12621,35,13933.0,344,24775.81,707.88,2011-12-08 11:25:00,1,Germany
16525,48,14630.0,115,24582.64,512.14,2011-12-07 15:07:00,2,United Kingdom
17920,54,12666.0,715,24516.46,454.01,2011-12-05 14:29:00,4,United Kingdom
13001,33,13539.0,300,24172.1,732.49,2011-12-05 14:51:00,4,United Kingdom
14607,22,15585.0,106,24137.63,1097.17,2011-11-24 10:35:00,15,United Kingdom
12682,52,11018.0,327,24033.91,462.19,2011-12-06 10:00:00,3,France
15640,29,12390.0,303,23957.58,826.12,2011-12-05 14:35:00,4,United Kingdom
12482,29,27042.0,42,23691.4,816.94,2010-05-12 16:51:00,576,Sweden
12409,7,13143.0,177,23419.29,3345.61,2011-09-22 10:38:00,78,Switzerland
16133,56,13653.0,303,22992.26,410.58,2011-12-06 11:24:00,3,United Kingdom
14063,9,3850.0,30,22710.2,2523.36,2010-09-27 16:18:00,438,United Kingdom
14051,37,5947.0,82,22434.0,606.32,2011-12-09 10:20:00,0,United Kingdom
17340,18,11210.0,322,22404.82,1244.71,2011-11-10 10:45:00,29,United Kingdom
16839,44,11527.0,132,22310.49,507.06,2011-12-01 09:03:00,8,United Kingdom
12540,33,11019.0,354,22254.49,674.38,2011-11-20 11:31:00,19,Spain
15159,34,13512.0,413,22116.73,650.49,2011-12-08 12:05:00,1,United Kingdom
13340,12,9636.0,190,22100.56,1841.71,2011-10-25 13:15:00,45,United Kingdom
13319,58,9270.0,345,22082.5,380.73,2011-12-04 13:34:00,5,United Kingdom
14667,54,13010.0,578,21927.14,406.06,2011-11-29 11:30:00,10,United Kingdom
12753,6,11421.0,132,21429.39,3571.57,2011-11-17 10:52:00,22,Japan
15615,47,12090.0,292,21373.97,454.77,2011-11-29 14:42:00,10,United Kingdom
17243,69,8198.0,359,20889.86,302.75,2011-12-08 13:26:00,1,United Kingdom
14866,19,9233.0,40,20850.22,1097.38,2011-11-29 11:45:00,10,United Kingdom
17706,31,8049.0,408,20749.98,669.35,2011-12-05 13:34:00,4,United Kingdom
12433,10,17116.0,285,20581.26,2058.13,2011-12-09 10:02:00,0,Norway
15251,21,12108.0,183,20324.54,967.84,2011-11-30 15:02:00,9,United Kingdom
12477,9,6119.0,295,20276.37,2252.93,2011-11-17 09:51:00,22,Germany
18008,23,7830.0,77,19787.13,860.31,2011-09-30 15:17:00,70,United Kingdom
17139,25,9859.0,447,19584.46,783.38,2011-11-24 10:12:00,15,United Kingdom
16843,35,18502.0,317,19571.43,559.18,2011-10-28 09:06:00,42,United Kingdom
17581,43,9972.0,387,18757.75,436.23,2011-12-09 12:21:00,0,United Kingdom
12557,8,6782.0,15,18716.14,2339.52,2011-11-23 16:59:00,16,Spain
14194,36,10037.0,432,18670.59,518.63,2011-12-05 10:38:00,4,United Kingdom
13113,37,4545.0,166,18625.73,503.4,2011-12-09 12:49:00,0,United Kingdom
15808,21,7229.0,348,18409.93,876.66,2011-02-06 14:33:00,306,United Kingdom
17377,78,7589.0,505,18319.41,234.86,2011-11-16 11:17:00,23,United Kingdom
12357,3,6587.0,261,18287.66,6095.89,2011-11-06 16:07:00,33,Switzerland
16746,42,11906.0,390,18066.4,430.15,2011-12-05 12:33:00,4,United Kingdom
12647,36,6878.0,240,17924.35,497.9,2011-11-17 12:56:00,22,Germany
12472,19,11350.0,397,17880.59,941.08,2011-11-07 14:01:00,32,Germany
15078,53,8990.0,118,17761.88,335.13,2011-12-02 15:41:00,7,United Kingdom
12901,28,23075.0,30,17654.54,630.52,2011-12-01 10:07:00,8,United Kingdom
14952,32,6977.0,240,17629.35,550.92,2011-10-11 10:33:00,59,United Kingdom
16652,16,7477.0,124,17550.39,1096.9,2011-10-12 09:38:00,58,United Kingdom
15189,46,6902.0,90,17524.38,380.96,2011-12-08 13:22:00,1,United Kingdom
18172,52,7413.0,176,17479.84,336.15,2011-11-25 11:12:00,14,United Kingdom
16019,27,6976.0,256,17465.85,646.88,2011-10-24 11:51:00,46,United Kingdom
15523,16,15873.0,65,17359.99,1085.0,2011-09-16 16:29:00,84,United Kingdom
13027,19,43080.0,7,17335.2,912.38,2011-08-18 09:39:00,113,United Kingdom
17416,22,8769.0,324,17298.45,786.29,2011-11-10 12:47:00,29,United Kingdom
13564,37,9251.0,484,17249.55,466.2,2011-07-18 14:33:00,144,United Kingdom
17735,26,10901.0,391,17244.93,663.27,2011-12-07 16:47:00,2,United Kingdom
14277,9,89814.0,334,17225.81,1913.98,2011-11-24 15:01:00,15,France
15358,42,15378.0,359,17050.41,405.96,2011-12-05 09:04:00,4,United Kingdom
15125,24,8433.0,151,17024.87,709.37,2011-11-14 13:57:00,25,United Kingdom
16656,30,15433.0,22,16833.17,561.11,2011-11-17 14:43:00,22,United Kingdom
12454,5,7703.0,24,16679.78,3335.96,2011-10-14 17:13:00,56,Spain
16553,33,16475.0,195,16644.01,504.36,2011-06-29 15:42:00,163,United Kingdom
13199,67,12019.0,61,16432.89,245.27,2011-12-06 12:30:00,3,United Kingdom
14961,22,8372.0,328,16410.15,745.92,2011-11-29 09:42:00,10,United Kingdom
13225,16,7401.0,60,16260.07,1016.25,2011-12-06 13:29:00,3,United Kingdom
16180,13,9813.0,171,16249.87,1249.99,2011-08-31 16:28:00,100,United Kingdom
12980,21,1910.0,7,16245.78,773.61,2011-07-05 09:34:00,157,United Kingdom
15044,35,5279.0,344,16204.33,462.98,2011-11-20 13:20:00,19,United Kingdom
14733,15,6491.0,140,16184.97,1079.0,2011-11-23 15:39:00,16,United Kingdom
18092,18,8830.0,42,16179.44,898.86,2011-12-07 13:14:00,2,United Kingdom
17107,10,7544.0,377,16075.42,1607.54,2011-11-06 14:14:00,33,United Kingdom
12971,116,14587.0,102,15972.79,137.7,2011-12-06 12:20:00,3,United Kingdom
17716,24,8819.0,334,15956.97,664.87,2011-11-17 12:00:00,22,United Kingdom
14769,17,11255.0,834,15771.88,927.76,2011-12-07 10:24:00,2,United Kingdom
14849,43,12026.0,279,15763.45,366.59,2011-11-18 10:58:00,21,United Kingdom
16191,24,9360.0,113,15688.02,653.67,2011-12-07 11:26:00,2,United Kingdom
15768,34,4259.0,437,15601.09,458.86,2011-08-16 10:48:00,115,United Kingdom
13488,23,7891.0,370,15587.88,677.73,2011-11-22 14:41:00,17,United Kingdom
12949,22,8233.0,347,15526.7,705.76,2011-11-09 11:25:00,30,United Kingdom
15601,30,11061.0,310,14960.12,498.67,2011-11-28 15:15:00,11,United Kingdom
14543,39,2697.0,106,14906.77,382.22,2011-11-11 12:45:00,28,United Kingdom
18087,17,7775.0,44,14761.52,868.32,2011-09-02 15:12:00,98,United Kingdom
16126,15,6142.0,144,14646.8,976.45,2011-11-10 16:03:00,29,United Kingdom
17133,12,10107.0,22,14622.33,1218.53,2011-11-24 12:27:00,15,United Kingdom
16873,12,8601.0,252,14617.39,1218.12,2011-12-05 12:05:00,4,United Kingdom
15482,19,6532.0,74,14592.56,768.03,2011-11-24 10:46:00,15,United Kingdom
16713,32,8683.0,541,14560.69,455.02,2011-11-21 12:36:00,18,United Kingdom
17448,46,11548.0,569,14556.97,316.46,2010-07-30 14:07:00,497,United Kingdom
14299,27,8228.0,164,14499.49,537.02,2011-12-01 16:05:00,8,United Kingdom
12583,27,8984.0,141,14447.44,535.09,2011-12-07 08:07:00,2,France
15093,23,11657.0,104,14326.11,622.87,2011-11-21 13:09:00,18,United Kingdom
12476,23,5645.0,358,14115.41,613.71,2011-11-24 12:40:00,15,Germany
17017,29,10591.0,120,14110.61,486.57,2011-12-07 09:32:00,2,United Kingdom
15005,56,8856.0,591,14106.2,251.9,2011-11-24 12:25:00,15,United Kingdom
13090,24,3445.0,163,14103.09,587.63,2011-12-01 12:39:00,8,United Kingdom
12714,12,8774.0,436,14093.71,1174.48,2011-11-30 15:43:00,9,France
13178,21,8778.0,194,14059.19,669.49,2011-11-13 16:14:00,26,United Kingdom
17589,18,8788.0,601,14049.87,780.55,2011-10-10 16:58:00,60,United Kingdom
18223,26,6644.0,192,14000.85,538.49,2011-12-05 09:11:00,4,United Kingdom
15502,14,5861.0,231,13993.47,999.53,2011-11-24 12:48:00,15,United Kingdom
12435,6,4958.0,88,13925.93,2320.99,2011-09-21 09:06:00,79,Denmark
15760,2,2.0,1,13916.34,6958.17,2010-03-19 11:45:00,630,Norway
16558,38,8088.0,383,13873.51,365.09,2011-12-09 10:20:00,0,United Kingdom
15291,40,5017.0,116,13846.56,346.16,2011-11-14 11:02:00,25,United Kingdom
15032,8,8259.0,39,13780.65,1722.58,2011-03-28 15:03:00,256,United Kingdom
15382,12,9178.0,315,13733.55,1144.46,2011-11-25 10:58:00,14,United Kingdom
12567,15,6086.0,365,13709.86,913.99,2011-11-17 11:02:00,22,France
12989,33,6935.0,50,13551.75,410.66,2011-12-06 15:28:00,3,United Kingdom
13468,72,5824.0,290,13390.51,185.98,2011-12-08 10:39:00,1,United Kingdom
13097,28,5396.0,390,13389.22,478.19,2011-11-07 10:43:00,32,United Kingdom
16923,32,6269.0,431,13378.36,418.07,2011-11-27 13:00:00,12,United Kingdom
15738,41,9285.0,70,13372.97,326.17,2011-11-21 08:26:00,18,United Kingdom
13629,19,7722.0,28,13370.86,703.73,2011-11-16 13:21:00,23,United Kingdom
13969,35,6817.0,472,13365.87,381.88,2011-12-02 15:11:00,7,United Kingdom
14049,13,8609.0,573,13239.03,1018.39,2011-11-23 12:20:00,16,United Kingdom
13316,10,21372.0,115,13191.57,1319.16,2011-11-02 13:40:00,37,United Kingdom
16549,34,7278.0,836,13182.19,387.71,2011-11-29 15:06:00,10,United Kingdom
13668,35,6133.0,411,13089.94,374.0,2011-12-07 12:11:00,2,United Kingdom
18225,26,7304.0,266,13054.26,502.09,2011-12-06 13:27:00,3,United Kingdom
14110,33,5825.0,177,12987.95,393.57,2011-12-06 12:26:00,3,United Kingdom
16161,43,6380.0,458,12831.8,298.41,2011-12-08 12:10:00,1,United Kingdom
13952,14,5947.0,238,12823.52,915.97,2011-05-06 09:00:00,217,United Kingdom
17858,30,5483.0,173,12797.65,426.59,2011-12-04 11:56:00,5,United Kingdom
12683,21,7683.0,236,12696.78,604.61,2011-12-05 16:31:00,4,France
12437,39,8000.0,273,12683.4,325.22,2011-12-08 11:35:00,1,France
12451,8,9359.0,352,12669.88,1583.74,2011-11-29 08:40:00,10,Switzerland
15465,32,2769.0,94,12655.65,395.49,2011-11-20 10:11:00,19,United Kingdom
14040,35,5044.0,335,12645.57,361.3,2011-10-30 12:42:00,40,United Kingdom
13013,29,6463.0,289,12625.77,435.37,2011-12-08 15:01:00,1,United Kingdom
12536,3,2803.0,260,12601.83,4200.61,2011-10-27 14:20:00,43,France
16814,36,5066.0,247,12499.71,347.21,2011-11-25 13:27:00,14,United Kingdom
15194,28,9169.0,274,12427.69,443.85,2011-12-06 15:10:00,3,United Kingdom
12474,31,7954.0,369,12424.45,400.79,2011-11-22 14:39:00,17,Germany
14936,12,6274.0,267,12410.81,1034.23,2011-11-06 10:30:00,33,Channel Islands
16000,3,5110.0,9,12393.7,4131.23,2011-12-07 12:17:00,2,United Kingdom
12481,15,7253.0,248,12361.39,824.09,2011-11-17 08:29:00,22,Germany
13050,35,7206.0,513,12344.53,352.7,2011-11-25 09:18:00,14,United Kingdom
14739,25,10172.0,129,12287.5,491.5,2011-12-05 16:54:00,4,United Kingdom
13854,39,3710.0,61,12253.96,314.2,2011-12-01 09:06:00,8,United Kingdom
14735,56,4513.0,198,12240.16,218.57,2011-12-06 12:09:00,3,United Kingdom
13418,31,7606.0,328,12233.6,394.63,2011-11-28 10:23:00,11,United Kingdom
15023,20,5052.0,486,12170.68,608.53,2011-12-06 17:23:00,3,United Kingdom
15144,29,5251.0,199,12160.31,419.32,2011-12-01 15:12:00,8,United Kingdom
17338,17,5879.0,590,12142.57,714.27,2011-11-22 14:23:00,17,United Kingdom
15555,36,9037.0,667,12112.35,336.45,2011-11-27 16:19:00,12,United Kingdom
14415,23,6304.0,445,12091.6,525.72,2011-12-08 14:38:00,1,United Kingdom
17364,28,7513.0,513,12070.42,431.09,2011-12-09 09:00:00,0,United Kingdom
14505,19,5383.0,898,12001.84,631.68,2011-11-22 15:45:00,17,United Kingdom
17044,12,5722.0,92,11962.3,996.86,2011-11-14 14:28:00,25,United Kingdom
13458,16,6760.0,290,11959.27,747.45,2011-12-02 15:29:00,7,United Kingdom
16258,15,7200.0,253,11942.52,796.17,2011-10-25 13:30:00,45,United Kingdom
16523,28,4979.0,180,11916.33,425.58,2011-12-08 09:06:00,1,United Kingdom
13687,1,87167.0,45,11880.84,11880.84,2010-09-27 16:30:00,438,United Kingdom
18226,26,7883.0,299,11878.88,456.88,2011-10-26 13:36:00,44,United Kingdom
12705,14,7188.0,320,11762.1,840.15,2011-11-24 13:17:00,15,Germany
14426,17,7023.0,452,11727.94,689.88,2011-11-16 12:25:00,23,United Kingdom
13102,37,6576.0,212,11696.92,316.13,2011-12-08 12:52:00,1,United Kingdom
13004,36,8768.0,417,11650.85,323.63,2011-11-28 11:27:00,11,United Kingdom
13576,28,4614.0,145,11551.74,412.56,2011-11-29 15:34:00,10,United Kingdom
15218,22,6553.0,139,11516.57,523.48,2011-11-29 11:48:00,10,United Kingdom
12668,10,5076.0,263,11444.68,1144.47,2011-11-28 10:56:00,11,Germany
13680,12,5252.0,354,11435.67,952.97,2011-12-08 13:47:00,1,United Kingdom
14016,11,5722.0,354,11403.41,1036.67,2011-07-01 11:29:00,161,EIRE
17809,20,3353.0,59,11337.39,566.87,2011-11-23 12:59:00,16,United Kingdom
14045,16,4587.0,16,11313.03,707.06,2011-08-22 15:27:00,109,United Kingdom
15874,21,5102.0,262,11284.76,537.37,2011-10-07 12:31:00,63,United Kingdom
12539,7,4535.0,276,11214.75,1602.11,2011-11-17 13:30:00,22,Spain
18055,14,3839.0,320,11195.57,799.68,2011-12-02 14:25:00,7,United Kingdom
12524,17,7178.0,157,11126.11,654.48,2011-11-30 15:31:00,9,Germany
14134,15,5814.0,130,11123.35,741.56,2010-11-22 12:26:00,382,United Kingdom
13941,15,5426.0,42,11122.3,741.49,2011-11-18 09:43:00,21,United Kingdom
12918,1,1.0,1,10953.5,10953.5,2010-03-23 15:22:00,626,United Kingdom
16985,23,3103.0,130,10923.16,474.92,2011-11-22 13:33:00,17,United Kingdom
14796,27,7653.0,487,10889.64,403.32,2011-12-08 15:31:00,1,United Kingdom
18052,1,17766.0,16,10877.18,10877.18,2010-05-24 11:11:00,564,United Kingdom
12431,27,4717.0,244,10857.97,402.15,2011-11-04 11:55:00,35,Belgium
16033,27,4288.0,605,10836.13,401.34,2011-12-04 12:44:00,5,United Kingdom
15694,24,2658.0,55,10810.81,450.45,2011-12-09 09:44:00,0,United Kingdom
18229,28,3183.0,73,10803.71,385.85,2011-11-28 09:48:00,11,United Kingdom
16984,9,5330.0,669,10754.8,1194.98,2011-09-12 13:43:00,88,United Kingdom
16327,16,8540.0,289,10731.34,670.71,2011-11-25 13:23:00,14,United Kingdom
16168,66,5099.0,131,10636.47,161.16,2011-11-29 12:45:00,10,United Kingdom
13324,18,8448.0,36,10513.47,584.08,2011-11-03 16:28:00,36,United Kingdom
15290,26,6567.0,106,10496.28,403.7,2011-12-05 11:39:00,4,United Kingdom
16782,38,4285.0,575,10438.41,274.7,2011-11-29 13:20:00,10,United Kingdom
14028,3,7170.0,3,10396.5,3465.5,2010-06-07 13:33:00,550,United Kingdom
15296,12,5464.0,342,10342.83,861.9,2011-10-20 11:47:00,50,United Kingdom
14422,19,6067.0,317,10271.52,540.61,2011-12-09 11:26:00,0,United Kingdom
15719,31,5368.0,449,10223.06,329.78,2011-11-07 12:29:00,32,United Kingdom
17160,17,8390.0,215,10209.16,600.54,2011-11-08 14:05:00,31,United Kingdom
15805,30,6225.0,337,10189.23,339.64,2011-11-16 16:32:00,23,United Kingdom
13599,33,6494.0,235,10167.63,308.11,2011-12-08 16:10:00,1,United Kingdom
15547,26,7362.0,652,10154.39,390.55,2011-12-02 12:52:00,7,United Kingdom
14085,33,6564.0,479,10104.97,306.21,2011-12-07 13:46:00,2,United Kingdom
12839,26,6849.0,156,10071.73,387.37,2011-12-07 12:33:00,2,United Kingdom
12766,9,5446.0,253,10068.28,1118.7,2011-12-06 08:46:00,3,Portugal
13985,22,4936.0,149,10020.86,455.49,2011-12-05 17:06:00,4,United Kingdom
16353,38,3531.0,76,9999.46,263.14,2011-12-06 12:23:00,3,United Kingdom
14755,25,4401.0,219,9972.55,398.9,2011-11-30 11:24:00,9,United Kingdom
16182,9,5887.0,20,9971.65,1107.96,2011-09-28 13:23:00,72,United Kingdom
18260,23,5247.0,212,9962.11,433.14,2011-06-20 12:37:00,172,United Kingdom
14101,13,10542.0,19,9961.93,766.3,2011-09-27 12:28:00,73,United Kingdom
16131,12,4768.0,131,9957.42,829.79,2011-10-19 11:53:00,51,United Kingdom
17049,19,4276.0,316,9947.48,523.55,2011-12-07 10:48:00,2,United Kingdom
14329,15,5921.0,349,9927.22,661.81,2011-11-22 15:50:00,17,United Kingdom
17230,18,3903.0,141,9924.95,551.39,2011-03-20 16:12:00,264,United Kingdom
16701,26,11046.0,154,9916.73,381.41,2011-12-01 11:10:00,8,United Kingdom
12758,7,6155.0,187,9903.24,1414.75,2011-08-15 10:22:00,116,Portugal
18109,38,4885.0,203,9893.96,260.37,2011-12-08 11:36:00,1,United Kingdom
13327,20,4479.0,175,9879.48,493.97,2011-11-01 10:21:00,38,United Kingdom
12590,2,4283.0,68,9864.26,4932.13,2011-05-12 14:52:00,211,Germany
14828,13,9718.0,72,9839.46,756.88,2011-05-27 10:16:00,196,United Kingdom
12490,21,5906.0,195,9823.64,467.79,2011-12-04 16:07:00,5,France
13735,13,4158.0,362,9813.22,754.86,2011-11-15 11:14:00,24,United Kingdom
14944,19,4864.0,184,9784.67,514.98,2011-11-10 09:10:00,29,United Kingdom
17306,21,13747.0,17,9782.35,465.83,2011-11-29 12:14:00,10,United Kingdom
13018,35,6746.0,401,9763.16,278.95,2011-11-23 13:28:00,16,United Kingdom
13267,36,4104.0,152,9758.26,271.06,2011-12-07 11:12:00,2,United Kingdom
13069,38,15404.0,573,9683.13,254.82,2011-12-09 08:39:00,0,United Kingdom
12380,11,3355.0,156,9676.3,879.66,2011-11-18 11:27:00,21,Belgium
17315,43,5124.0,385,9650.6,224.43,2011-12-08 12:15:00,1,United Kingdom
14135,24,9355.0,138,9643.92,401.83,2011-12-08 11:38:00,1,United Kingdom
17811,47,5327.0,538,9609.8,204.46,2011-12-05 13:46:00,4,United Kingdom
17504,18,5517.0,244,9565.12,531.4,2011-05-17 12:59:00,206,United Kingdom
14091,2,3316.0,13,9530.08,4765.04,2010-02-23 15:17:00,654,United Kingdom
14060,30,8119.0,100,9519.08,317.3,2011-12-05 12:29:00,4,United Kingdom
13999,29,5043.0,174,9502.26,327.66,2011-11-29 13:40:00,10,United Kingdom
13174,12,4541.0,602,9494.84,791.24,2011-11-23 14:35:00,16,United Kingdom
15298,23,6286.0,199,9459.37,411.28,2011-12-07 17:17:00,2,United Kingdom
14146,12,5780.0,337,9450.3,787.53,2011-12-01 10:18:00,8,United Kingdom
15727,15,5942.0,426,9445.51,629.7,2011-11-23 12:36:00,16,United Kingdom
14439,5,2244.0,105,9443.04,1888.61,2011-01-24 11:39:00,319,Greece
16550,18,5727.0,274,9435.13,524.17,2011-08-23 11:12:00,108,United Kingdom
17757,56,5163.0,362,9422.45,168.26,2011-12-08 15:31:00,1,United Kingdom
13758,15,5068.0,213,9416.98,627.8,2011-11-28 11:11:00,11,United Kingdom
15981,21,4827.0,151,9362.77,445.85,2011-11-15 08:00:00,24,United Kingdom
15570,25,4279.0,442,9311.04,372.44,2011-12-02 14:47:00,7,United Kingdom
12747,26,2758.0,85,9276.54,356.79,2011-12-07 14:34:00,2,United Kingdom
13162,16,5755.0,186,9275.49,579.72,2011-08-09 15:59:00,122,United Kingdom
15249,18,4980.0,304,9266.0,514.78,2011-11-08 11:45:00,31,United Kingdom
14367,16,4438.0,270,9261.52,578.85,2011-12-01 13:19:00,8,United Kingdom
13448,13,4404.0,321,9240.87,710.84,2011-11-23 12:33:00,16,United Kingdom
14292,16,3429.0,120,9226.25,576.64,2011-12-02 11:50:00,7,United Kingdom
13756,23,5441.0,142,9207.5,400.33,2011-12-07 16:44:00,2,United Kingdom
15260,25,4722.0,186,9188.23,367.53,2011-08-31 13:55:00,100,United Kingdom
16700,25,6882.0,263,9167.71,366.71,2011-12-01 11:00:00,8,United Kingdom
17068,47,4435.0,250,9161.08,194.92,2011-11-27 13:14:00,12,United Kingdom
16709,14,3276.0,220,9087.46,649.1,2011-09-16 10:56:00,84,United Kingdom
15867,31,5139.0,547,9063.95,292.39,2011-12-04 13:32:00,5,United Kingdom
15939,16,6260.0,52,9060.39,566.27,2011-09-11 11:30:00,89,United Kingdom
17576,41,4740.0,417,9056.81,220.9,2011-12-01 17:56:00,8,United Kingdom
12755,11,3781.0,34,9030.66,820.97,2011-03-04 12:42:00,280,Japan
16186,26,6825.0,172,9026.11,347.16,2011-11-17 12:43:00,22,United Kingdom
15150,13,6183.0,495,9001.08,692.39,2011-11-22 12:52:00,17,United Kingdom
13555,13,4827.0,264,8999.19,692.25,2011-09-27 12:36:00,73,United Kingdom
16722,22,8580.0,145,8989.08,408.59,2011-11-22 13:28:00,17,United Kingdom
15903,12,3926.0,58,8939.84,744.99,2011-11-30 08:08:00,9,United Kingdom
12359,10,2752.0,305,8935.94,893.59,2011-10-13 12:47:00,57,Cyprus
13269,28,6564.0,238,8891.7,317.56,2011-12-08 14:53:00,1,United Kingdom
14709,25,4141.0,105,8886.33,355.45,2011-11-24 15:41:00,15,United Kingdom
17396,14,2419.0,29,8807.1,629.08,2011-10-31 14:12:00,39,United Kingdom
13047,24,3429.0,190,8795.16,366.47,2011-11-08 12:06:00,31,United Kingdom
15984,30,6084.0,458,8759.32,291.98,2011-12-07 12:16:00,2,United Kingdom
16532,5,2544.0,2,8756.64,1751.33,2011-11-22 11:08:00,17,United Kingdom
18041,38,7859.0,464,8752.38,230.33,2011-11-28 11:39:00,11,United Kingdom
12957,13,4686.0,402,8706.97,669.77,2011-11-30 09:53:00,9,United Kingdom
13263,39,5390.0,507,8704.69,223.2,2011-12-08 13:59:00,1,United Kingdom
15955,22,4213.0,222,8658.36,393.56,2011-11-15 14:15:00,24,United Kingdom
15497,9,2937.0,66,8657.39,961.93,2011-11-22 11:51:00,17,United Kingdom
13148,26,4571.0,451,8621.81,331.61,2011-11-10 15:23:00,29,United Kingdom
16945,33,5889.0,231,8548.16,259.04,2011-11-18 11:39:00,21,United Kingdom
15281,16,5233.0,427,8543.57,533.97,2011-10-12 09:10:00,58,United Kingdom
15270,21,4010.0,66,8524.86,405.95,2011-11-24 09:24:00,15,United Kingdom
15786,5,5981.0,358,8514.82,1702.96,2011-10-24 14:13:00,46,United Kingdom
12798,4,8455.0,27,8510.93,2127.73,2011-11-29 15:52:00,10,Japan
13209,13,5781.0,284,8509.51,654.58,2011-11-09 13:54:00,30,United Kingdom
13715,17,4934.0,277,8483.29,499.02,2011-03-03 19:21:00,281,United Kingdom
14286,7,8795.0,270,8479.76,1211.39,2011-11-16 10:34:00,23,United Kingdom
18139,6,5557.0,35,8438.34,1406.39,2011-11-22 10:44:00,17,United Kingdom
14160,7,4661.0,80,8421.47,1203.07,2010-04-08 14:30:00,610,United Kingdom
14057,22,6485.0,244,8408.84,382.22,2011-11-16 10:32:00,23,United Kingdom
13206,13,7155.0,393,8377.32,644.41,2010-11-04 16:50:00,400,United Kingdom
17611,28,5356.0,722,8371.98,299.0,2011-12-02 13:29:00,7,United Kingdom
14676,12,8792.0,77,8356.79,696.4,2011-11-08 13:29:00,31,United Kingdom
12643,12,4785.0,14,8350.42,695.87,2011-08-03 12:56:00,128,France
12637,12,4284.0,295,8340.31,695.03,2011-10-03 13:46:00,67,France
15034,14,4788.0,416,8313.4,593.81,2011-11-24 12:11:00,15,United Kingdom
15998,16,5372.0,682,8308.34,519.27,2011-11-03 12:45:00,36,United Kingdom
17686,9,3583.0,283,8296.81,921.87,2011-12-02 15:39:00,7,United Kingdom
14030,20,4350.0,591,8262.29,413.11,2011-11-21 16:48:00,18,United Kingdom
12720,30,6317.0,262,8260.67,275.36,2011-12-07 08:03:00,2,Germany
14525,17,5235.0,340,8240.64,484.74,2011-11-20 11:37:00,19,United Kingdom
17365,15,8056.0,395,8224.98,548.33,2011-11-27 12:13:00,12,United Kingdom
13381,12,5125.0,154,8224.37,685.36,2011-11-08 11:58:00,31,United Kingdom
14056,23,4273.0,320,8214.65,357.16,2011-12-08 13:36:00,1,United Kingdom
14395,20,4072.0,320,8208.01,410.4,2011-12-07 14:34:00,2,United Kingdom
13139,8,4614.0,214,8202.98,1025.37,2011-11-23 13:54:00,16,United Kingdom
13426,22,4868.0,162,8167.38,371.24,2011-12-09 08:59:00,0,United Kingdom
15544,20,7019.0,175,8162.43,408.12,2011-11-30 16:43:00,9,United Kingdom
16672,20,2832.0,22,8134.94,406.75,2011-12-07 16:29:00,2,United Kingdom
13869,10,4358.0,502,8111.57,811.16,2011-08-08 13:53:00,123,United Kingdom
17593,11,5607.0,311,8095.8,735.98,2011-12-06 10:30:00,3,United Kingdom
17426,13,5187.0,248,8077.77,621.37,2011-12-01 18:07:00,8,United Kingdom
16767,15,7121.0,209,8073.8,538.25,2011-11-09 09:42:00,30,United Kingdom
16670,20,4534.0,258,8030.15,401.51,2011-11-23 09:34:00,16,United Kingdom
16556,17,4353.0,280,8012.58,471.33,2011-10-04 11:36:00,66,United Kingdom
15299,10,5453.0,9,7991.54,799.15,2011-10-03 14:19:00,67,United Kingdom
12428,9,3536.0,258,7956.46,884.05,2011-11-14 08:22:00,25,Finland
14159,20,6593.0,706,7938.01,396.9,2011-11-20 12:36:00,19,United Kingdom
16303,7,3859.0,156,7928.27,1132.61,2011-11-14 10:49:00,25,United Kingdom
12867,13,7939.0,365,7913.29,608.71,2011-11-13 15:30:00,26,United Kingdom
14291,23,6146.0,241,7904.1,343.66,2011-12-08 10:26:00,1,United Kingdom
17085,28,3603.0,411,7891.41,281.84,2011-08-08 14:15:00,123,United Kingdom
13871,17,3502.0,183,7885.85,463.87,2011-11-17 10:49:00,22,United Kingdom
12757,13,2402.0,237,7857.1,604.39,2011-11-24 12:30:00,15,Portugal
15622,17,4091.0,331,7852.61,461.92,2011-10-27 16:44:00,43,United Kingdom
14282,25,5478.0,100,7849.66,313.99,2011-12-06 17:04:00,3,United Kingdom
15046,25,4701.0,248,7812.39,312.5,2011-11-30 15:50:00,9,United Kingdom
17091,19,3845.0,242,7811.1,411.11,2011-12-07 10:43:00,2,United Kingdom
16592,28,5504.0,221,7807.91,278.85,2011-12-05 13:49:00,4,United Kingdom
15581,38,3146.0,542,7794.59,205.12,2011-08-11 09:38:00,120,United Kingdom
17409,10,4089.0,50,7793.51,779.35,2011-06-08 10:36:00,184,United Kingdom
17238,32,3720.0,486,7783.1,243.22,2011-12-07 11:35:00,2,United Kingdom
14800,17,6967.0,337,7774.32,457.31,2011-10-23 12:46:00,47,United Kingdom
17730,20,5300.0,177,7773.8,388.69,2011-12-06 15:43:00,3,United Kingdom
17739,18,2335.0,56,7730.59,429.48,2011-11-28 09:12:00,11,United Kingdom
13534,35,3869.0,163,7720.9,220.6,2011-12-07 14:52:00,2,United Kingdom
14688,28,5580.0,197,7713.57,275.48,2011-12-02 12:26:00,7,United Kingdom
13137,16,4294.0,628,7712.7,482.04,2011-11-29 12:09:00,10,United Kingdom
17696,27,5891.0,191,7679.59,284.43,2011-11-01 13:43:00,38,United Kingdom
14175,8,3009.0,237,7678.88,959.86,2011-10-11 11:55:00,59,United Kingdom
13141,17,5169.0,285,7668.58,451.09,2011-09-16 09:54:00,84,United Kingdom
15301,17,4290.0,231,7603.44,447.26,2011-10-20 09:57:00,50,United Kingdom
14145,7,1655.0,11,7600.05,1085.72,2011-10-24 12:10:00,46,United Kingdom
13709,18,4130.0,296,7591.75,421.76,2011-12-06 10:28:00,3,United Kingdom
13373,6,4263.0,292,7587.19,1264.53,2011-10-10 10:51:00,60,United Kingdom
12841,40,5414.0,307,7540.68,188.52,2011-12-05 11:13:00,4,United Kingdom
15179,13,5416.0,225,7491.92,576.3,2011-11-21 12:53:00,18,United Kingdom
12429,8,3344.0,124,7485.91,935.74,2011-11-30 17:22:00,9,Denmark
13815,8,5381.0,203,7475.74,934.47,2011-11-17 14:19:00,22,Germany
16242,14,3955.0,348,7474.4,533.89,2011-12-01 15:12:00,8,United Kingdom
17602,14,5936.0,450,7451.13,532.22,2011-12-07 13:53:00,2,United Kingdom
17690,20,3126.0,237,7448.1,372.41,2011-11-09 15:17:00,30,United Kingdom
16570,20,4292.0,114,7434.31,371.72,2011-11-24 17:02:00,15,United Kingdom
14243,17,3687.0,235,7431.05,437.12,2011-12-01 11:12:00,8,United Kingdom
13082,21,8466.0,99,7335.75,349.32,2011-08-05 16:16:00,126,United Kingdom
16253,7,6061.0,218,7310.15,1044.31,2011-10-04 09:09:00,66,United Kingdom
17965,29,4525.0,588,7240.98,249.69,2011-11-02 09:31:00,37,United Kingdom
16729,21,5783.0,234,7239.92,344.76,2011-11-01 14:29:00,38,United Kingdom
14092,24,3606.0,169,7229.45,301.23,2011-12-02 12:13:00,7,United Kingdom
17231,25,3738.0,509,7197.04,287.88,2011-11-27 15:18:00,12,United Kingdom
16745,17,6735.0,148,7194.3,423.19,2011-09-14 11:58:00,86,United Kingdom
12712,21,2349.0,126,7193.66,342.56,2011-11-11 08:19:00,28,Germany
13451,11,5268.0,561,7190.92,653.72,2011-11-13 15:58:00,26,United Kingdom
15950,10,3384.0,225,7180.71,718.07,2011-11-08 11:09:00,31,United Kingdom
14841,14,4164.0,196,7163.0,511.64,2011-10-17 15:03:00,53,United Kingdom
13983,21,4157.0,238,7108.45,338.5,2011-11-10 11:06:00,29,United Kingdom
15521,16,4516.0,186,7106.69,444.17,2011-10-30 13:42:00,40,United Kingdom
17769,17,3176.0,330,7103.08,417.83,2011-11-27 11:18:00,12,United Kingdom
14113,16,3439.0,76,7092.61,443.29,2011-12-06 12:18:00,3,United Kingdom
16938,9,5084.0,547,7043.18,782.58,2011-12-01 10:20:00,8,United Kingdom
13183,15,4027.0,64,7036.18,469.08,2011-12-02 10:30:00,7,United Kingdom
17975,24,2271.0,243,7028.83,292.87,2011-11-24 13:27:00,15,United Kingdom
13831,18,2557.0,121,7023.58,390.2,2011-11-23 15:41:00,16,United Kingdom
12662,20,3581.0,163,6988.02,349.4,2011-12-09 11:59:00,0,Germany
16717,14,3226.0,274,6986.23,499.02,2011-11-16 12:16:00,23,United Kingdom
13552,22,2654.0,162,6978.92,317.22,2011-10-04 15:19:00,66,United Kingdom
15674,13,3648.0,262,6948.23,534.48,2011-09-27 15:17:00,73,United Kingdom
16265,12,3214.0,192,6935.17,577.93,2011-11-30 16:41:00,9,United Kingdom
16187,15,5048.0,160,6911.44,460.76,2011-11-08 09:50:00,31,United Kingdom
13520,11,3289.0,81,6909.4,628.13,2011-10-12 10:20:00,58,Switzerland
12749,9,2360.0,260,6897.36,766.37,2011-12-06 09:56:00,3,United Kingdom
18231,28,2923.0,218,6880.97,245.75,2011-05-31 14:18:00,192,United Kingdom
16170,20,6056.0,254,6869.0,343.45,2011-10-20 08:21:00,50,United Kingdom
16456,13,3725.0,226,6862.91,527.92,2011-09-01 13:50:00,99,United Kingdom
15129,23,4002.0,86,6860.18,298.27,2011-10-20 14:40:00,50,United Kingdom
16401,23,6035.0,110,6849.15,297.79,2011-12-08 18:15:00,1,United Kingdom
12613,10,4163.0,218,6835.07,683.51,2011-10-13 14:59:00,57,Germany
12417,20,2890.0,270,6816.91,340.85,2011-12-06 14:52:00,3,Belgium
12830,6,9848.0,13,6814.64,1135.77,2011-11-02 11:54:00,37,United Kingdom
16145,19,5270.0,217,6805.44,358.18,2011-12-01 10:33:00,8,United Kingdom
15413,5,2694.0,20,6798.72,1359.74,2010-01-17 11:33:00,691,United Kingdom
15750,18,4593.0,389,6797.19,377.62,2011-12-07 12:34:00,2,United Kingdom
14401,22,6401.0,171,6795.9,308.9,2011-12-05 13:30:00,4,United Kingdom
13993,19,2135.0,110,6775.71,356.62,2011-10-28 09:06:00,42,United Kingdom
14702,29,3073.0,338,6754.22,232.9,2011-12-08 19:29:00,1,United Kingdom
18118,29,3417.0,444,6733.22,232.18,2011-11-29 11:32:00,10,United Kingdom
14562,26,2604.0,245,6729.4,258.82,2011-12-06 11:05:00,3,United Kingdom
17838,13,4149.0,141,6722.9,517.15,2011-11-13 11:20:00,26,United Kingdom
12779,14,3641.0,142,6722.27,480.16,2011-11-02 11:43:00,37,Poland
14461,13,3027.0,515,6713.5,516.42,2011-07-14 17:11:00,148,United Kingdom
15321,12,3653.0,242,6709.73,559.14,2011-09-30 09:40:00,70,United Kingdom
14844,10,4369.0,158,6702.43,670.24,2011-10-07 10:41:00,63,United Kingdom
13734,4,303.0,24,6701.64,1675.41,2010-07-19 12:04:00,508,United Kingdom
14388,16,4360.0,184,6701.0,418.81,2011-11-29 13:32:00,10,United Kingdom
12913,13,3232.0,52,6700.86,515.45,2011-12-05 12:11:00,4,United Kingdom
16497,23,3050.0,239,6695.28,291.1,2011-10-21 10:55:00,49,United Kingdom
13384,11,4142.0,192,6680.83,607.35,2011-11-09 11:04:00,30,United Kingdom
17700,14,3469.0,259,6679.97,477.14,2011-11-23 11:51:00,16,United Kingdom
17001,19,3782.0,108,6640.8,349.52,2011-12-09 09:38:00,0,United Kingdom
13953,12,5224.0,8,6640.68,553.39,2011-12-02 16:04:00,7,United Kingdom
14440,13,1755.0,63,6638.73,510.67,2011-12-01 15:42:00,8,United Kingdom
13394,19,5354.0,254,6621.7,348.51,2011-12-08 11:36:00,1,United Kingdom
12626,9,3453.0,232,6620.48,735.61,2011-11-16 16:06:00,23,Germany
17819,12,1849.0,66,6612.52,551.04,2011-09-29 10:52:00,71,United Kingdom
15514,18,4246.0,171,6598.55,366.59,2011-11-27 14:40:00,12,United Kingdom
15980,7,4862.0,101,6593.68,941.95,2011-09-12 09:41:00,88,United Kingdom
12843,30,3031.0,130,6588.41,219.61,2011-10-05 12:09:00,65,United Kingdom
13015,11,3535.0,260,6586.42,598.77,2011-10-17 13:19:00,53,United Kingdom
12836,15,2236.0,280,6585.62,439.04,2011-10-11 15:10:00,59,United Kingdom
13883,15,3584.0,200,6560.02,437.33,2011-11-29 10:45:00,10,United Kingdom
14766,11,4063.0,251,6556.13,596.01,2011-12-01 16:05:00,8,United Kingdom
15332,6,2958.0,113,6553.74,1092.29,2010-12-08 14:43:00,366,Lithuania
16655,13,4013.0,408,6548.37,503.72,2011-11-22 11:25:00,17,United Kingdom
14855,7,3510.0,168,6520.3,931.47,2011-08-12 14:02:00,119,United Kingdom
14221,17,3808.0,166,6517.49,383.38,2011-10-28 13:42:00,42,United Kingdom
17873,18,4312.0,65,6515.88,361.99,2011-09-20 16:41:00,80,United Kingdom
12823,18,930.0,1,6501.5,361.19,2011-09-26 07:35:00,74,United Kingdom
17419,18,3087.0,203,6500.52,361.14,2011-11-28 13:47:00,11,United Kingdom
18061,28,3607.0,30,6488.97,231.75,2011-11-18 11:20:00,21,United Kingdom
13317,19,3149.0,222,6486.09,341.37,2011-10-04 13:35:00,66,United Kingdom
14154,8,3222.0,236,6460.7,807.59,2011-04-14 16:26:00,239,United Kingdom
16940,8,4503.0,360,6427.66,803.46,2011-10-18 13:15:00,52,United Kingdom
15673,9,3361.0,177,6414.79,712.75,2011-09-12 16:12:00,88,United Kingdom
12656,8,2860.0,174,6407.83,800.98,2011-11-22 13:42:00,17,France
14390,13,2910.0,197,6399.83,492.29,2011-11-29 13:49:00,10,United Kingdom
18094,13,4164.0,55,6391.52,491.66,2011-09-19 09:28:00,81,United Kingdom
12406,5,3416.0,114,6390.36,1278.07,2011-11-17 19:22:00,22,Denmark
12356,6,3417.0,104,6373.68,1062.28,2011-11-17 08:40:00,22,Portugal
12484,12,3271.0,329,6370.15,530.85,2011-11-07 11:37:00,32,Spain
14227,15,4048.0,246,6368.71,424.58,2011-11-13 15:48:00,26,United Kingdom
13230,30,3635.0,653,6360.78,212.03,2011-12-05 16:03:00,4,United Kingdom
13590,18,5276.0,255,6349.59,352.75,2011-11-28 12:54:00,11,United Kingdom
16710,22,4399.0,541,6349.09,288.6,2011-11-20 14:50:00,19,United Kingdom
17799,20,3707.0,478,6341.89,317.09,2011-11-17 15:16:00,22,United Kingdom
18245,20,5098.0,336,6324.98,316.25,2011-12-02 14:48:00,7,United Kingdom
14180,33,878.0,125,6319.25,191.49,2011-11-29 10:56:00,10,United Kingdom
13654,11,4762.0,262,6308.0,573.45,2011-10-27 16:24:00,43,United Kingdom
15480,5,1852.0,199,6279.0,1255.8,2011-08-15 14:32:00,116,Malta
13136,13,3109.0,204,6274.56,482.66,2011-10-14 13:41:00,56,United Kingdom
13615,8,2910.0,259,6272.53,784.07,2011-01-25 08:21:00,318,United Kingdom
14534,26,2856.0,437,6271.11,241.2,2011-12-07 12:19:00,2,United Kingdom
16735,14,4281.0,178,6270.56,447.9,2011-09-22 11:49:00,78,United Kingdom
13334,5,3227.0,307,6263.75,1252.75,2011-09-18 15:21:00,82,United Kingdom
14004,11,3425.0,127,6258.45,568.95,2011-10-27 14:40:00,43,United Kingdom
15369,11,3288.0,44,6251.26,568.3,2010-08-04 13:54:00,492,United Kingdom
12497,3,5685.0,41,6248.5,2082.83,2011-09-19 12:29:00,81,Germany
16156,20,3240.0,199,6218.18,310.91,2011-12-01 12:42:00,8,United Kingdom
14530,16,3014.0,269,6197.4,387.34,2011-11-14 10:38:00,25,United Kingdom
16103,22,2639.0,111,6191.71,281.44,2011-12-02 14:16:00,7,United Kingdom
14907,16,2817.0,153,6165.79,385.36,2011-12-06 14:14:00,3,United Kingdom
14852,18,4371.0,152,6147.18,341.51,2011-10-12 13:20:00,58,United Kingdom
17669,10,3505.0,85,6142.35,614.23,2011-10-28 08:53:00,42,United Kingdom
13266,19,6837.0,154,6135.04,322.9,2011-11-28 14:39:00,11,United Kingdom
13935,3,2252.0,67,6116.92,2038.97,2010-04-22 11:21:00,596,United Kingdom
17509,8,3534.0,75,6115.14,764.39,2011-10-13 10:26:00,57,United Kingdom
14560,44,4580.0,60,6114.03,138.96,2011-12-02 15:22:00,7,United Kingdom
18178,11,3850.0,204,6103.74,554.89,2011-08-03 09:30:00,128,United Kingdom
16954,20,4086.0,83,6081.88,304.09,2011-12-09 09:46:00,0,United Kingdom
12664,11,1495.0,10,6070.04,551.82,2011-12-01 17:07:00,8,Finland
17625,8,3551.0,429,6067.8,758.47,2011-11-21 13:36:00,18,United Kingdom
12835,41,2357.0,138,6043.31,147.4,2010-10-08 10:59:00,427,United Kingdom
14535,9,3240.0,589,6030.73,670.08,2011-10-10 15:39:00,60,United Kingdom
17644,20,3469.0,160,6028.6,301.43,2011-12-08 13:43:00,1,United Kingdom
13658,9,2171.0,164,6025.5,669.5,2011-11-30 10:13:00,9,United Kingdom
15372,8,6410.0,45,6017.06,752.13,2011-07-25 16:39:00,137,United Kingdom
15202,3,3.0,1,6001.49,2000.5,2010-10-15 13:05:00,420,United Kingdom
15755,17,4034.0,281,5993.12,352.54,2011-11-29 14:57:00,10,United Kingdom
14105,5,3534.0,200,5988.83,1197.77,2011-04-14 17:58:00,239,United Kingdom
17457,14,2695.0,30,5984.81,427.49,2011-08-05 12:48:00,126,United Kingdom
17491,17,3630.0,105,5981.07,351.83,2011-12-08 16:18:00,1,United Kingdom
15785,16,4479.0,102,5969.93,373.12,2011-11-07 11:33:00,32,United Kingdom
14918,9,2551.0,79,5955.81,661.76,2011-08-16 11:50:00,115,United Kingdom
12500,19,3377.0,88,5955.21,313.43,2011-11-16 16:20:00,23,Germany
14257,9,3332.0,167,5954.45,661.61,2011-10-06 16:54:00,64,United Kingdom
17685,12,3854.0,124,5943.17,495.26,2011-11-23 11:36:00,16,United Kingdom
15971,18,2251.0,12,5902.83,327.94,2011-11-22 12:50:00,17,United Kingdom
16011,29,3471.0,181,5880.46,202.77,2011-12-01 16:31:00,8,United Kingdom
12455,10,3302.0,199,5879.95,588.0,2011-09-27 15:31:00,73,Cyprus
18065,29,2265.0,193,5866.63,202.3,2011-12-04 10:30:00,5,United Kingdom
14210,16,2604.0,143,5861.52,366.34,2011-08-26 12:36:00,105,United Kingdom
17146,13,2192.0,164,5860.24,450.79,2011-08-26 12:44:00,105,United Kingdom
14112,13,3539.0,199,5834.59,448.81,2011-11-17 12:30:00,22,United Kingdom
14189,16,4646.0,199,5814.39,363.4,2011-12-07 15:55:00,2,United Kingdom
13769,20,2574.0,121,5800.42,290.02,2011-12-07 15:08:00,2,United Kingdom
12910,13,3632.0,75,5796.52,445.89,2011-11-16 14:28:00,23,United Kingdom
17069,14,3333.0,202,5794.28,413.88,2011-11-11 17:13:00,28,United Kingdom
18075,20,3281.0,180,5783.29,289.16,2011-11-16 15:21:00,23,United Kingdom
17672,7,2758.0,179,5778.63,825.52,2011-10-20 14:18:00,50,United Kingdom
15485,7,2594.0,80,5771.51,824.5,2011-11-09 14:31:00,30,United Kingdom
14099,20,3670.0,273,5765.71,288.29,2011-11-23 13:53:00,16,United Kingdom
17863,12,4952.0,154,5745.2,478.77,2011-10-11 13:45:00,59,United Kingdom
16316,13,3057.0,193,5744.91,441.92,2011-10-06 13:48:00,64,United Kingdom
12615,8,3317.0,198,5740.98,717.62,2011-12-07 15:02:00,2,France
13771,9,3140.0,182,5728.82,636.54,2011-10-06 14:18:00,64,United Kingdom
16458,30,3406.0,91,5715.34,190.51,2011-12-07 09:34:00,2,United Kingdom
13870,15,3449.0,159,5712.08,380.81,2011-12-07 13:23:00,2,United Kingdom
16409,12,3706.0,335,5709.04,475.75,2011-11-03 16:45:00,36,United Kingdom
16607,25,4436.0,212,5706.87,228.27,2011-11-22 10:24:00,17,United Kingdom
16279,9,3691.0,243,5705.08,633.9,2011-11-18 15:00:00,21,United Kingdom
17651,16,4086.0,198,5703.52,356.47,2011-11-28 10:29:00,11,United Kingdom
13157,9,4762.0,173,5687.36,631.93,2011-10-21 13:50:00,49,United Kingdom
12727,10,2832.0,132,5679.53,567.95,2011-11-29 11:46:00,10,France
12633,7,3238.0,220,5678.16,811.17,2011-10-12 11:40:00,58,Germany
13901,15,3344.0,280,5676.34,378.42,2011-09-28 14:48:00,72,United Kingdom
15628,17,3819.0,136,5652.26,332.49,2011-12-05 10:24:00,4,United Kingdom
16200,12,3089.0,361,5643.45,470.29,2011-12-05 14:40:00,4,United Kingdom
13722,10,3059.0,137,5635.41,563.54,2011-07-31 12:44:00,131,United Kingdom
12347,8,3286.0,126,5633.32,704.17,2011-12-07 15:52:00,2,Iceland
13842,18,2879.0,214,5629.91,312.77,2011-10-12 10:51:00,58,United Kingdom
16320,6,3319.0,193,5628.99,938.17,2011-06-20 15:25:00,172,Unspecified
14249,12,2487.0,178,5625.46,468.79,2010-10-25 12:34:00,410,United Kingdom
18145,11,5107.0,250,5617.79,510.71,2011-11-27 11:22:00,12,United Kingdom
14572,11,2933.0,336,5615.18,510.47,2011-12-06 14:40:00,3,United Kingdom
16003,10,2210.0,146,5613.83,561.38,2011-11-10 09:57:00,29,United Kingdom
16546,5,4367.0,75,5606.47,1121.29,2011-02-22 11:20:00,290,United Kingdom
17059,9,3584.0,349,5602.53,622.5,2011-11-10 12:27:00,29,United Kingdom
15898,25,2418.0,281,5596.31,223.85,2011-12-08 15:23:00,1,United Kingdom
17092,11,3801.0,273,5594.96,508.63,2011-10-20 19:51:00,50,United Kingdom
15854,21,1704.0,168,5583.81,265.9,2011-12-05 13:39:00,4,United Kingdom
15228,6,3375.0,184,5580.27,930.05,2011-10-04 13:56:00,66,United Kingdom
17203,10,4606.0,195,5575.88,557.59,2011-11-04 12:27:00,35,United Kingdom
15527,23,2222.0,226,5575.64,242.42,2011-11-21 12:17:00,18,United Kingdom
16393,23,3132.0,313,5561.66,241.81,2011-12-07 12:51:00,2,United Kingdom
13593,14,2190.0,212,5523.69,394.55,2011-08-23 13:35:00,108,United Kingdom
14732,19,2273.0,162,5517.07,290.37,2011-12-01 14:34:00,8,United Kingdom
17204,9,2651.0,110,5504.69,611.63,2011-06-17 14:46:00,175,United Kingdom
13115,10,3934.0,178,5494.7,549.47,2011-11-28 12:38:00,11,United Kingdom
16609,7,2420.0,155,5493.46,784.78,2011-11-24 13:32:00,15,United Kingdom
16992,13,2061.0,212,5476.5,421.27,2011-11-29 11:50:00,10,United Kingdom
17512,18,5434.0,102,5467.82,303.77,2011-11-11 12:11:00,28,United Kingdom
12480,7,2952.0,177,5464.85,780.69,2011-11-11 14:52:00,28,Germany
18198,17,4074.0,81,5425.56,319.15,2011-12-05 14:49:00,4,United Kingdom
14713,21,3456.0,222,5418.87,258.04,2011-11-30 16:26:00,9,United Kingdom
12378,2,3316.0,281,5416.32,2708.16,2011-08-02 10:34:00,129,Switzerland
14626,11,3135.0,181,5410.92,491.9,2011-11-16 10:37:00,23,United Kingdom
17719,15,2466.0,111,5396.04,359.74,2011-11-02 10:36:00,37,United Kingdom
17612,18,3521.0,213,5394.86,299.71,2011-10-17 14:59:00,53,United Kingdom
13362,7,2481.0,186,5394.07,770.58,2011-11-30 14:41:00,9,United Kingdom
16008,15,3273.0,63,5384.13,358.94,2011-11-16 10:32:00,23,United Kingdom
13014,11,1979.0,140,5381.08,489.19,2011-11-29 12:27:00,10,United Kingdom
14459,2,2303.0,113,5375.74,2687.87,2011-07-07 13:35:00,155,United Kingdom
13495,10,2674.0,59,5374.26,537.43,2011-12-02 11:21:00,7,United Kingdom
14081,10,3712.0,465,5370.1,537.01,2011-02-10 16:17:00,302,United Kingdom
14442,7,1431.0,128,5367.02,766.72,2011-05-19 11:36:00,204,Channel Islands
13975,12,3934.0,434,5358.84,446.57,2011-11-08 13:19:00,31,United Kingdom
12362,11,2230.0,201,5356.23,486.93,2011-12-06 15:40:00,3,Belgium
17567,9,3152.0,128,5356.03,595.11,2011-12-02 15:48:00,7,United Kingdom
15641,12,4422.0,249,5345.55,445.46,2011-08-26 14:04:00,105,United Kingdom
17346,26,3653.0,517,5323.0,204.73,2011-12-06 12:18:00,3,United Kingdom
12708,18,2521.0,130,5314.1,295.23,2011-11-10 09:52:00,29,Germany
17584,6,2464.0,85,5309.42,884.9,2011-12-02 17:12:00,7,United Kingdom
15394,11,2372.0,129,5286.8,480.62,2011-11-30 11:49:00,9,United Kingdom
15152,14,2994.0,214,5263.83,375.99,2011-11-30 12:32:00,9,United Kingdom
15722,11,2283.0,91,5258.1,478.01,2011-11-04 11:43:00,35,United Kingdom
13931,11,3488.0,205,5257.38,477.94,2011-09-05 10:12:00,95,United Kingdom
13107,9,4316.0,142,5253.07,583.67,2011-10-26 14:52:00,44,United Kingdom
14930,6,2199.0,213,5246.63,874.44,2011-08-23 10:31:00,108,Channel Islands
16931,23,3463.0,466,5233.62,227.55,2011-12-04 13:15:00,5,United Kingdom
17061,11,1526.0,57,5232.23,475.66,2011-09-27 11:24:00,73,United Kingdom
12422,17,2596.0,137,5231.8,307.75,2011-09-05 09:48:00,95,Australia
15606,17,1615.0,84,5230.99,307.71,2011-10-09 15:47:00,61,United Kingdom
13763,3,3224.0,50,5217.44,1739.15,2011-10-07 15:13:00,63,United Kingdom
17084,3,3292.0,263,5202.97,1734.32,2011-11-04 14:54:00,35,United Kingdom
15812,12,3450.0,87,5201.47,433.46,2011-08-24 14:19:00,107,United Kingdom
14546,11,2696.0,410,5197.9,472.54,2011-12-04 13:00:00,5,United Kingdom
17213,13,2179.0,130,5182.3,398.64,2011-10-30 14:53:00,40,United Kingdom
12510,9,2049.0,94,5178.02,575.34,2011-07-20 10:15:00,142,Spain
15443,14,2735.0,408,5175.93,369.71,2011-12-08 10:40:00,1,United Kingdom
15796,17,1735.0,138,5175.83,304.46,2011-12-08 19:55:00,1,United Kingdom
17663,17,2297.0,153,5175.83,304.46,2011-11-14 08:56:00,25,United Kingdom
12625,4,3309.0,144,5164.88,1291.22,2011-05-12 09:54:00,211,Germany
17157,19,2092.0,78,5151.9,271.15,2011-12-02 09:10:00,7,United Kingdom
16153,11,3693.0,161,5133.49,466.68,2011-10-21 10:50:00,49,United Kingdom
16904,21,2809.0,484,5132.37,244.4,2011-12-05 13:10:00,4,United Kingdom
14493,10,3183.0,292,5130.15,513.02,2011-12-02 16:14:00,7,United Kingdom
17861,18,4574.0,329,5127.69,284.87,2011-12-06 16:21:00,3,United Kingdom
16919,24,2425.0,230,5125.91,213.58,2011-07-06 13:35:00,156,United Kingdom
12483,19,2172.0,68,5120.58,269.5,2011-11-22 17:02:00,17,Sweden
16308,7,16000.0,1,5120.0,731.43,2011-11-02 11:24:00,37,United Kingdom
13329,8,3486.0,68,5112.97,639.12,2011-11-08 10:29:00,31,United Kingdom
15529,12,4488.0,451,5111.95,426.0,2011-11-17 11:29:00,22,United Kingdom
17519,15,3414.0,142,5109.47,340.63,2011-11-22 16:43:00,17,United Kingdom
13523,6,2354.0,177,5101.52,850.25,2011-11-06 15:11:00,33,United Kingdom
17402,23,1571.0,105,5096.18,221.57,2011-12-05 10:15:00,4,United Kingdom
12594,15,2768.0,78,5090.11,339.34,2011-11-02 12:20:00,37,Italy
15367,11,2944.0,214,5081.33,461.94,2011-10-13 14:13:00,57,United Kingdom
13634,16,2096.0,269,5073.47,317.09,2011-11-06 13:40:00,33,United Kingdom
14307,10,3374.0,205,5071.03,507.1,2011-09-12 09:38:00,88,United Kingdom
16686,16,3510.0,549,5070.92,316.93,2011-10-23 13:49:00,47,United Kingdom
12395,15,3733.0,145,5067.27,337.82,2011-11-20 15:21:00,19,Belgium
12432,5,1801.0,107,5059.32,1011.86,2011-10-28 11:43:00,42,Norway
18144,19,2239.0,51,5058.0,266.21,2011-12-02 12:46:00,7,United Kingdom
17802,10,2786.0,283,5053.12,505.31,2011-09-18 14:56:00,82,United Kingdom
17469,17,2304.0,165,5051.25,297.13,2011-11-23 13:15:00,16,United Kingdom
12600,21,1414.0,53,5043.92,240.19,2011-11-11 10:29:00,28,Germany
16905,17,2059.0,171,5034.15,296.13,2011-12-04 14:01:00,5,United Kingdom
12759,8,3202.0,206,5020.74,627.59,2011-10-18 14:49:00,52,Netherlands
17758,12,3236.0,403,5012.53,417.71,2011-11-20 14:45:00,19,United Kingdom
12444,5,1153.0,138,5005.46,1001.09,2011-11-18 13:23:00,21,Norway
14209,15,1739.0,133,4993.27,332.88,2011-11-29 10:18:00,10,United Kingdom
14639,9,2410.0,203,4978.96,553.22,2011-10-18 15:06:00,52,United Kingdom
13198,8,3449.0,265,4974.23,621.78,2011-11-29 15:17:00,10,United Kingdom
12562,9,2327.0,113,4966.92,551.88,2011-12-01 17:20:00,8,France
17449,13,2535.0,292,4951.15,380.86,2011-12-07 16:56:00,2,United Kingdom
12700,4,2967.0,193,4939.99,1235.0,2011-12-02 10:47:00,7,France
14825,24,2848.0,187,4925.08,205.21,2011-12-06 11:38:00,3,United Kingdom
17596,13,7619.0,274,4920.67,378.51,2011-11-16 14:11:00,23,United Kingdom
14970,12,982.0,71,4919.35,409.95,2011-10-02 13:44:00,68,United Kingdom
16143,12,2011.0,107,4910.83,409.24,2011-12-06 14:13:00,3,United Kingdom
16255,15,3050.0,231,4906.8,327.12,2011-11-23 12:40:00,16,United Kingdom
17406,13,2124.0,155,4905.05,377.31,2011-01-10 15:07:00,333,United Kingdom
17314,17,3663.0,200,4904.43,288.5,2011-11-15 09:41:00,24,United Kingdom
13659,12,2539.0,224,4894.88,407.91,2011-05-18 12:37:00,205,United Kingdom
16986,11,2539.0,65,4888.75,444.43,2011-11-10 11:55:00,29,United Kingdom
13021,17,2546.0,166,4887.24,287.48,2011-12-05 16:37:00,4,United Kingdom
15379,8,3000.0,177,4877.84,609.73,2011-06-23 13:13:00,169,United Kingdom
14107,11,3489.0,102,4877.3,443.39,2011-10-19 12:12:00,51,United Kingdom
12688,1,3028.0,171,4873.81,4873.81,2011-08-18 08:49:00,113,Israel
17652,12,2509.0,118,4867.72,405.64,2011-11-14 12:55:00,25,United Kingdom
13044,11,2553.0,356,4853.9,441.26,2011-02-21 15:20:00,291,United Kingdom
14032,16,3916.0,79,4850.27,303.14,2011-12-07 15:23:00,2,United Kingdom
13562,8,1603.0,88,4838.18,604.77,2011-09-19 10:51:00,81,United Kingdom
17191,15,2536.0,269,4836.05,322.4,2011-11-11 16:58:00,28,United Kingdom
12449,6,2282.0,125,4835.89,805.98,2011-11-17 13:46:00,22,Denmark
16326,24,1120.0,243,4826.99,201.12,2011-12-04 10:11:00,5,United Kingdom
14191,15,3724.0,147,4817.66,321.18,2011-12-08 09:23:00,1,United Kingdom
15002,9,2518.0,220,4817.28,535.25,2011-08-16 10:44:00,115,United Kingdom
13875,14,3072.0,159,4814.37,343.88,2011-10-17 09:36:00,53,United Kingdom
13124,4,2783.0,216,4782.45,1195.61,2011-09-11 12:45:00,89,United Kingdom
15187,16,1887.0,61,4777.18,298.57,2011-12-08 11:56:00,1,United Kingdom
13988,8,3385.0,218,4757.8,594.73,2011-11-20 10:15:00,19,United Kingdom
12955,11,3664.0,81,4757.16,432.47,2011-12-08 16:29:00,1,United Kingdom
17829,5,3009.0,121,4756.74,951.35,2011-02-14 12:46:00,298,United Arab Emirates
17082,6,2526.0,117,4732.03,788.67,2011-11-06 15:17:00,33,United Kingdom
14235,9,3014.0,107,4717.99,524.22,2011-09-25 14:37:00,75,United Kingdom
15271,24,2524.0,369,4709.54,196.23,2011-12-02 14:11:00,7,United Kingdom
13958,8,2264.0,172,4709.23,588.65,2010-11-25 10:11:00,379,United Kingdom
12589,8,1764.0,121,4695.66,586.96,2011-11-11 10:19:00,28,France
17050,11,2451.0,193,4691.79,426.53,2011-09-04 13:48:00,96,United Kingdom
15410,10,1902.0,80,4685.72,468.57,2011-09-16 14:47:00,84,United Kingdom
13527,12,2762.0,266,4683.74,390.31,2011-11-06 12:04:00,33,United Kingdom
17400,8,2199.0,345,4677.05,584.63,2011-08-05 15:38:00,126,United Kingdom
16858,10,1514.0,75,4668.28,466.83,2010-12-06 09:52:00,368,United Kingdom
13971,14,3084.0,184,4667.57,333.4,2011-11-21 12:06:00,18,United Kingdom
18097,11,2740.0,86,4663.32,423.94,2011-12-02 11:16:00,7,United Kingdom
16293,15,2022.0,168,4657.95,310.53,2011-11-18 09:58:00,21,United Kingdom
15123,5,2524.0,149,4656.17,931.23,2011-12-02 13:12:00,7,United Kingdom
15484,6,4076.0,180,4656.0,776.0,2011-12-08 15:03:00,1,United Kingdom
12916,7,1774.0,82,4654.02,664.86,2011-07-24 10:35:00,138,United Kingdom
14466,13,2644.0,77,4646.9,357.45,2011-11-10 14:07:00,29,United Kingdom
12578,4,2380.0,149,4642.45,1160.61,2011-11-18 13:30:00,21,Italy
17442,15,3134.0,188,4620.3,308.02,2011-11-03 09:17:00,36,United Kingdom
14685,8,2012.0,109,4619.79,577.47,2010-05-12 13:08:00,576,United Kingdom
12782,11,2017.0,142,4618.24,419.84,2011-12-05 09:16:00,4,Portugal
14441,11,1260.0,103,4611.69,419.24,2011-12-09 09:07:00,0,United Kingdom
15245,8,3021.0,72,4610.84,576.36,2011-07-28 18:56:00,134,United Kingdom
12553,12,2325.0,109,4608.75,384.06,2011-12-01 16:38:00,8,France
13851,8,2525.0,111,4606.46,575.81,2011-09-05 12:36:00,95,United Kingdom
18257,12,2369.0,219,4600.15,383.35,2011-10-31 14:48:00,39,United Kingdom
14514,9,2496.0,212,4598.98,511.0,2011-10-09 16:05:00,61,United Kingdom
17188,13,2569.0,136,4592.93,353.3,2011-11-28 13:53:00,11,United Kingdom
16125,14,1944.0,168,4587.65,327.69,2010-12-07 15:48:00,367,United Kingdom
17508,8,2891.0,199,4579.23,572.4,2011-03-04 08:10:00,280,Greece
17754,13,4441.0,185,4577.53,352.12,2011-12-09 11:20:00,0,United Kingdom
15416,7,2420.0,189,4572.82,653.26,2011-10-06 09:38:00,64,United Kingdom
13491,27,2385.0,144,4566.56,169.13,2011-10-19 08:32:00,51,United Kingdom
14701,15,1782.0,455,4562.09,304.14,2011-11-29 12:38:00,10,United Kingdom
17613,14,2496.0,211,4559.15,325.65,2011-11-17 10:51:00,22,United Kingdom
13510,11,3044.0,176,4558.29,414.39,2011-12-08 13:46:00,1,United Kingdom
15365,13,2131.0,126,4557.13,350.55,2011-11-14 08:29:00,25,United Kingdom
14648,15,3326.0,286,4546.86,303.12,2010-10-19 13:12:00,416,United Kingdom
13571,26,3197.0,263,4546.54,174.87,2011-11-27 10:47:00,12,United Kingdom
18069,11,3227.0,602,4540.56,412.78,2011-11-13 16:03:00,26,United Kingdom
12598,11,2906.0,130,4534.09,412.19,2011-11-30 12:18:00,9,France
14001,9,1873.0,60,4530.09,503.34,2011-10-25 10:31:00,45,United Kingdom
14290,8,1600.0,120,4516.56,564.57,2011-11-28 14:02:00,11,United Kingdom
17308,2,5148.0,5,4511.76,2255.88,2010-11-11 13:19:00,393,United Kingdom
15680,10,3074.0,155,4507.58,450.76,2011-11-30 13:46:00,9,United Kingdom
15764,8,2945.0,187,4503.08,562.89,2011-09-12 17:58:00,88,United Kingdom
14625,11,2155.0,167,4497.88,408.9,2011-05-27 15:32:00,196,United Kingdom
15122,11,2045.0,155,4497.47,408.86,2011-08-17 16:48:00,114,United Kingdom
18064,11,2709.0,53,4495.03,408.64,2011-07-29 16:39:00,133,United Kingdom
17220,21,2699.0,408,4481.75,213.42,2011-11-15 13:47:00,24,United Kingdom
16912,15,1693.0,130,4480.31,298.69,2011-11-11 12:18:00,28,United Kingdom
12627,7,2752.0,162,4478.53,639.79,2011-11-29 12:07:00,10,Germany
13435,9,2791.0,96,4475.23,497.25,2011-12-04 14:45:00,5,United Kingdom
14341,18,2819.0,185,4467.32,248.18,2011-10-25 15:48:00,45,United Kingdom
16081,8,2244.0,235,4460.18,557.52,2011-10-14 13:06:00,56,United Kingdom
15240,12,3214.0,134,4459.98,371.66,2011-10-26 09:50:00,44,United Kingdom
17682,11,2491.0,85,4456.78,405.16,2011-11-29 15:59:00,10,United Kingdom
18093,8,3429.0,43,4452.71,556.59,2011-09-07 15:43:00,93,United Kingdom
16098,14,2150.0,83,4448.1,317.72,2011-09-13 09:59:00,87,United Kingdom
13982,9,2736.0,123,4445.59,493.95,2011-10-31 16:24:00,39,United Kingdom
16218,13,3237.0,82,4439.97,341.54,2011-11-10 09:59:00,29,United Kingdom
17722,5,2937.0,163,4430.36,886.07,2011-09-04 15:22:00,96,United Kingdom
12349,4,1624.0,138,4428.69,1107.17,2011-11-21 09:51:00,18,Italy
15845,11,2128.0,129,4426.28,402.39,2011-11-22 09:42:00,17,United Kingdom
16563,6,2596.0,55,4422.76,737.13,2011-10-17 11:51:00,53,United Kingdom
17412,16,2604.0,161,4417.52,276.1,2011-12-07 11:36:00,2,United Kingdom
17138,7,2024.0,234,4417.27,631.04,2011-03-09 11:54:00,275,United Kingdom
16626,17,2690.0,86,4413.1,259.59,2011-12-09 11:56:00,0,United Kingdom
16283,8,2889.0,385,4403.82,550.48,2011-12-04 12:08:00,5,United Kingdom
14211,18,2575.0,155,4402.29,244.57,2011-10-17 13:23:00,53,United Kingdom
15861,12,3860.0,452,4401.79,366.82,2011-11-27 15:59:00,12,United Kingdom
15203,15,4182.0,150,4400.18,293.35,2011-11-14 08:16:00,25,United Kingdom
16150,10,2164.0,143,4395.59,439.56,2011-10-28 12:39:00,42,United Kingdom
13505,4,2486.0,182,4393.63,1098.41,2011-09-28 11:56:00,72,Switzerland
13880,17,2589.0,148,4391.66,258.33,2011-11-18 13:44:00,21,United Kingdom
16732,4,2414.0,199,4387.64,1096.91,2011-11-08 09:54:00,31,United Kingdom
16749,2,2078.0,53,4387.08,2193.54,2010-04-27 13:06:00,591,United Kingdom
18272,9,2880.0,145,4385.98,487.33,2011-12-07 12:43:00,2,United Kingdom
16455,11,3103.0,111,4384.37,398.58,2011-10-07 12:17:00,63,United Kingdom
15708,9,1675.0,135,4378.72,486.52,2011-10-30 10:54:00,40,United Kingdom
17372,28,1876.0,412,4377.56,156.34,2011-10-30 11:37:00,40,United Kingdom
16118,1,2851.0,41,4376.25,4376.25,2010-02-25 09:40:00,652,United Kingdom
12523,23,2275.0,176,4372.15,190.09,2011-11-20 12:55:00,19,France
13297,7,2694.0,108,4368.62,624.09,2011-12-02 09:32:00,7,United Kingdom
12752,1,2262.0,53,4366.78,4366.78,2011-09-19 13:32:00,81,Norway
12917,6,1104.0,45,4359.2,726.53,2011-08-03 16:42:00,128,United Kingdom
14482,12,2891.0,185,4357.91,363.16,2011-11-21 13:14:00,18,United Kingdom
15633,13,2058.0,77,4352.46,334.8,2010-07-18 13:54:00,509,United Kingdom
12408,8,2229.0,104,4340.77,542.6,2011-11-07 12:27:00,32,Belgium
18077,18,3233.0,141,4338.56,241.03,2011-12-01 13:32:00,8,United Kingdom
16241,16,2377.0,500,4329.31,270.58,2011-11-30 11:08:00,9,United Kingdom
16072,4,1611.0,414,4328.89,1082.22,2011-02-24 14:32:00,288,United Kingdom
14854,11,2999.0,170,4322.86,392.99,2011-09-22 17:00:00,78,United Kingdom
12370,7,2605.0,168,4320.31,617.19,2011-10-19 14:51:00,51,Austria
16477,11,2632.0,177,4320.02,392.73,2011-10-07 09:44:00,63,United Kingdom
14334,12,2986.0,148,4318.48,359.87,2011-11-23 10:01:00,16,United Kingdom
18259,7,1390.0,51,4318.2,616.89,2011-11-15 12:34:00,24,United Kingdom
15493,9,1260.0,289,4314.98,479.44,2011-11-07 12:04:00,32,United Kingdom
12967,3,1272.0,47,4306.92,1435.64,2010-12-16 19:10:00,358,United Kingdom
12928,12,2899.0,94,4304.89,358.74,2011-11-04 14:24:00,35,United Kingdom
17937,7,1754.0,19,4301.22,614.46,2011-12-01 11:45:00,8,United Kingdom
18230,9,1996.0,42,4291.06,476.78,2011-11-30 13:22:00,9,United Kingdom
17930,13,3795.0,39,4275.22,328.86,2011-11-04 10:23:00,35,United Kingdom
16712,13,2093.0,301,4266.99,328.23,2011-11-30 13:48:00,9,United Kingdom
14239,21,1729.0,97,4263.17,203.01,2011-10-27 14:40:00,43,United Kingdom
14047,14,1649.0,91,4255.03,303.93,2011-12-01 11:43:00,8,United Kingdom
16743,14,3738.0,118,4253.26,303.8,2011-11-10 13:13:00,29,United Kingdom
12360,8,2459.0,160,4252.89,531.61,2011-10-18 15:22:00,52,Austria
16571,10,3703.0,151,4248.74,424.87,2011-11-13 11:46:00,26,United Kingdom
12935,15,3201.0,113,4243.86,282.92,2011-12-07 17:25:00,2,United Kingdom
18079,5,8815.0,107,4242.75,848.55,2011-10-25 15:27:00,45,United Kingdom
17728,5,2146.0,196,4238.76,847.75,2011-12-06 08:52:00,3,United Kingdom
13911,20,4487.0,178,4234.99,211.75,2011-10-13 15:43:00,57,United Kingdom
16875,11,2099.0,161,4234.53,384.96,2011-10-03 13:39:00,67,United Kingdom
17673,13,3338.0,195,4233.58,325.66,2011-12-08 12:50:00,1,United Kingdom
15518,15,2823.0,250,4218.94,281.26,2011-10-06 13:05:00,64,United Kingdom
15752,9,2967.0,359,4207.54,467.5,2011-10-31 11:37:00,39,United Kingdom
15804,13,2565.0,170,4206.39,323.57,2011-12-09 12:31:00,0,United Kingdom
15050,5,2628.0,116,4193.79,838.76,2011-11-14 16:17:00,25,United Kingdom
17218,18,2200.0,248,4192.68,232.93,2011-12-05 13:52:00,4,United Kingdom
14868,12,2230.0,132,4184.01,348.67,2011-12-06 14:49:00,3,United Kingdom
17738,13,2776.0,173,4183.56,321.81,2011-11-20 15:05:00,19,United Kingdom
18287,7,3013.0,120,4182.99,597.57,2011-10-28 09:29:00,42,United Kingdom
17526,12,1482.0,67,4166.04,347.17,2011-12-05 11:05:00,4,United Kingdom
18194,6,1774.0,23,4162.04,693.67,2011-09-18 13:29:00,82,United Kingdom
14740,11,2081.0,173,4161.06,378.28,2011-05-26 18:17:00,197,United Kingdom
12653,3,1681.0,76,4160.83,1386.94,2011-07-14 10:41:00,148,Israel
13461,6,3132.0,30,4160.0,693.33,2011-11-01 09:01:00,38,United Kingdom
17646,12,1418.0,124,4149.79,345.82,2011-05-04 13:17:00,219,United Kingdom
16209,9,1895.0,51,4146.78,460.75,2011-09-12 11:58:00,88,United Kingdom
12569,32,1801.0,92,4124.69,128.9,2011-12-07 16:24:00,2,Germany
13450,13,4318.0,57,4120.04,316.93,2011-11-13 11:54:00,26,United Kingdom
16928,29,2755.0,135,4113.23,141.84,2011-09-20 15:10:00,80,United Kingdom
17287,21,2101.0,279,4111.96,195.81,2011-11-13 13:27:00,26,United Kingdom
14408,11,2444.0,63,4109.77,373.62,2011-11-29 11:41:00,10,United Kingdom
14878,25,2432.0,159,4105.24,164.21,2011-11-27 11:15:00,12,United Kingdom
13421,8,2420.0,174,4103.12,512.89,2011-10-30 14:21:00,40,United Kingdom
14566,4,2400.0,9,4092.0,1023.0,2011-08-21 11:05:00,110,Channel Islands
13048,9,2705.0,125,4084.21,453.8,2011-11-25 13:23:00,14,United Kingdom
12876,4,3047.0,117,4081.79,1020.45,2011-10-13 12:26:00,57,Belgium
15024,16,2201.0,168,4075.51,254.72,2011-11-30 12:06:00,9,United Kingdom
17618,11,1820.0,202,4073.24,370.29,2011-12-04 11:50:00,5,United Kingdom
14913,8,3955.0,176,4073.13,509.14,2011-11-04 08:29:00,35,United Kingdom
15572,10,2148.0,259,4068.67,406.87,2011-12-05 10:09:00,4,United Kingdom
12371,5,1436.0,134,4067.38,813.48,2011-10-26 10:16:00,44,Switzerland
14025,8,1914.0,60,4057.9,507.24,2010-09-01 10:11:00,464,United Kingdom
15571,14,2506.0,442,4051.63,289.4,2011-11-28 10:02:00,11,United Kingdom
17083,9,1955.0,30,4049.79,449.98,2011-08-22 15:43:00,109,United Kingdom
17211,13,2345.0,217,4046.65,311.28,2011-11-13 12:03:00,26,United Kingdom
12840,7,2258.0,109,4041.97,577.42,2011-07-19 09:29:00,143,United Kingdom
16791,15,1874.0,393,4038.69,269.25,2011-11-10 19:12:00,29,United Kingdom
14824,10,1954.0,84,4022.91,402.29,2011-11-29 14:20:00,10,United Kingdom
15665,5,2794.0,163,4015.12,803.02,2011-06-24 14:57:00,168,United Kingdom
12726,11,4618.0,63,4014.6,364.96,2011-11-11 13:35:00,28,France
15782,4,1844.0,51,4014.1,1003.53,2011-11-30 10:49:00,9,United Kingdom
12721,8,2655.0,183,4013.08,501.64,2011-11-08 12:13:00,31,France
17019,11,2643.0,344,4012.2,364.75,2011-11-28 13:06:00,11,United Kingdom
13895,6,2060.0,154,4008.52,668.09,2011-11-11 16:57:00,28,United Kingdom
14547,8,2668.0,198,4007.54,500.94,2011-12-06 11:06:00,3,United Kingdom
13542,17,815.0,98,4006.17,235.66,2010-11-28 11:24:00,376,United Kingdom
16841,12,3478.0,187,4006.06,333.84,2011-11-03 11:51:00,36,United Kingdom
17307,11,3667.0,22,3999.89,363.63,2010-11-09 13:40:00,395,United Kingdom
13126,13,3409.0,183,3998.25,307.56,2011-12-05 10:00:00,4,United Kingdom
16719,14,2536.0,204,3973.3,283.81,2011-11-25 09:27:00,14,United Kingdom
16771,10,2314.0,303,3967.6,396.76,2011-11-06 13:28:00,33,United Kingdom
17954,19,3265.0,479,3966.05,208.74,2011-12-04 14:15:00,5,United Kingdom
15858,13,2919.0,273,3960.37,304.64,2011-11-24 12:48:00,15,United Kingdom
14817,7,2462.0,142,3959.86,565.69,2011-05-23 13:35:00,200,United Kingdom
15983,8,2450.0,137,3958.82,494.85,2011-11-17 17:34:00,22,United Kingdom
17667,9,2192.0,140,3950.7,438.97,2011-10-04 14:32:00,66,United Kingdom
14465,11,2546.0,128,3946.03,358.73,2011-04-07 12:38:00,246,United Kingdom
12473,5,2439.0,140,3938.55,787.71,2011-11-10 13:46:00,29,Germany
15051,9,3053.0,226,3935.16,437.24,2011-11-16 15:38:00,23,United Kingdom
15819,10,2928.0,182,3934.79,393.48,2011-10-21 14:50:00,49,United Kingdom
13037,12,2130.0,181,3914.95,326.25,2011-07-24 15:46:00,138,United Kingdom
14498,10,2122.0,276,3911.27,391.13,2011-10-28 12:09:00,42,United Kingdom
12853,11,1668.0,111,3907.5,355.23,2011-07-28 11:29:00,134,United Kingdom
15696,13,1399.0,163,3906.57,300.51,2011-11-06 14:02:00,33,United Kingdom
13995,14,2359.0,146,3902.01,278.72,2011-11-24 14:22:00,15,United Kingdom
12388,8,2001.0,83,3901.11,487.64,2011-11-24 12:30:00,15,Australia
15823,3,1775.0,155,3897.17,1299.06,2010-12-02 15:08:00,372,United Kingdom
15811,7,1922.0,205,3890.52,555.79,2011-11-17 15:31:00,22,United Kingdom
12358,5,1079.0,56,3887.07,777.41,2011-12-08 10:26:00,1,Austria
14744,14,2547.0,57,3885.08,277.51,2011-11-23 12:51:00,16,United Kingdom
15288,10,1404.0,128,3883.13,388.31,2011-10-27 16:58:00,43,United Kingdom
13446,11,2403.0,113,3881.89,352.9,2010-10-05 18:51:00,430,United Kingdom
14655,7,2341.0,72,3878.51,554.07,2011-12-01 16:28:00,8,United Kingdom
15067,5,2163.0,170,3877.88,775.58,2011-09-22 13:20:00,78,United Kingdom
18073,12,3108.0,23,3877.52,323.13,2011-08-17 14:02:00,114,United Kingdom
15195,1,1404.0,1,3861.0,3861.0,2011-12-07 12:20:00,2,United Kingdom
14565,5,1940.0,139,3859.22,771.84,2011-09-05 09:07:00,95,United Kingdom
14532,11,1115.0,209,3859.18,350.83,2011-04-17 13:05:00,236,United Kingdom
16440,6,2108.0,202,3856.97,642.83,2011-12-02 12:02:00,7,United Kingdom
16057,10,1691.0,175,3854.85,385.49,2011-11-23 15:23:00,16,United Kingdom
13213,11,2962.0,181,3851.52,350.14,2011-10-14 11:42:00,56,United Kingdom
16341,7,3022.0,103,3850.79,550.11,2011-11-15 09:12:00,24,United Kingdom
16466,15,1806.0,207,3838.59,255.91,2011-11-06 11:35:00,33,United Kingdom
13357,5,2142.0,284,3838.36,767.67,2011-03-27 13:56:00,257,United Kingdom
17659,14,1816.0,150,3834.79,273.91,2011-11-22 13:29:00,17,United Kingdom
13481,11,2055.0,162,3830.84,348.26,2011-10-25 09:07:00,45,United Kingdom
15704,6,1723.0,129,3817.96,636.33,2011-07-22 13:35:00,140,United Kingdom
12597,4,2236.0,184,3811.22,952.81,2011-11-20 13:33:00,19,Spain
15421,10,1927.0,170,3805.34,380.53,2011-10-12 09:20:00,58,United Kingdom
16636,4,2186.0,62,3802.04,950.51,2010-09-27 13:13:00,438,United Kingdom
17071,13,1935.0,141,3801.2,292.4,2011-11-11 16:31:00,28,United Kingdom
16128,11,2445.0,155,3801.05,345.55,2011-11-22 11:14:00,17,United Kingdom
14540,11,1619.0,197,3795.34,345.03,2011-11-30 10:15:00,9,United Kingdom
15827,28,1824.0,124,3794.07,135.5,2011-09-27 15:35:00,73,United Kingdom
16950,10,2492.0,111,3784.37,378.44,2011-10-14 09:06:00,56,United Kingdom
12619,10,3518.0,55,3781.38,378.14,2011-11-23 14:52:00,16,Germany
14309,11,2583.0,125,3780.81,343.71,2011-12-01 13:33:00,8,United Kingdom
15494,5,3097.0,307,3780.05,756.01,2011-11-18 14:51:00,21,United Kingdom
14649,9,2464.0,374,3775.31,419.48,2011-12-05 12:30:00,4,United Kingdom
17293,17,2234.0,148,3774.23,222.01,2011-12-01 14:37:00,8,United Kingdom
15834,7,1819.0,333,3772.99,539.0,2011-09-30 14:41:00,70,United Kingdom
15532,10,1349.0,417,3771.9,377.19,2011-11-14 14:51:00,25,United Kingdom
18168,16,2177.0,209,3770.27,235.64,2011-06-16 19:21:00,176,United Kingdom
15079,11,1504.0,119,3767.35,342.49,2011-05-11 12:45:00,212,United Kingdom
17173,8,1122.0,36,3766.6,470.83,2011-12-04 14:40:00,5,United Kingdom
12670,7,1627.0,71,3760.29,537.18,2011-11-29 15:23:00,10,France
12530,9,2713.0,94,3759.26,417.7,2011-10-11 12:34:00,59,Germany
17096,11,1571.0,162,3759.18,341.74,2011-11-24 15:01:00,15,United Kingdom
17553,4,2288.0,2,3757.6,939.4,2011-08-02 10:00:00,129,United Kingdom
14409,9,2401.0,76,3756.09,417.34,2011-09-29 18:18:00,71,United Kingdom
13305,16,2361.0,153,3754.71,234.67,2011-12-05 15:15:00,4,United Kingdom
14515,12,1917.0,109,3749.26,312.44,2011-11-22 11:37:00,17,United Kingdom
12623,7,1971.0,112,3747.84,535.41,2011-03-08 13:50:00,276,Germany
15370,8,1397.0,90,3739.01,467.38,2011-10-30 10:58:00,40,United Kingdom
15351,10,1491.0,201,3738.29,373.83,2011-11-27 12:52:00,12,United Kingdom
16539,10,1315.0,83,3732.01,373.2,2011-12-07 08:41:00,2,United Kingdom
15255,9,2226.0,137,3729.42,414.38,2011-10-04 12:43:00,66,United Kingdom
12502,5,820.0,102,3723.87,744.77,2011-09-05 11:52:00,95,Spain
16772,3,689.0,54,3723.55,1241.18,2010-10-12 13:19:00,423,United Kingdom
16240,2,1641.0,126,3718.8,1859.4,2011-11-15 14:30:00,24,United Kingdom
14364,8,1967.0,61,3717.35,464.67,2011-08-23 11:01:00,108,United Kingdom
14593,12,1875.0,436,3712.01,309.33,2011-11-18 12:48:00,21,United Kingdom
12737,2,2.0,2,3710.5,1855.25,2010-07-29 12:29:00,498,France
16983,11,2508.0,151,3710.22,337.29,2011-11-27 12:10:00,12,United Kingdom
14776,15,4658.0,68,3708.3,247.22,2011-10-19 15:34:00,51,United Kingdom
16094,11,2020.0,101,3695.56,335.96,2011-11-28 12:45:00,11,United Kingdom
12857,6,1420.0,71,3688.0,614.67,2011-05-13 10:20:00,210,United Kingdom
12872,12,1855.0,217,3685.49,307.12,2011-01-17 10:52:00,326,United Kingdom
12468,5,2201.0,127,3670.74,734.15,2011-06-05 11:36:00,187,Germany
15953,18,1852.0,102,3669.55,203.86,2011-11-24 15:32:00,15,United Kingdom
14640,10,1651.0,165,3667.06,366.71,2011-11-15 13:07:00,24,United Kingdom
16444,17,1959.0,217,3656.58,215.09,2011-10-24 13:50:00,46,United Kingdom
17655,9,1542.0,75,3652.48,405.83,2011-11-29 11:34:00,10,United Kingdom
14857,7,2081.0,170,3651.85,521.69,2011-10-11 09:23:00,59,United Kingdom
17848,30,1438.0,105,3650.9,121.7,2011-09-19 16:49:00,81,United Kingdom
13632,8,1639.0,166,3648.15,456.02,2011-11-15 10:51:00,24,United Kingdom
16718,5,2343.0,123,3647.53,729.51,2010-12-05 13:03:00,369,United Kingdom
17063,13,1899.0,150,3638.53,279.89,2011-11-18 16:19:00,21,United Kingdom
14770,8,1598.0,152,3637.64,454.71,2011-04-21 14:21:00,232,United Kingdom
16748,14,2127.0,55,3637.33,259.81,2011-11-22 10:17:00,17,United Kingdom
16053,6,3067.0,169,3634.84,605.81,2011-11-07 11:21:00,32,United Kingdom
17528,8,2138.0,183,3628.5,453.56,2011-12-08 13:27:00,1,United Kingdom
14882,14,1640.0,32,3628.15,259.15,2011-11-13 12:47:00,26,United Kingdom
14653,12,1976.0,271,3614.54,301.21,2011-12-08 13:45:00,1,United Kingdom
16503,11,1535.0,161,3614.34,328.58,2011-08-25 11:46:00,106,United Kingdom
15505,5,2390.0,90,3610.96,722.19,2011-10-18 07:56:00,52,United Kingdom
15113,3,2386.0,77,3609.33,1203.11,2011-11-30 08:23:00,9,United Kingdom
15791,5,1970.0,121,3608.34,721.67,2011-10-27 10:14:00,43,United Kingdom
18242,8,2021.0,113,3605.21,450.65,2011-09-28 13:43:00,72,United Kingdom
13750,11,1370.0,51,3602.18,327.47,2011-10-17 12:16:00,53,United Kingdom
12963,12,1809.0,129,3601.59,300.13,2011-12-01 12:55:00,8,United Kingdom
16325,12,2464.0,104,3597.5,299.79,2011-10-24 08:48:00,46,United Kingdom
17422,11,3538.0,149,3594.76,326.8,2011-11-23 13:27:00,16,United Kingdom
15569,10,1736.0,123,3586.35,358.64,2011-08-28 10:15:00,103,United Kingdom
14132,11,3368.0,100,3586.03,326.0,2011-12-07 13:35:00,2,United Kingdom
17679,7,1755.0,70,3577.61,511.09,2011-10-18 07:43:00,52,United Kingdom
17311,6,2755.0,124,3566.56,594.43,2011-09-22 14:11:00,78,United Kingdom
18219,17,1653.0,87,3562.89,209.58,2011-12-07 11:43:00,2,United Kingdom
14737,4,1071.0,28,3554.17,888.54,2011-12-06 10:16:00,3,United Kingdom
15222,11,4458.0,98,3550.91,322.81,2011-01-25 08:03:00,318,United Kingdom
14503,6,2004.0,113,3543.26,590.54,2011-12-06 13:30:00,3,United Kingdom
12645,8,2125.0,111,3539.3,442.41,2011-11-06 12:38:00,33,Germany
16395,14,2919.0,416,3537.85,252.7,2011-10-10 12:50:00,60,United Kingdom
17924,8,1268.0,27,3536.7,442.09,2011-11-28 09:11:00,11,United Kingdom
15059,19,1617.0,308,3523.57,185.45,2011-10-30 11:35:00,40,United Kingdom
16336,4,1473.0,64,3517.69,879.42,2010-10-15 12:32:00,420,United Kingdom
16360,6,2144.0,365,3512.53,585.42,2011-12-05 12:16:00,4,United Kingdom
17768,7,2433.0,134,3509.51,501.36,2011-12-01 13:22:00,8,United Kingdom
16347,11,1750.0,209,3509.41,319.04,2011-11-28 13:14:00,11,United Kingdom
14898,14,2247.0,185,3507.81,250.56,2011-11-16 14:54:00,23,United Kingdom
18044,18,1598.0,128,3505.61,194.76,2011-12-05 14:26:00,4,United Kingdom
14934,5,2100.0,115,3503.5,700.7,2011-09-19 10:10:00,81,Channel Islands
13929,11,1566.0,38,3494.1,317.65,2011-06-23 15:26:00,169,United Kingdom
13577,11,1661.0,102,3489.28,317.21,2011-11-14 15:19:00,25,United Kingdom
15306,9,3074.0,123,3484.73,387.19,2011-10-06 12:56:00,64,United Kingdom
17597,5,2215.0,109,3484.09,696.82,2011-05-10 11:54:00,213,United Kingdom
12631,6,1607.0,131,3481.57,580.26,2011-10-13 13:53:00,57,Finland
17913,14,1745.0,224,3479.64,248.55,2011-10-12 10:45:00,58,United Kingdom
15380,11,1032.0,27,3479.06,316.28,2011-12-01 12:13:00,8,United Kingdom
15712,12,1277.0,86,3472.41,289.37,2011-11-30 14:09:00,9,United Kingdom
13849,5,1883.0,189,3469.3,693.86,2011-10-19 10:59:00,51,United Kingdom
14533,11,6038.0,74,3466.37,315.12,2011-11-15 12:05:00,24,United Kingdom
15356,13,2015.0,290,3464.95,266.53,2011-11-08 13:11:00,31,United Kingdom
16271,10,2399.0,176,3463.02,346.3,2011-12-07 12:45:00,2,United Kingdom
14837,9,3030.0,171,3460.32,384.48,2011-09-11 10:58:00,89,United Kingdom
13536,7,2136.0,91,3448.29,492.61,2011-12-08 16:38:00,1,United Kingdom
13313,12,2308.0,105,3445.32,287.11,2011-11-17 16:48:00,22,United Kingdom
15974,7,2262.0,141,3442.15,491.74,2011-10-31 13:13:00,39,United Kingdom
16208,10,1541.0,180,3440.45,344.05,2011-10-26 11:36:00,44,United Kingdom
17725,11,2162.0,115,3439.08,312.64,2011-11-23 16:34:00,16,United Kingdom
17931,14,1937.0,274,3437.29,245.52,2011-07-28 18:33:00,134,United Kingdom
12609,9,1553.0,129,3435.86,381.76,2011-09-22 16:34:00,78,Germany
15676,3,2252.0,191,3435.76,1145.25,2011-11-21 12:40:00,18,United Kingdom
16045,8,2108.0,111,3434.93,429.37,2011-08-12 12:41:00,119,United Kingdom
15916,13,1703.0,227,3427.17,263.63,2011-11-23 13:46:00,16,United Kingdom
12377,4,2105.0,129,3426.32,856.58,2011-01-28 15:45:00,315,Switzerland
16281,3,1570.0,27,3424.02,1141.34,2011-09-28 14:57:00,72,United Kingdom
17876,3,1958.0,3,3424.02,1141.34,2010-11-05 10:52:00,399,United Kingdom
15373,17,769.0,107,3421.39,201.26,2011-12-01 15:05:00,8,United Kingdom
13031,5,2399.0,275,3419.27,683.85,2010-10-28 15:34:00,407,United Kingdom
14217,23,1256.0,122,3416.89,148.56,2011-12-08 11:53:00,1,United Kingdom
14215,9,2285.0,167,3416.33,379.59,2011-11-28 12:19:00,11,United Kingdom
13979,7,2296.0,356,3416.23,488.03,2011-09-27 13:32:00,73,United Kingdom
14673,7,2035.0,86,3410.81,487.26,2011-12-06 14:31:00,3,United Kingdom
15058,16,1660.0,232,3410.03,213.13,2011-11-14 14:57:00,25,United Kingdom
13437,7,1283.0,143,3408.06,486.87,2011-11-25 14:00:00,14,United Kingdom
13425,5,2382.0,124,3403.63,680.73,2011-08-23 17:13:00,108,United Kingdom
13823,7,1564.0,108,3403.45,486.21,2011-11-21 10:22:00,18,United Kingdom
15114,12,3532.0,151,3400.12,283.34,2011-11-09 15:05:00,30,United Kingdom
12838,10,1845.0,230,3398.48,339.85,2011-11-06 12:20:00,33,United Kingdom
16067,3,1279.0,60,3395.29,1131.76,2010-05-26 12:33:00,562,United Kingdom
13246,11,2815.0,229,3387.43,307.95,2011-11-21 16:50:00,18,United Kingdom
17723,7,912.0,6,3378.4,482.63,2011-08-04 18:37:00,127,United Kingdom
13135,2,4423.0,18,3371.45,1685.73,2011-05-27 10:52:00,196,United Kingdom
13707,5,2210.0,142,3365.86,673.17,2011-03-17 18:03:00,267,United Kingdom
13285,6,2457.0,182,3364.59,560.77,2011-11-16 13:19:00,23,United Kingdom
13786,6,1652.0,80,3358.94,559.82,2010-12-07 13:53:00,367,United Kingdom
15538,6,1016.0,3,3358.4,559.73,2010-06-20 10:49:00,537,United Kingdom
14608,11,927.0,15,3352.94,304.81,2011-12-05 16:52:00,4,United Kingdom
16818,11,2164.0,172,3349.57,304.51,2011-11-29 10:41:00,10,United Kingdom
17183,6,1296.0,42,3347.31,557.89,2011-12-02 10:07:00,7,United Kingdom
15265,4,1570.0,179,3345.64,836.41,2011-07-11 14:46:00,151,United Kingdom
12424,4,2025.0,78,3340.03,835.01,2011-06-30 12:06:00,162,Australia
13848,8,10200.0,3,3335.0,416.88,2011-09-08 12:58:00,92,United Kingdom
14344,20,1669.0,140,3333.7,166.69,2011-08-04 13:51:00,127,United Kingdom
14064,15,3977.0,131,3332.42,222.16,2011-11-10 13:14:00,29,United Kingdom
16351,13,2165.0,124,3330.03,256.16,2011-01-11 10:26:00,332,United Kingdom
17774,9,1609.0,286,3328.05,369.78,2011-09-04 12:49:00,96,United Kingdom
15065,5,1446.0,156,3326.86,665.37,2011-11-02 09:45:00,37,United Kingdom
12865,4,1973.0,156,3323.47,830.87,2011-11-13 14:31:00,26,Austria
13291,11,1619.0,155,3320.84,301.89,2011-07-07 10:36:00,155,United Kingdom
13611,10,2002.0,170,3319.53,331.95,2011-09-11 14:51:00,89,United Kingdom
14161,7,1623.0,202,3318.88,474.13,2011-05-08 11:41:00,215,United Kingdom
13431,8,1570.0,113,3316.24,414.53,2011-10-03 13:49:00,67,United Kingdom
13824,12,1442.0,59,3314.76,276.23,2011-11-07 12:41:00,32,United Kingdom
13131,7,1523.0,107,3313.77,473.4,2011-11-16 13:21:00,23,United Kingdom
14451,12,1757.0,245,3308.77,275.73,2011-10-10 13:38:00,60,United Kingdom
16365,15,1135.0,97,3307.2,220.48,2011-11-22 11:24:00,17,United Kingdom
14506,7,1078.0,251,3290.67,470.1,2011-11-22 13:02:00,17,United Kingdom
13650,10,1746.0,127,3288.0,328.8,2011-11-23 12:22:00,16,United Kingdom
15632,8,2109.0,107,3285.31,410.66,2011-11-24 09:51:00,15,United Kingdom
14507,11,1536.0,182,3284.43,298.58,2011-11-16 12:21:00,23,United Kingdom
14285,8,954.0,48,3284.42,410.55,2011-11-18 14:50:00,21,United Kingdom
18188,6,1888.0,95,3280.59,546.77,2011-11-24 16:46:00,15,United Kingdom
15978,3,2444.0,107,3279.42,1093.14,2011-09-23 15:21:00,77,United Kingdom
14293,9,1730.0,88,3267.93,363.1,2011-12-06 15:17:00,3,United Kingdom
13214,7,2966.0,207,3264.23,466.32,2010-10-18 10:00:00,417,United Kingdom
15057,5,1394.0,62,3255.96,651.19,2011-03-09 15:17:00,275,United Kingdom
12770,2,1843.0,19,3246.45,1623.23,2011-05-13 09:33:00,210,Japan
16612,9,1419.0,105,3245.43,360.6,2011-11-07 07:38:00,32,United Kingdom
14669,7,2054.0,334,3243.93,463.42,2011-04-12 11:43:00,241,United Kingdom
15140,8,2010.0,103,3243.69,405.46,2011-10-18 14:07:00,52,United Kingdom
17353,4,2168.0,7,3242.0,810.5,2011-08-02 17:19:00,129,United Kingdom
15625,9,3020.0,106,3236.4,359.6,2011-08-28 10:21:00,103,United Kingdom
15602,16,2349.0,62,3230.51,201.91,2011-12-01 14:14:00,8,United Kingdom
16101,4,1844.0,153,3229.16,807.29,2011-09-30 10:18:00,70,United Kingdom
16059,12,1509.0,233,3217.77,268.15,2011-10-05 09:56:00,65,United Kingdom
16515,10,1601.0,184,3216.3,321.63,2011-10-18 13:10:00,52,United Kingdom
13268,11,3658.0,257,3214.69,292.24,2011-11-22 11:51:00,17,United Kingdom
12951,15,1662.0,110,3213.72,214.25,2011-12-01 12:14:00,8,United Kingdom
16918,16,2069.0,280,3213.29,200.83,2011-10-21 12:50:00,49,United Kingdom
13804,9,1833.0,149,3208.52,356.5,2011-11-09 12:32:00,30,United Kingdom
16107,7,1176.0,16,3204.16,457.74,2011-11-22 09:40:00,17,United Kingdom
17147,9,1308.0,99,3199.95,355.55,2011-11-17 12:32:00,22,United Kingdom
14315,8,1344.0,83,3197.82,399.73,2011-10-26 12:06:00,44,United Kingdom
15027,10,2782.0,69,3195.6,319.56,2011-11-09 10:16:00,30,United Kingdom
13868,2,1964.0,32,3192.54,1596.27,2011-12-02 16:32:00,7,United Kingdom
13397,10,1336.0,68,3191.87,319.19,2011-09-28 10:56:00,72,United Kingdom
16933,9,1547.0,213,3181.25,353.47,2011-12-08 12:54:00,1,United Kingdom
12456,3,1633.0,105,3181.04,1060.35,2011-10-26 14:41:00,44,Switzerland
17228,13,2568.0,199,3177.24,244.4,2011-11-24 10:24:00,15,United Kingdom
15353,7,1551.0,274,3175.95,453.71,2011-03-30 12:15:00,254,United Kingdom
17621,6,1110.0,61,3175.12,529.19,2011-11-18 17:11:00,21,United Kingdom
16837,11,1563.0,123,3170.98,288.27,2011-11-08 14:27:00,31,United Kingdom
17640,6,1692.0,48,3168.94,528.16,2011-09-14 09:13:00,86,United Kingdom
13052,7,1454.0,161,3168.53,452.65,2011-05-11 14:12:00,212,United Kingdom
16041,3,1584.0,6,3166.4,1055.47,2011-11-09 12:25:00,30,United Kingdom
14963,12,2317.0,304,3164.48,263.71,2011-11-30 12:16:00,9,United Kingdom
16584,5,1919.0,61,3163.67,632.73,2011-09-20 13:45:00,80,United Kingdom
16400,9,2159.0,214,3159.44,351.05,2011-09-06 12:27:00,94,United Kingdom
15031,14,1615.0,237,3156.58,225.47,2011-12-05 14:19:00,4,United Kingdom
12976,8,2684.0,106,3156.38,394.55,2011-05-12 09:55:00,211,United Kingdom
14748,10,2752.0,129,3152.32,315.23,2011-11-10 18:33:00,29,United Kingdom
14306,6,2065.0,43,3151.4,525.23,2011-10-19 13:23:00,51,United Kingdom
17090,13,1362.0,54,3149.48,242.27,2011-12-05 13:44:00,4,United Kingdom
15614,4,1632.0,73,3147.36,786.84,2010-09-28 10:46:00,437,United Kingdom
17702,6,2153.0,120,3144.04,524.01,2011-11-09 16:03:00,30,United Kingdom
17354,4,2535.0,85,3143.46,785.87,2011-10-20 10:34:00,50,United Kingdom
14978,10,740.0,175,3142.14,314.21,2011-09-28 13:07:00,72,United Kingdom
15095,10,2233.0,90,3141.64,314.16,2011-08-28 12:01:00,103,United Kingdom
17530,12,1965.0,359,3141.51,261.79,2011-12-08 18:42:00,1,United Kingdom
14897,8,1162.0,94,3140.54,392.57,2011-12-02 10:32:00,7,United Kingdom
13742,12,1124.0,200,3131.02,260.92,2011-11-23 11:07:00,16,United Kingdom
15596,9,1376.0,82,3130.04,347.78,2011-08-31 10:55:00,100,United Kingdom
14044,10,2126.0,533,3123.1,312.31,2011-11-13 12:05:00,26,United Kingdom
15199,10,894.0,17,3122.4,312.24,2011-10-11 15:12:00,59,United Kingdom
17145,4,2591.0,168,3120.91,780.23,2010-07-15 09:02:00,512,United Kingdom
13685,7,5056.0,29,3119.44,445.63,2011-12-07 11:41:00,2,United Kingdom
14700,5,1634.0,111,3116.26,623.25,2011-11-07 14:40:00,32,United Kingdom
13692,5,2101.0,83,3114.4,622.88,2011-11-15 11:17:00,24,United Kingdom
13772,8,1456.0,394,3114.22,389.28,2011-11-06 11:43:00,33,United Kingdom
13538,12,963.0,105,3112.73,259.39,2011-10-27 16:34:00,43,United Kingdom
16678,12,2397.0,92,3109.99,259.17,2011-12-07 12:17:00,2,United Kingdom
17870,13,1877.0,215,3108.15,239.09,2011-12-07 15:07:00,2,United Kingdom
12909,8,1948.0,120,3103.19,387.9,2011-10-31 12:43:00,39,United Kingdom
15491,6,1646.0,108,3100.09,516.68,2011-09-05 15:56:00,95,United Kingdom
13464,6,1440.0,128,3097.64,516.27,2011-10-12 15:01:00,58,United Kingdom
12937,9,1983.0,128,3097.61,344.18,2011-11-24 15:05:00,15,United Kingdom
15105,9,1747.0,129,3094.91,343.88,2011-11-21 16:54:00,18,United Kingdom
12849,6,1882.0,123,3090.56,515.09,2011-11-08 13:41:00,31,United Kingdom
14312,11,1904.0,148,3090.29,280.94,2011-10-24 09:46:00,46,United Kingdom
17552,12,2095.0,78,3085.29,257.11,2011-10-10 17:00:00,60,United Kingdom
12511,1,1753.0,190,3084.02,3084.02,2010-10-07 10:39:00,428,Greece
17929,12,434.0,6,3082.1,256.84,2011-11-28 16:01:00,11,United Kingdom
16007,7,2643.0,337,3075.14,439.31,2011-10-23 11:05:00,47,United Kingdom
17884,20,3088.0,305,3072.89,153.64,2011-12-06 11:33:00,3,United Kingdom
13647,8,1803.0,98,3071.68,383.96,2011-11-30 12:00:00,9,United Kingdom
12469,2,2552.0,76,3070.54,1535.27,2010-07-05 12:40:00,522,Thailand
13631,11,467.0,6,3070.42,279.13,2011-09-01 09:57:00,99,United Kingdom
14038,5,1708.0,99,3069.88,613.98,2011-09-22 13:37:00,78,United Kingdom
13196,7,2006.0,141,3068.84,438.41,2011-11-28 13:54:00,11,United Kingdom
13077,11,2785.0,208,3064.67,278.61,2011-12-08 19:24:00,1,United Kingdom
14456,9,2908.0,580,3062.4,340.27,2011-12-04 13:59:00,5,United Kingdom
16120,6,2205.0,84,3056.91,509.49,2011-10-11 14:22:00,59,United Kingdom
16775,16,1020.0,132,3056.89,191.06,2011-11-29 15:22:00,10,United Kingdom
15716,11,1821.0,188,3056.81,277.89,2011-07-17 11:59:00,145,United Kingdom
15241,11,3328.0,120,3050.16,277.29,2011-10-04 09:05:00,66,United Kingdom
16560,8,1603.0,140,3048.38,381.05,2011-11-13 10:35:00,26,United Kingdom
14916,8,2415.0,113,3042.95,380.37,2011-09-30 09:20:00,70,United Kingdom
15967,12,1204.0,316,3041.6,253.47,2011-11-16 15:41:00,23,United Kingdom
15754,9,1762.0,114,3037.61,337.51,2011-10-19 14:40:00,51,United Kingdom
13557,13,2398.0,126,3032.26,233.25,2011-11-11 15:24:00,28,United Kingdom
13485,11,1798.0,131,3019.22,274.47,2011-04-20 13:58:00,233,United Kingdom
15965,13,1433.0,202,3013.09,231.78,2011-11-22 16:44:00,17,United Kingdom
13963,17,2061.0,129,3011.87,177.17,2011-02-04 14:43:00,308,United Kingdom
12754,3,6481.0,49,3010.74,1003.58,2011-04-18 09:00:00,235,Japan
14590,20,904.0,124,3006.62,150.33,2010-10-11 12:06:00,424,United Kingdom
17032,8,1695.0,183,3004.6,375.58,2010-06-10 12:16:00,547,United Kingdom
14226,6,1726.0,89,3002.53,500.42,2011-11-11 11:34:00,28,United Kingdom
14621,9,1706.0,134,3000.57,333.4,2011-12-08 16:22:00,1,United Kingdom
13635,4,1884.0,135,2999.16,749.79,2011-10-03 10:55:00,67,United Kingdom
15810,8,1653.0,89,2999.04,374.88,2011-09-22 09:38:00,78,United Kingdom
15182,11,1186.0,78,2998.95,272.63,2011-07-08 13:37:00,154,United Kingdom
15611,26,747.0,43,2997.28,115.28,2011-11-30 12:36:00,9,United Kingdom
12457,8,1094.0,63,2995.91,374.49,2011-10-04 13:13:00,66,Switzerland
17961,100,1537.0,486,2995.54,29.96,2011-11-18 16:55:00,21,United Kingdom
12854,7,1635.0,188,2994.02,427.72,2011-09-22 12:15:00,78,United Kingdom
15687,9,1310.0,119,2993.1,332.57,2011-12-01 08:33:00,8,United Kingdom
16012,5,1766.0,207,2989.79,597.96,2011-11-04 13:25:00,35,United Kingdom
15681,14,1392.0,48,2989.7,213.55,2011-11-14 16:30:00,25,United Kingdom
12374,4,1362.0,79,2989.22,747.31,2011-11-14 15:37:00,25,Austria
18241,21,1471.0,101,2986.99,142.24,2011-11-30 12:10:00,9,United Kingdom
15329,11,1219.0,98,2984.33,271.3,2011-10-31 15:36:00,39,United Kingdom
14544,3,2438.0,148,2982.43,994.14,2011-11-15 15:06:00,24,United Kingdom
17692,12,2338.0,90,2975.8,247.98,2011-08-04 14:01:00,127,United Kingdom
16383,7,1620.0,239,2974.84,424.98,2011-09-26 12:45:00,74,United Kingdom
16416,9,2210.0,146,2972.88,330.32,2011-11-13 12:50:00,26,United Kingdom
13012,11,1563.0,95,2972.83,270.26,2011-11-30 13:05:00,9,United Kingdom
13110,12,763.0,167,2957.47,246.46,2011-11-08 14:30:00,31,United Kingdom
16736,5,1050.0,116,2956.56,591.31,2010-07-22 10:09:00,505,United Kingdom
12826,12,1995.0,93,2955.75,246.31,2011-12-07 10:25:00,2,United Kingdom
12877,20,2262.0,149,2955.17,147.76,2011-12-06 10:30:00,3,United Kingdom
13764,6,2099.0,295,2953.26,492.21,2011-09-30 12:03:00,70,United Kingdom
14867,16,996.0,67,2952.06,184.5,2011-06-07 11:39:00,185,United Kingdom
13253,4,3015.0,73,2951.11,737.78,2011-07-06 10:09:00,156,United Kingdom
15757,6,1757.0,162,2940.36,490.06,2011-10-05 12:14:00,65,United Kingdom
17444,3,2119.0,132,2940.04,980.01,2011-07-15 12:05:00,147,Canada
17588,7,1379.0,35,2939.55,419.94,2011-08-31 13:37:00,100,United Kingdom
15235,16,1735.0,161,2937.81,183.61,2011-05-06 09:44:00,217,United Kingdom
14524,13,1176.0,250,2933.71,225.67,2011-11-08 12:29:00,31,United Kingdom
12635,4,1949.0,159,2930.41,732.6,2011-09-11 11:04:00,89,Germany
15312,12,1693.0,118,2930.19,244.18,2011-09-25 13:10:00,75,United Kingdom
15862,13,1680.0,417,2928.29,225.25,2011-12-01 13:28:00,8,United Kingdom
13890,14,1392.0,100,2927.38,209.1,2011-12-08 15:36:00,1,United Kingdom
12906,5,1749.0,55,2919.81,583.96,2011-11-28 09:55:00,11,United Kingdom
16358,5,2065.0,118,2919.65,583.93,2011-12-08 15:09:00,1,United Kingdom
15392,7,2144.0,100,2911.62,415.95,2011-12-05 11:01:00,4,United Kingdom
13784,14,2827.0,13,2910.23,207.87,2011-11-30 09:33:00,9,United Kingdom
12438,2,1180.0,84,2906.85,1453.43,2011-11-25 13:28:00,14,Norway
13455,6,985.0,79,2905.93,484.32,2011-11-15 11:21:00,24,United Kingdom
14233,7,1261.0,42,2904.27,414.9,2011-10-21 15:54:00,49,United Kingdom
16755,7,1999.0,219,2900.58,414.37,2011-08-17 13:21:00,114,United Kingdom
14404,13,1656.0,123,2899.11,223.01,2011-11-06 12:30:00,33,United Kingdom
17320,6,1392.0,86,2895.77,482.63,2011-08-31 13:31:00,100,United Kingdom
15100,7,334.0,11,2894.7,413.53,2011-01-10 10:35:00,333,United Kingdom
17242,5,1459.0,44,2889.28,577.86,2011-08-23 14:55:00,108,United Kingdom
13501,3,1253.0,90,2885.11,961.7,2011-02-24 18:59:00,288,Switzerland
16633,6,1138.0,115,2883.1,480.52,2011-11-22 13:41:00,17,United Kingdom
14251,5,1674.0,37,2879.7,575.94,2011-12-08 08:32:00,1,United Kingdom
12806,4,2087.0,58,2878.96,719.74,2010-09-30 13:34:00,435,Netherlands
18170,9,1184.0,59,2878.0,319.78,2011-11-06 14:35:00,33,United Kingdom
14005,5,2478.0,53,2874.72,574.94,2011-11-30 12:41:00,9,United Kingdom
15043,6,1031.0,39,2873.8,478.97,2011-11-08 14:26:00,31,United Kingdom
16467,7,7384.0,14,2869.16,409.88,2010-07-19 11:49:00,508,United Kingdom
14711,11,978.0,221,2868.8,260.8,2011-11-29 14:58:00,10,United Kingdom
16711,9,1212.0,26,2868.48,318.72,2011-12-06 16:32:00,3,United Kingdom
16229,6,1292.0,144,2867.86,477.98,2011-09-13 17:16:00,87,United Kingdom
16225,15,1285.0,189,2867.41,191.16,2011-10-26 08:30:00,44,United Kingdom
15563,7,3019.0,179,2867.0,409.57,2011-11-17 14:50:00,22,United Kingdom
16086,10,1526.0,66,2864.99,286.5,2011-10-11 13:09:00,59,United Kingdom
14758,7,840.0,91,2864.97,409.28,2011-07-18 08:21:00,144,United Kingdom
16062,8,2035.0,134,2863.45,357.93,2011-11-30 12:15:00,9,United Kingdom
12685,6,1523.0,117,2863.08,477.18,2011-11-11 13:46:00,28,France
14875,3,1332.0,88,2862.4,954.13,2011-08-24 12:20:00,107,United Kingdom
16979,9,1451.0,82,2859.74,317.75,2011-12-06 12:21:00,3,United Kingdom
14035,9,1419.0,70,2856.72,317.41,2011-11-11 10:03:00,28,United Kingdom
13728,16,1269.0,75,2855.17,178.45,2011-11-03 10:49:00,36,United Kingdom
16742,14,2600.0,51,2852.61,203.76,2011-10-24 12:02:00,46,United Kingdom
12352,10,724.0,70,2849.84,284.98,2011-11-03 14:37:00,36,Norway
14935,2,1931.0,25,2849.83,1424.91,2011-02-15 14:44:00,297,Channel Islands
16163,6,768.0,59,2849.58,474.93,2011-04-21 15:15:00,232,United Kingdom
13032,9,1281.0,147,2843.55,315.95,2011-10-18 15:54:00,52,United Kingdom
12676,11,1867.0,67,2843.09,258.46,2011-11-15 12:25:00,24,Sweden
16554,8,1346.0,108,2841.72,355.22,2011-10-28 14:51:00,42,United Kingdom
13477,11,2095.0,112,2834.17,257.65,2011-11-02 12:04:00,37,United Kingdom
17368,14,2343.0,195,2826.14,201.87,2011-11-16 15:26:00,23,United Kingdom
14842,4,1166.0,128,2824.69,706.17,2011-10-27 12:37:00,43,United Kingdom
16407,14,1484.0,120,2821.65,201.55,2011-11-27 11:05:00,12,United Kingdom
15797,6,1281.0,12,2821.08,470.18,2011-08-18 17:04:00,113,United Kingdom
13719,11,1599.0,194,2815.25,255.93,2011-11-24 15:26:00,15,United Kingdom
15660,15,1893.0,73,2812.99,187.53,2011-11-14 16:58:00,25,United Kingdom
17386,7,1955.0,32,2812.77,401.82,2011-12-02 11:28:00,7,United Kingdom
16871,6,1253.0,131,2812.34,468.72,2011-11-17 19:27:00,22,United Kingdom
14903,5,1536.0,227,2810.63,562.13,2011-11-18 16:07:00,21,United Kingdom
13330,6,1975.0,80,2806.18,467.7,2011-09-08 12:27:00,92,United Kingdom
16817,13,1565.0,107,2804.9,215.76,2011-12-07 11:03:00,2,United Kingdom
17470,11,2843.0,111,2804.87,254.99,2011-10-26 12:42:00,44,United Kingdom
14869,6,2138.0,187,2804.24,467.37,2011-12-01 12:36:00,8,United Kingdom
13799,9,1539.0,64,2803.57,311.51,2011-08-15 12:07:00,116,United Kingdom
13205,1,256.0,1,2803.2,2803.2,2010-09-22 16:26:00,443,United Kingdom
16764,13,1259.0,209,2799.25,215.33,2011-12-06 11:41:00,3,United Kingdom
15993,7,2051.0,335,2797.57,399.65,2011-12-01 10:45:00,8,United Kingdom
17284,8,2071.0,285,2793.16,349.15,2011-10-10 14:38:00,60,United Kingdom
12863,6,895.0,24,2792.55,465.43,2011-10-18 14:15:00,52,United Kingdom
15073,8,1410.0,115,2788.02,348.5,2011-11-30 10:44:00,9,United Kingdom
15021,12,1217.0,355,2783.83,231.99,2011-12-01 11:53:00,8,United Kingdom
17790,20,1389.0,188,2783.61,139.18,2011-11-13 11:30:00,26,United Kingdom
14121,4,2082.0,148,2780.15,695.04,2011-12-06 12:19:00,3,United Kingdom
16104,9,1048.0,187,2778.61,308.73,2011-10-09 10:23:00,61,United Kingdom
17591,8,1173.0,93,2776.67,347.08,2011-09-27 13:42:00,73,United Kingdom
16335,7,1016.0,193,2774.0,396.29,2010-06-06 11:35:00,551,United Kingdom
17031,6,1595.0,34,2773.85,462.31,2011-11-28 10:23:00,11,United Kingdom
12391,6,1220.0,241,2773.42,462.24,2011-11-18 12:07:00,21,Cyprus
13695,16,1791.0,47,2770.73,173.17,2011-11-08 14:26:00,31,United Kingdom
17720,10,1613.0,81,2768.91,276.89,2011-11-13 15:04:00,26,United Kingdom
18210,7,1499.0,116,2768.83,395.55,2011-12-08 11:02:00,1,United Kingdom
14696,8,2151.0,137,2767.9,345.99,2011-12-05 13:43:00,4,United Kingdom
15817,3,1596.0,133,2766.4,922.13,2010-10-15 11:07:00,420,United Kingdom
13736,7,1552.0,325,2766.21,395.17,2011-12-04 15:19:00,5,United Kingdom
17676,10,1932.0,85,2765.84,276.58,2011-12-05 15:16:00,4,United Kingdom
13813,8,1292.0,84,2765.47,345.68,2011-10-31 10:38:00,39,Germany
17115,7,885.0,102,2761.49,394.5,2011-12-01 14:30:00,8,United Kingdom
17262,11,709.0,12,2757.62,250.69,2011-10-18 12:56:00,52,United Kingdom
17490,9,1531.0,93,2750.5,305.61,2011-12-09 09:08:00,0,United Kingdom
14665,7,1144.0,94,2749.65,392.81,2011-10-10 09:14:00,60,United Kingdom
12982,8,1729.0,139,2744.81,343.1,2011-04-11 11:51:00,242,United Kingdom
17241,12,865.0,116,2744.14,228.68,2010-11-19 13:01:00,385,United Kingdom
12669,3,1115.0,98,2744.03,914.68,2011-07-12 09:54:00,150,France
15841,9,2391.0,60,2742.41,304.71,2011-09-28 12:15:00,72,United Kingdom
16434,12,1338.0,126,2741.74,228.48,2011-11-10 14:28:00,29,United Kingdom
14808,8,2147.0,176,2741.17,342.65,2011-10-31 12:21:00,39,United Kingdom
14125,3,1640.0,159,2740.43,913.48,2011-11-29 12:47:00,10,United Kingdom
18283,22,1733.0,352,2736.65,124.39,2011-12-06 12:02:00,3,United Kingdom
15389,5,3940.0,2,2733.8,546.76,2011-06-20 16:18:00,172,United Kingdom
15111,5,1164.0,109,2730.87,546.17,2011-11-10 16:58:00,29,United Kingdom
12986,10,1164.0,61,2729.84,272.98,2010-10-07 11:57:00,428,United Kingdom
13211,10,1890.0,98,2729.32,272.93,2011-11-29 14:43:00,10,United Kingdom
12739,4,951.0,85,2726.73,681.68,2011-09-22 13:00:00,78,United Arab Emirates
16190,8,1231.0,89,2723.55,340.44,2011-10-30 15:59:00,40,United Kingdom
15985,7,2750.0,50,2715.28,387.9,2011-08-08 16:31:00,123,United Kingdom
16232,7,1849.0,60,2712.97,387.57,2011-10-27 12:16:00,43,United Kingdom
16359,16,1764.0,78,2697.75,168.61,2011-12-02 17:04:00,7,United Kingdom
18173,5,1730.0,34,2696.36,539.27,2011-09-14 11:26:00,86,United Kingdom
12725,4,1306.0,92,2694.56,673.64,2010-12-03 15:45:00,371,Italy
17388,11,2567.0,41,2691.57,244.69,2011-09-23 10:31:00,77,United Kingdom
12820,11,1964.0,131,2689.52,244.5,2011-12-06 15:12:00,3,United Kingdom
15910,15,2171.0,394,2681.8,178.79,2011-12-09 10:51:00,0,United Kingdom
14496,7,991.0,64,2668.23,381.18,2011-02-01 09:01:00,311,United Kingdom
16369,7,1594.0,115,2664.81,380.69,2011-11-21 16:25:00,18,United Kingdom
13473,8,1000.0,65,2657.76,332.22,2011-10-10 11:20:00,60,United Kingdom
15671,7,1699.0,52,2657.13,379.59,2011-11-21 12:43:00,18,United Kingdom
15157,5,3466.0,152,2654.11,530.82,2011-12-06 11:28:00,3,United Kingdom
14756,3,1423.0,102,2653.76,884.59,2011-11-24 18:13:00,15,United Kingdom
14410,11,1377.0,307,2651.14,241.01,2011-09-08 15:08:00,92,United Kingdom
17744,7,3826.0,121,2649.14,378.45,2011-12-06 12:11:00,3,United Kingdom
12516,4,1952.0,49,2648.62,662.16,2011-09-23 09:13:00,77,Germany
13203,10,2413.0,158,2648.25,264.83,2011-11-30 10:45:00,9,United Kingdom
16618,5,1363.0,79,2647.59,529.52,2011-11-08 13:52:00,31,United Kingdom
13117,18,2067.0,122,2643.81,146.88,2011-11-18 12:02:00,21,United Kingdom
13819,6,2309.0,47,2642.35,440.39,2011-02-11 10:38:00,301,United Kingdom
13173,11,1620.0,160,2639.35,239.94,2011-12-05 15:51:00,4,United Kingdom
15814,6,1728.0,83,2634.44,439.07,2011-11-23 08:17:00,16,United Kingdom
12520,5,1439.0,121,2634.26,526.85,2011-09-21 15:23:00,79,Germany
16276,3,1467.0,20,2629.39,876.46,2011-06-16 09:34:00,176,United Kingdom
14548,9,1021.0,66,2627.49,291.94,2011-07-12 12:19:00,150,United Kingdom
13422,1,1326.0,127,2626.3,2626.3,2011-10-06 13:42:00,64,United Kingdom
13644,4,2067.0,144,2624.26,656.07,2011-11-23 14:07:00,16,United Kingdom
12671,1,1460.0,45,2622.48,2622.48,2010-04-12 16:30:00,606,Germany
12423,10,1793.0,128,2622.39,262.24,2011-12-09 10:10:00,0,Denmark
14573,13,835.0,183,2621.42,201.65,2011-06-13 11:15:00,179,United Kingdom
15142,6,2155.0,115,2619.92,436.65,2011-10-24 12:51:00,46,United Kingdom
14262,8,1645.0,87,2618.23,327.28,2011-12-01 14:17:00,8,United Kingdom
17043,8,1624.0,175,2616.55,327.07,2011-11-07 15:33:00,32,United Kingdom
14195,6,2144.0,10,2615.6,435.93,2011-05-22 10:29:00,201,United Kingdom
15426,9,1220.0,327,2615.39,290.6,2011-11-20 15:36:00,19,United Kingdom
14431,4,1202.0,72,2614.2,653.55,2011-02-10 10:40:00,302,United Kingdom
13700,13,2809.0,163,2613.46,201.04,2011-11-13 13:00:00,26,United Kingdom
14397,19,1890.0,18,2612.96,137.52,2011-12-07 09:22:00,2,United Kingdom
14564,2,1295.0,107,2605.62,1302.81,2010-10-01 09:02:00,434,Channel Islands
16206,13,1384.0,187,2602.32,200.18,2011-10-16 10:41:00,54,United Kingdom
17787,4,1266.0,94,2601.47,650.37,2011-07-10 11:24:00,152,United Kingdom
17317,3,1146.0,8,2600.34,866.78,2011-10-24 17:19:00,46,United Kingdom
15826,4,1824.0,100,2598.28,649.57,2011-10-14 16:05:00,56,United Kingdom
12412,6,1997.0,82,2596.93,432.82,2011-09-26 10:16:00,74,Denmark
14163,5,950.0,42,2594.62,518.92,2011-09-13 15:18:00,87,United Kingdom
14229,7,934.0,41,2594.04,370.58,2011-10-19 10:04:00,51,United Kingdom
14129,9,1414.0,40,2591.34,287.93,2011-12-08 11:02:00,1,United Kingdom
14147,9,995.0,24,2590.2,287.8,2011-09-22 18:10:00,78,United Kingdom
15033,10,1695.0,315,2586.67,258.67,2011-12-05 12:40:00,4,United Kingdom
15062,8,1872.0,98,2585.62,323.2,2011-09-29 16:51:00,71,United Kingdom
17897,9,1043.0,211,2585.0,287.22,2011-06-20 11:23:00,172,United Kingdom
12592,5,1875.0,42,2582.66,516.53,2011-09-08 15:04:00,92,Germany
13151,3,832.0,131,2580.74,860.25,2011-02-17 12:29:00,295,United Kingdom
16244,2,1474.0,88,2579.38,1289.69,2011-05-12 10:18:00,211,United Kingdom
16499,8,1364.0,104,2578.34,322.29,2010-12-14 13:31:00,360,United Kingdom
16115,12,1601.0,230,2575.14,214.6,2011-11-30 11:32:00,9,United Kingdom
17095,7,1695.0,110,2572.25,367.46,2011-11-17 12:21:00,22,United Kingdom
14745,12,1977.0,74,2571.81,214.32,2011-08-19 10:05:00,112,United Kingdom
17002,7,1265.0,64,2571.55,367.36,2011-09-15 12:40:00,85,United Kingdom
13652,5,1570.0,116,2570.85,514.17,2011-10-25 08:51:00,45,United Kingdom
15434,11,1423.0,82,2567.06,233.37,2011-12-01 13:33:00,8,United Kingdom
13623,10,1023.0,211,2566.49,256.65,2011-11-09 12:00:00,30,United Kingdom
15747,9,1370.0,116,2562.61,284.73,2011-11-27 12:26:00,12,United Kingdom
13192,6,1629.0,135,2558.58,426.43,2011-09-05 14:13:00,95,United Kingdom
17463,7,1490.0,234,2557.91,365.42,2011-11-23 13:40:00,16,United Kingdom
16036,4,1369.0,120,2556.84,639.21,2011-09-13 14:53:00,87,United Kingdom
13862,9,1927.0,113,2556.09,284.01,2011-11-21 16:24:00,18,United Kingdom
15906,10,751.0,143,2555.64,255.56,2011-11-20 12:24:00,19,United Kingdom
17550,9,989.0,250,2547.64,283.07,2011-05-26 14:09:00,197,United Kingdom
18179,8,1811.0,101,2547.55,318.44,2011-11-30 16:23:00,9,United Kingdom
13344,3,971.0,115,2543.72,847.91,2011-10-03 09:45:00,67,United Kingdom
17465,7,1477.0,103,2542.79,363.26,2010-10-10 11:56:00,425,United Kingdom
14810,13,1247.0,125,2537.02,195.16,2011-10-30 11:19:00,40,United Kingdom
16987,11,679.0,155,2535.9,230.54,2011-12-06 17:26:00,3,United Kingdom
16016,11,1059.0,181,2533.94,230.36,2011-12-06 14:35:00,3,United Kingdom
13471,4,1590.0,214,2531.58,632.9,2011-12-08 15:44:00,1,United Kingdom
16889,6,1616.0,163,2530.9,421.82,2011-05-29 11:05:00,194,United Kingdom
14659,9,1195.0,147,2529.93,281.1,2011-12-01 12:17:00,8,United Kingdom
14790,10,2642.0,65,2526.62,252.66,2011-11-23 09:28:00,16,United Kingdom
17101,7,1175.0,54,2507.05,358.15,2011-11-29 13:57:00,10,United Kingdom
15860,17,1342.0,249,2505.21,147.37,2011-10-30 11:25:00,40,United Kingdom
12517,5,1371.0,232,2502.84,500.57,2011-11-11 14:04:00,28,Germany
12978,5,1394.0,126,2502.82,500.56,2010-11-19 14:29:00,385,United Kingdom
16202,9,1307.0,105,2501.99,278.0,2010-12-14 10:43:00,360,United Kingdom
17288,11,1706.0,233,2499.98,227.27,2011-11-30 16:09:00,9,United Kingdom
14541,14,1129.0,99,2499.68,178.55,2011-10-12 10:08:00,58,United Kingdom
17594,4,1368.0,70,2497.88,624.47,2011-09-15 16:34:00,85,United Kingdom
15932,8,2325.0,93,2495.87,311.98,2011-12-05 17:13:00,4,United Kingdom
13414,6,2702.0,48,2494.14,415.69,2011-07-29 11:45:00,133,United Kingdom
16795,3,1459.0,306,2492.39,830.8,2010-12-09 14:08:00,365,United Kingdom
15227,9,1217.0,86,2488.49,276.5,2011-11-03 11:59:00,36,United Kingdom
15117,8,3093.0,89,2485.97,310.75,2011-11-25 08:12:00,14,United Kingdom
14449,8,1778.0,301,2482.8,310.35,2011-11-21 12:06:00,18,United Kingdom
16520,6,1266.0,251,2482.62,413.77,2011-06-06 13:24:00,186,United Kingdom
13507,4,1597.0,146,2479.16,619.79,2011-12-06 13:13:00,3,United Kingdom
13588,9,2606.0,131,2478.95,275.44,2011-11-24 10:42:00,15,United Kingdom
17348,9,2793.0,326,2476.41,275.16,2011-11-25 11:25:00,14,United Kingdom
13134,6,1364.0,110,2475.23,412.54,2011-09-15 10:35:00,85,United Kingdom
14256,5,1171.0,100,2473.99,494.8,2011-03-24 13:17:00,260,United Kingdom
13878,4,959.0,93,2473.06,618.27,2011-10-16 12:19:00,54,United Kingdom
13762,5,2608.0,23,2472.48,494.5,2011-05-05 09:15:00,218,United Kingdom
14502,11,1498.0,368,2470.67,224.61,2011-11-20 11:50:00,19,United Kingdom
17732,8,1151.0,90,2470.39,308.8,2010-12-02 09:29:00,372,United Kingdom
12924,12,1423.0,56,2469.4,205.78,2011-09-12 13:55:00,88,United Kingdom
14421,6,1342.0,72,2469.37,411.56,2011-10-13 13:24:00,57,United Kingdom
17164,7,1501.0,92,2467.35,352.48,2011-11-07 09:14:00,32,United Kingdom
15221,4,287.0,21,2465.45,616.36,2010-12-08 13:08:00,366,United Kingdom
17131,5,983.0,78,2463.17,492.63,2011-12-04 12:52:00,5,United Kingdom
16470,11,1357.0,286,2458.6,223.51,2011-10-19 12:11:00,51,United Kingdom
17629,10,1903.0,129,2455.52,245.55,2011-12-04 10:56:00,5,United Kingdom
17894,18,1020.0,215,2453.38,136.3,2011-09-29 09:23:00,71,United Kingdom
12701,6,1727.0,118,2446.41,407.73,2011-09-21 10:47:00,79,Germany
13338,4,1151.0,113,2445.62,611.41,2011-07-05 09:06:00,157,United Kingdom
18171,9,991.0,76,2437.31,270.81,2011-10-12 09:13:00,58,United Kingdom
15623,8,1087.0,91,2437.05,304.63,2011-07-21 17:26:00,141,United Kingdom
16005,10,1310.0,315,2436.22,243.62,2011-11-27 13:47:00,12,United Kingdom
17505,5,1242.0,83,2435.48,487.1,2011-07-01 12:50:00,161,United Kingdom
13085,8,944.0,50,2433.28,304.16,2011-07-05 12:11:00,157,United Kingdom
13094,13,2088.0,5,2433.12,187.16,2011-11-18 14:07:00,21,United Kingdom
16638,15,1651.0,130,2430.53,162.04,2011-11-17 11:09:00,22,United Kingdom
15077,2,528.0,28,2428.08,1214.04,2010-08-02 11:13:00,494,United Kingdom
13949,6,2474.0,124,2427.32,404.55,2011-12-07 09:35:00,2,United Kingdom
17004,4,1281.0,48,2425.16,606.29,2011-10-24 14:25:00,46,United Kingdom
12733,4,896.0,117,2424.87,606.22,2011-04-19 16:19:00,234,USA
17921,10,1002.0,230,2423.5,242.35,2011-10-06 18:56:00,64,United Kingdom
15658,8,691.0,79,2423.47,302.93,2011-06-02 15:22:00,190,United Kingdom
15215,7,776.0,85,2422.43,346.06,2011-10-24 11:41:00,46,United Kingdom
15089,6,1359.0,139,2420.84,403.47,2011-11-29 16:31:00,10,United Kingdom
15489,8,1264.0,75,2419.61,302.45,2011-11-17 08:53:00,22,United Kingdom
16040,7,1185.0,95,2416.9,345.27,2011-10-05 13:47:00,65,United Kingdom
12802,7,1972.0,108,2416.42,345.2,2011-06-06 09:36:00,186,Netherlands
13118,9,834.0,111,2415.41,268.38,2011-11-20 12:46:00,19,United Kingdom
14205,9,1342.0,79,2414.2,268.24,2011-11-23 10:55:00,16,United Kingdom
12397,2,1263.0,110,2409.9,1204.95,2011-11-04 09:52:00,35,Belgium
16833,6,878.0,87,2409.04,401.51,2011-12-08 14:39:00,1,United Kingdom
17671,5,1177.0,54,2403.34,480.67,2011-11-24 12:21:00,15,United Kingdom
15341,2,1008.0,22,2402.72,1201.36,2011-09-20 09:40:00,80,United Kingdom
15793,8,1685.0,12,2399.57,299.95,2011-11-25 09:31:00,14,United Kingdom
12393,6,1311.0,63,2399.45,399.91,2011-09-28 15:41:00,72,Australia
14414,8,2877.0,99,2399.33,299.92,2011-09-09 12:09:00,91,United Kingdom
16147,5,1395.0,113,2398.91,479.78,2011-07-29 09:57:00,133,United Kingdom
16883,19,1080.0,159,2396.59,126.14,2011-06-05 12:51:00,187,United Kingdom
16812,4,1116.0,98,2392.0,598.0,2010-12-14 12:35:00,360,United Kingdom
15366,7,2447.0,86,2389.08,341.3,2011-09-25 15:01:00,75,United Kingdom
17827,6,1592.0,240,2388.05,398.01,2011-12-04 15:00:00,5,United Kingdom
14443,5,1520.0,119,2386.47,477.29,2011-10-17 10:10:00,53,United Kingdom
16105,5,2125.0,92,2386.19,477.24,2011-04-05 10:13:00,248,United Kingdom
17623,7,801.0,130,2383.67,340.52,2011-11-07 11:32:00,32,United Kingdom
17905,13,1373.0,129,2383.52,183.35,2011-09-29 17:33:00,71,United Kingdom
16065,8,1447.0,214,2382.62,297.83,2010-12-09 13:03:00,365,United Kingdom
14554,4,1478.0,147,2381.04,595.26,2011-11-29 16:44:00,10,United Kingdom
17434,7,1693.0,100,2373.82,339.12,2011-12-07 13:16:00,2,United Kingdom
17969,20,1017.0,113,2369.94,118.5,2011-06-26 13:00:00,166,United Kingdom
13908,4,1478.0,104,2369.55,592.39,2011-09-21 11:49:00,79,United Kingdom
15015,13,1593.0,158,2365.02,181.92,2010-07-26 13:50:00,501,United Kingdom
14295,5,1029.0,66,2362.91,472.58,2011-10-30 15:50:00,40,United Kingdom
17634,9,840.0,209,2361.97,262.44,2011-11-03 13:09:00,36,United Kingdom
16676,6,927.0,106,2361.9,393.65,2011-11-06 12:01:00,33,United Kingdom
13614,6,828.0,227,2359.19,393.2,2011-11-15 14:47:00,24,United Kingdom
16083,4,1514.0,61,2351.42,587.86,2011-08-31 10:47:00,100,United Kingdom
15549,8,940.0,139,2345.96,293.25,2011-09-23 16:22:00,77,United Kingdom
16085,12,1384.0,259,2343.53,195.29,2011-11-16 13:24:00,23,United Kingdom
12704,8,1006.0,64,2340.84,292.61,2011-12-02 13:15:00,7,Finland
17282,5,2351.0,168,2339.66,467.93,2011-08-01 14:29:00,130,United Kingdom
12584,9,416.0,44,2338.15,259.79,2011-12-06 09:35:00,3,Italy
16496,6,1764.0,120,2330.77,388.46,2011-12-01 10:31:00,8,United Kingdom
17313,1,1402.0,24,2328.84,2328.84,2011-11-08 15:45:00,31,United Kingdom
13280,7,1495.0,159,2322.63,331.8,2011-08-09 13:14:00,122,United Kingdom
17113,6,915.0,122,2322.59,387.1,2010-05-14 13:59:00,574,United Kingdom
14938,2,1369.0,71,2322.43,1161.22,2010-05-26 13:38:00,562,Channel Islands
13091,3,1339.0,41,2321.82,773.94,2011-11-11 15:54:00,28,United Kingdom
13055,4,1821.0,145,2321.11,580.28,2011-09-22 14:26:00,78,United Kingdom
16628,7,1260.0,84,2318.1,331.16,2011-11-10 12:45:00,29,United Kingdom
12724,7,1379.0,94,2317.52,331.07,2011-12-04 16:02:00,5,France
12948,9,1304.0,89,2317.43,257.49,2011-11-23 17:10:00,16,United Kingdom
14346,5,1878.0,123,2315.75,463.15,2011-08-11 09:47:00,120,United Kingdom
14555,6,850.0,94,2315.63,385.94,2011-10-13 16:24:00,57,United Kingdom
17994,11,2194.0,227,2313.32,210.3,2011-08-10 11:41:00,121,United Kingdom
13994,6,940.0,122,2313.14,385.52,2011-12-06 11:05:00,3,United Kingdom
14481,5,1584.0,114,2311.49,462.3,2011-06-28 10:38:00,164,United Kingdom
17193,9,1668.0,28,2310.04,256.67,2011-11-04 12:47:00,35,United Kingdom
13704,9,1531.0,111,2308.06,256.45,2011-12-04 15:13:00,5,United Kingdom
15946,3,1614.0,25,2304.18,768.06,2010-07-25 12:18:00,502,United Kingdom
13059,10,864.0,155,2303.17,230.32,2011-04-04 10:40:00,249,United Kingdom
18095,5,1623.0,37,2303.09,460.62,2011-01-31 12:50:00,312,United Kingdom
17324,12,1537.0,111,2301.87,191.82,2011-11-22 10:34:00,17,United Kingdom
16077,1,840.0,8,2300.4,2300.4,2010-03-24 10:42:00,625,United Kingdom
16531,11,1863.0,109,2298.33,208.94,2011-11-17 16:29:00,22,United Kingdom
13371,2,1019.0,75,2297.66,1148.83,2010-07-22 17:33:00,505,United Kingdom
12599,13,2189.0,47,2296.72,176.67,2011-11-10 13:34:00,29,France
16485,5,1154.0,126,2294.68,458.94,2011-09-23 15:50:00,77,United Kingdom
12649,8,1959.0,94,2294.65,286.83,2011-08-24 14:41:00,107,Germany
14901,12,1053.0,103,2289.65,190.8,2011-11-28 17:09:00,11,United Kingdom
17047,6,1184.0,114,2289.23,381.54,2011-09-15 13:27:00,85,United Kingdom
17018,6,456.0,26,2287.7,381.28,2011-10-30 11:42:00,40,United Kingdom
12684,7,1985.0,61,2283.63,326.23,2011-12-02 09:53:00,7,France
18051,7,1661.0,41,2282.28,326.04,2010-03-15 13:58:00,634,United Kingdom
13655,6,1225.0,103,2280.51,380.09,2011-08-17 14:25:00,114,United Kingdom
14462,12,1072.0,182,2270.01,189.17,2011-10-04 15:55:00,66,United Kingdom
13748,9,1108.0,40,2268.35,252.04,2011-09-05 09:45:00,95,United Kingdom
15638,6,1134.0,20,2265.2,377.53,2010-11-26 11:52:00,378,United Kingdom
16042,8,1442.0,88,2265.12,283.14,2011-11-17 17:50:00,22,United Kingdom
15734,4,516.0,36,2263.3,565.83,2011-08-17 10:50:00,114,United Kingdom
16823,7,1168.0,149,2260.09,322.87,2011-04-26 15:00:00,227,United Kingdom
13814,3,1214.0,56,2257.32,752.44,2011-09-08 13:48:00,92,Germany
17180,11,1828.0,189,2256.98,205.18,2011-10-14 15:46:00,56,United Kingdom
14432,6,2070.0,256,2255.51,375.92,2011-11-30 08:04:00,9,United Kingdom
16350,9,1077.0,72,2253.89,250.43,2011-11-18 15:53:00,21,United Kingdom
13662,11,1179.0,126,2250.11,204.56,2011-09-15 12:04:00,85,United Kingdom
17414,6,6256.0,6,2249.52,374.92,2011-10-27 12:13:00,43,United Kingdom
15865,5,1147.0,119,2248.92,449.78,2011-10-30 12:43:00,40,United Kingdom
14644,7,770.0,50,2247.72,321.1,2011-10-03 08:30:00,67,United Kingdom
18215,5,1143.0,53,2247.49,449.5,2011-09-11 16:05:00,89,United Kingdom
16177,8,1021.0,79,2247.31,280.91,2011-10-20 12:57:00,50,United Kingdom
12868,8,1282.0,86,2247.06,280.88,2011-06-07 10:42:00,185,United Kingdom
16174,7,1431.0,28,2246.75,320.96,2011-08-05 13:26:00,126,United Kingdom
13627,7,1632.0,118,2245.9,320.84,2011-10-11 14:20:00,59,United Kingdom
13407,3,1690.0,85,2244.7,748.23,2010-05-10 12:41:00,578,United Kingdom
17075,10,787.0,153,2241.73,224.17,2011-11-22 11:58:00,17,United Kingdom
15629,4,1518.0,39,2240.9,560.22,2010-09-15 13:46:00,450,United Kingdom
16551,7,2076.0,67,2237.12,319.59,2011-09-05 09:38:00,95,United Kingdom
16108,4,1473.0,124,2235.92,558.98,2011-09-16 11:48:00,84,United Kingdom
16221,9,1515.0,177,2235.51,248.39,2011-11-03 11:43:00,36,United Kingdom
16076,10,1435.0,71,2234.73,223.47,2011-12-06 14:59:00,3,United Kingdom
14177,13,1048.0,141,2229.34,171.49,2011-09-14 15:11:00,86,United Kingdom
17460,16,980.0,93,2228.27,139.27,2011-09-06 15:04:00,94,United Kingdom
14472,9,1305.0,173,2228.22,247.58,2011-08-28 11:01:00,103,United Kingdom
13320,6,1519.0,98,2228.1,371.35,2011-09-22 18:07:00,78,United Kingdom
12783,6,624.0,76,2225.91,370.98,2011-12-07 15:56:00,2,Portugal
13365,2,1247.0,122,2225.37,1112.69,2011-11-06 12:36:00,33,United Kingdom
14467,12,1196.0,144,2220.99,185.08,2011-11-22 12:48:00,17,United Kingdom
15550,12,1144.0,166,2218.8,184.9,2011-12-05 15:38:00,4,United Kingdom
14321,7,3275.0,162,2218.06,316.87,2011-11-29 09:47:00,10,United Kingdom
18177,9,1239.0,66,2216.87,246.32,2011-11-08 14:44:00,31,United Kingdom
17648,5,954.0,114,2216.37,443.27,2011-10-10 09:41:00,60,United Kingdom
13478,5,1189.0,114,2215.78,443.16,2010-08-27 13:23:00,469,United Kingdom
14708,5,1509.0,27,2212.28,442.46,2011-12-07 08:21:00,2,United Kingdom
15476,4,1174.0,67,2209.98,552.5,2010-11-24 15:17:00,380,United Kingdom
14834,7,872.0,55,2206.16,315.17,2011-11-22 10:30:00,17,United Kingdom
13410,9,1244.0,25,2201.96,244.66,2011-11-15 15:33:00,24,United Kingdom
14597,6,1447.0,79,2201.54,366.92,2011-11-28 13:13:00,11,United Kingdom
14006,7,2181.0,55,2196.67,313.81,2011-08-16 09:39:00,115,United Kingdom
16317,5,1236.0,103,2192.51,438.5,2011-08-12 12:46:00,119,United Kingdom
15934,2,2166.0,29,2190.66,1095.33,2010-10-18 10:13:00,417,United Kingdom
14212,2,2046.0,18,2190.14,1095.07,2011-09-11 12:45:00,89,United Kingdom
17822,5,1389.0,152,2188.5,437.7,2010-10-15 13:47:00,420,United Kingdom
15864,7,1486.0,18,2180.76,311.54,2011-11-17 13:32:00,22,United Kingdom
12856,6,1079.0,155,2179.93,363.32,2011-12-02 10:52:00,7,United Kingdom
13610,14,909.0,309,2175.88,155.42,2011-11-27 15:38:00,12,United Kingdom
15649,4,485.0,8,2170.35,542.59,2011-01-07 13:34:00,336,United Kingdom
12501,1,1783.0,149,2169.39,2169.39,2011-01-07 12:28:00,336,Germany
13888,7,903.0,124,2169.05,309.86,2011-08-12 10:13:00,119,United Kingdom
14595,8,1228.0,119,2164.45,270.56,2011-11-20 12:12:00,19,United Kingdom
15944,4,859.0,25,2164.24,541.06,2011-03-08 10:33:00,276,United Kingdom
13755,9,1264.0,232,2161.35,240.15,2011-12-06 12:26:00,3,United Kingdom
14407,6,1415.0,67,2157.73,359.62,2011-08-24 14:02:00,107,United Kingdom
16379,4,1410.0,87,2157.4,539.35,2011-12-05 15:38:00,4,United Kingdom
13643,10,902.0,71,2156.77,215.68,2011-11-08 15:37:00,31,United Kingdom
13224,2,1518.0,101,2155.95,1077.98,2011-10-10 14:55:00,60,United Kingdom
18009,8,653.0,145,2155.83,269.48,2011-04-18 13:36:00,235,United Kingdom
16966,7,1981.0,8,2154.97,307.85,2011-12-01 13:40:00,8,United Kingdom
18116,13,1281.0,311,2154.3,165.72,2011-10-03 11:00:00,67,United Kingdom
16600,13,2420.0,106,2153.41,165.65,2011-12-05 16:00:00,4,United Kingdom
16275,3,1268.0,105,2151.11,717.04,2011-05-27 12:41:00,196,United Kingdom
18239,6,1052.0,85,2150.36,358.39,2011-05-05 12:38:00,218,United Kingdom
14216,5,712.0,65,2150.04,430.01,2011-12-06 14:56:00,3,United Kingdom
16716,3,912.0,7,2149.68,716.56,2011-03-18 10:03:00,266,United Kingdom
17272,4,1778.0,70,2148.63,537.16,2011-10-28 16:37:00,42,United Kingdom
16004,5,1076.0,63,2146.39,429.28,2010-08-22 11:48:00,474,United Kingdom
13152,7,977.0,114,2146.38,306.63,2010-10-18 13:44:00,417,United Kingdom
16134,5,1637.0,85,2145.34,429.07,2011-11-18 10:05:00,21,United Kingdom
12576,8,1494.0,114,2142.72,267.84,2011-11-04 10:11:00,35,Poland
13092,12,664.0,52,2140.28,178.36,2011-09-30 11:18:00,70,United Kingdom
14499,7,1250.0,199,2138.97,305.57,2011-11-13 13:01:00,26,United Kingdom
12687,2,1403.0,126,2138.91,1069.46,2010-08-16 12:12:00,480,Sweden
17029,7,1265.0,19,2137.3,305.33,2011-08-21 11:06:00,110,United Kingdom
17305,1,1006.0,9,2135.46,2135.46,2010-03-01 12:47:00,648,United Kingdom
12560,3,1110.0,91,2134.01,711.34,2011-12-04 13:54:00,5,Germany
16493,7,1988.0,77,2132.09,304.58,2011-09-21 11:10:00,79,United Kingdom
13517,3,1369.0,125,2128.42,709.47,2011-10-11 11:43:00,59,United Kingdom
14360,4,1151.0,104,2128.23,532.06,2011-11-08 09:12:00,31,United Kingdom
14634,4,1906.0,105,2124.46,531.12,2010-09-28 10:40:00,437,United Kingdom
16807,6,1433.0,107,2123.88,353.98,2011-07-20 12:00:00,142,United Kingdom
16996,9,919.0,32,2123.61,235.96,2011-11-09 16:43:00,30,United Kingdom
14396,7,1022.0,202,2121.93,303.13,2011-10-05 16:09:00,65,United Kingdom
15456,10,2826.0,128,2119.27,211.93,2011-03-01 13:51:00,283,United Kingdom
14691,5,707.0,50,2114.33,422.87,2011-11-09 12:30:00,30,United Kingdom
14399,8,968.0,119,2113.16,264.14,2010-11-10 13:23:00,394,United Kingdom
14469,4,980.0,120,2112.21,528.05,2010-10-19 14:30:00,416,United Kingdom
16201,5,1421.0,86,2112.12,422.42,2011-12-06 16:02:00,3,United Kingdom
16054,4,791.0,109,2111.88,527.97,2011-07-17 13:08:00,145,United Kingdom
16934,6,939.0,128,2110.99,351.83,2011-10-16 12:40:00,54,United Kingdom
12997,8,1186.0,65,2110.91,263.86,2011-11-17 15:47:00,22,United Kingdom
13265,5,1752.0,66,2107.66,421.53,2011-10-17 15:02:00,53,United Kingdom
15252,5,1430.0,106,2103.41,420.68,2011-11-03 13:30:00,36,United Kingdom
14276,7,1406.0,75,2102.68,300.38,2011-09-02 09:45:00,98,United Kingdom
15815,5,1856.0,33,2100.6,420.12,2011-10-07 12:42:00,63,United Kingdom
12975,6,911.0,92,2100.09,350.02,2010-09-29 09:46:00,436,United Kingdom
16510,6,1076.0,94,2100.0,350.0,2010-12-02 13:39:00,372,United Kingdom
17159,5,1348.0,115,2099.59,419.92,2011-11-18 10:52:00,21,United Kingdom
12610,5,1049.0,85,2099.54,419.91,2011-11-17 09:34:00,22,Italy
17742,11,653.0,52,2098.48,190.77,2011-08-18 15:28:00,113,United Kingdom
13753,4,1450.0,64,2094.57,523.64,2011-02-25 12:48:00,287,United Kingdom
13591,7,850.0,89,2093.94,299.13,2011-10-06 12:26:00,64,United Kingdom
17585,7,2539.0,295,2093.3,299.04,2011-08-22 13:30:00,109,United Kingdom
14723,11,1308.0,287,2093.06,190.28,2011-11-29 15:23:00,10,United Kingdom
14896,8,1117.0,150,2092.42,261.55,2011-05-19 10:20:00,204,United Kingdom
16794,15,1602.0,245,2090.91,139.39,2011-12-08 17:54:00,1,United Kingdom
16726,7,1356.0,150,2088.41,298.34,2011-11-13 14:53:00,26,United Kingdom
15151,2,795.0,56,2085.61,1042.81,2010-10-12 16:37:00,423,United Kingdom
15272,6,687.0,257,2085.48,347.58,2011-10-13 12:59:00,57,United Kingdom
17705,11,1301.0,74,2083.9,189.45,2011-12-06 13:45:00,3,United Kingdom
17289,9,1260.0,202,2079.39,231.04,2011-11-08 12:01:00,31,United Kingdom
18026,2,530.0,12,2074.07,1037.03,2010-07-27 10:37:00,500,United Kingdom
17048,7,1068.0,88,2071.68,295.95,2011-08-14 11:49:00,117,United Kingdom
17126,9,1468.0,295,2070.44,230.05,2011-07-10 13:52:00,152,United Kingdom
16290,4,1001.0,85,2069.3,517.33,2010-09-01 11:52:00,464,United Kingdom
15164,9,931.0,243,2068.92,229.88,2011-10-02 12:05:00,68,United Kingdom
14988,7,1276.0,171,2066.6,295.23,2011-05-12 12:05:00,211,United Kingdom
12586,4,687.0,82,2062.67,515.67,2011-11-22 16:24:00,17,Italy
13476,5,713.0,86,2061.47,412.29,2011-06-14 12:00:00,178,United Kingdom
18258,6,1981.0,30,2059.67,343.28,2010-09-01 14:20:00,464,United Kingdom
14623,10,1059.0,193,2059.58,205.96,2011-11-07 13:56:00,32,United Kingdom
17633,7,899.0,84,2057.39,293.91,2011-11-08 13:25:00,31,United Kingdom
12518,5,1318.0,84,2056.89,411.38,2011-12-09 10:13:00,0,Germany
16891,11,774.0,335,2056.82,186.98,2011-12-08 11:15:00,1,United Kingdom
15253,8,1588.0,102,2055.09,256.89,2011-11-23 16:22:00,16,United Kingdom
14188,6,1162.0,34,2054.36,342.39,2011-11-09 12:45:00,30,United Kingdom
16235,9,788.0,80,2053.71,228.19,2011-10-30 10:56:00,40,United Kingdom
16176,4,952.0,53,2052.69,513.17,2010-10-14 13:54:00,421,United Kingdom
17086,6,1859.0,76,2050.08,341.68,2011-12-02 13:54:00,7,United Kingdom
13874,7,864.0,46,2049.15,292.74,2010-12-16 18:20:00,358,United Kingdom
13984,12,1421.0,53,2048.6,170.72,2011-11-13 12:38:00,26,United Kingdom
16027,15,2099.0,20,2048.36,136.56,2011-09-09 10:47:00,91,United Kingdom
14232,5,1941.0,81,2048.07,409.61,2011-10-28 11:09:00,42,United Kingdom
17666,5,1552.0,30,2047.8,409.56,2011-12-06 09:06:00,3,United Kingdom
13663,5,893.0,87,2047.51,409.5,2011-06-13 15:44:00,179,United Kingdom
14000,5,1838.0,28,2046.34,409.27,2011-05-12 16:50:00,211,United Kingdom
15473,8,776.0,5,2046.0,255.75,2011-11-25 15:15:00,14,United Kingdom
16960,8,1515.0,334,2043.43,255.43,2011-11-01 11:35:00,38,United Kingdom
12585,2,1279.0,77,2040.1,1020.05,2011-04-19 13:39:00,234,Germany
15506,6,1647.0,180,2040.03,340.0,2011-11-17 12:11:00,22,United Kingdom
16214,4,1308.0,84,2038.25,509.56,2011-06-22 11:30:00,170,United Kingdom
16331,6,756.0,33,2037.7,339.62,2010-10-03 13:47:00,432,United Kingdom
14225,4,1168.0,70,2037.02,509.26,2010-10-01 10:32:00,434,United Kingdom
13705,7,1009.0,55,2035.33,290.76,2011-12-02 12:32:00,7,United Kingdom
14651,9,886.0,216,2034.12,226.01,2011-10-03 15:52:00,67,United Kingdom
17846,1,1.0,1,2033.1,2033.1,2011-09-15 15:20:00,85,United Kingdom
13630,7,1391.0,51,2031.78,290.25,2011-12-04 15:16:00,5,United Kingdom
17337,4,1269.0,421,2027.87,506.97,2011-07-11 14:55:00,151,United Kingdom
15384,4,1767.0,83,2027.79,506.95,2011-06-23 10:57:00,169,United Kingdom
12873,3,786.0,33,2027.3,675.77,2011-03-02 14:58:00,282,United Kingdom
13989,5,2207.0,61,2026.06,405.21,2011-10-05 09:47:00,65,United Kingdom
14631,6,1407.0,65,2025.69,337.62,2011-10-20 11:17:00,50,United Kingdom
15478,3,904.0,53,2024.98,674.99,2011-10-30 14:19:00,40,United Kingdom
17227,12,1774.0,58,2022.03,168.5,2011-11-21 10:51:00,18,United Kingdom
12418,4,1088.0,90,2021.2,505.3,2011-08-19 11:08:00,112,Switzerland
13696,3,552.0,24,2020.4,673.47,2010-10-14 09:44:00,421,United Kingdom
12348,5,2714.0,25,2019.4,403.88,2011-09-25 13:13:00,75,Finland
16197,9,1420.0,52,2016.71,224.08,2010-08-27 12:56:00,469,United Kingdom
17152,4,577.0,9,2016.5,504.13,2011-05-29 12:19:00,194,United Kingdom
16529,4,751.0,87,2012.0,503.0,2011-06-02 17:23:00,190,United Kingdom
13693,9,880.0,78,2011.82,223.54,2010-11-30 18:21:00,374,United Kingdom
16332,11,1132.0,158,2010.41,182.76,2011-11-11 14:22:00,28,United Kingdom
15990,7,1090.0,117,2010.05,287.15,2011-10-26 15:58:00,44,United Kingdom
15531,2,1105.0,196,2007.44,1003.72,2011-12-01 18:43:00,8,United Kingdom
14730,8,1132.0,317,2005.06,250.63,2011-12-08 14:39:00,1,United Kingdom
14628,5,1147.0,65,1998.0,399.6,2011-09-09 14:58:00,91,United Kingdom
16698,2,840.0,4,1998.0,999.0,2011-04-27 10:52:00,226,United Kingdom
14152,7,1844.0,104,1997.34,285.33,2011-09-25 12:54:00,75,United Kingdom
18204,3,1200.0,159,1993.7,664.57,2011-09-29 16:44:00,71,United Kingdom
15481,1,1450.0,38,1993.34,1993.34,2010-11-03 14:52:00,401,Norway
14301,4,1686.0,37,1992.18,498.04,2011-08-14 15:33:00,117,United Kingdom
13889,6,979.0,57,1991.23,331.87,2011-09-08 09:13:00,92,United Kingdom
17088,4,868.0,96,1991.01,497.75,2011-11-11 14:23:00,28,United Kingdom
13208,9,1345.0,198,1988.5,220.94,2011-10-12 09:54:00,58,United Kingdom
17351,12,383.0,45,1988.23,165.69,2011-11-03 18:45:00,36,United Kingdom
17797,8,1090.0,222,1985.87,248.23,2011-11-17 13:21:00,22,United Kingdom
14967,6,652.0,22,1982.61,330.44,2011-10-21 11:06:00,49,United Kingdom
15192,5,1644.0,56,1981.39,396.28,2011-08-12 11:41:00,119,United Kingdom
13725,8,806.0,95,1980.56,247.57,2011-10-21 10:03:00,49,United Kingdom
12582,4,985.0,88,1980.4,495.1,2011-04-15 08:45:00,238,Finland
17158,5,1147.0,74,1980.0,396.0,2011-11-07 15:15:00,32,United Kingdom
15030,8,1225.0,25,1979.91,247.49,2011-09-29 10:50:00,71,United Kingdom
15795,8,1411.0,111,1979.87,247.48,2011-07-13 10:43:00,149,United Kingdom
17966,10,3943.0,82,1974.42,197.44,2011-11-02 10:26:00,37,United Kingdom
14905,8,1009.0,45,1971.39,246.42,2011-07-05 12:41:00,157,United Kingdom
17997,8,2298.0,133,1970.67,246.33,2011-09-26 16:13:00,74,United Kingdom
12674,4,1133.0,52,1970.6,492.65,2011-11-01 12:12:00,38,France
16032,6,1480.0,130,1970.45,328.41,2010-09-09 18:00:00,456,United Kingdom
14477,7,1120.0,7,1969.6,281.37,2011-11-20 11:11:00,19,United Kingdom
13838,10,794.0,328,1966.09,196.61,2011-12-04 11:00:00,5,United Kingdom
15081,12,806.0,75,1965.72,163.81,2011-11-17 17:08:00,22,United Kingdom
16233,9,689.0,49,1965.71,218.41,2011-09-29 17:27:00,71,United Kingdom
12399,7,2198.0,67,1962.3,280.33,2011-08-12 13:15:00,119,Belgium
15789,6,2499.0,110,1962.01,327.0,2010-12-16 14:35:00,358,United Kingdom
18016,7,1209.0,115,1960.46,280.07,2011-11-07 13:25:00,32,United Kingdom
17039,1,689.0,44,1954.99,1954.99,2010-04-14 12:56:00,604,United Kingdom
17135,10,1922.0,98,1954.16,195.42,2011-11-23 16:48:00,16,United Kingdom
14794,10,783.0,85,1953.9,195.39,2011-12-07 10:11:00,2,United Kingdom
17554,5,1763.0,58,1952.45,390.49,2011-12-08 14:15:00,1,United Kingdom
13761,6,1079.0,118,1952.17,325.36,2011-10-20 14:01:00,50,United Kingdom
15885,15,622.0,83,1951.82,130.12,2011-09-08 10:43:00,92,United Kingdom
16993,2,285.0,19,1950.95,975.48,2010-09-02 12:16:00,463,United Kingdom
16788,5,985.0,348,1950.3,390.06,2011-08-08 14:53:00,123,United Kingdom
14014,3,2004.0,76,1948.21,649.4,2011-09-23 13:18:00,77,United Kingdom
15425,4,1042.0,114,1944.57,486.14,2010-11-04 18:13:00,400,United Kingdom
14332,5,893.0,47,1943.51,388.7,2011-11-17 11:54:00,22,United Kingdom
15620,4,1249.0,114,1942.36,485.59,2011-10-14 12:41:00,56,United Kingdom
13276,5,855.0,209,1939.26,387.85,2011-10-07 12:44:00,63,United Kingdom
12385,1,612.0,65,1938.4,1938.4,2010-11-25 15:14:00,379,Belgium
16619,4,1055.0,103,1938.33,484.58,2011-03-21 08:18:00,263,United Kingdom
14418,3,1711.0,114,1937.25,645.75,2011-12-06 11:39:00,3,United Kingdom
15605,9,712.0,80,1936.8,215.2,2011-11-03 14:17:00,36,United Kingdom
15561,8,1334.0,65,1934.39,241.8,2011-11-28 11:07:00,11,United Kingdom
12528,6,756.0,50,1933.48,322.25,2011-11-30 14:40:00,9,Germany
12531,2,1119.0,126,1933.2,966.6,2011-11-25 11:12:00,14,Germany
16859,7,1899.0,87,1932.41,276.06,2011-07-18 12:19:00,144,United Kingdom
16770,9,1120.0,202,1932.13,214.68,2011-10-13 12:21:00,57,United Kingdom
15803,4,1030.0,48,1929.66,482.41,2011-10-19 14:56:00,51,United Kingdom
17236,12,804.0,123,1929.26,160.77,2011-11-27 12:00:00,12,United Kingdom
13029,5,194.0,13,1927.3,385.46,2011-11-09 09:13:00,30,United Kingdom
14710,13,1151.0,310,1922.59,147.89,2011-11-25 14:53:00,14,United Kingdom
14492,7,751.0,70,1921.91,274.56,2010-10-05 13:21:00,430,United Kingdom
16681,7,1492.0,22,1921.84,274.55,2011-09-28 11:11:00,72,United Kingdom
18220,6,1352.0,17,1921.76,320.29,2011-04-27 09:03:00,226,United Kingdom
16942,9,811.0,159,1920.59,213.4,2011-11-27 12:40:00,12,United Kingdom
12644,4,1032.0,106,1918.49,479.62,2011-08-02 10:33:00,129,Germany
12842,4,887.0,45,1917.99,479.5,2011-09-30 15:33:00,70,United Kingdom
16650,7,1511.0,71,1916.11,273.73,2011-09-29 09:51:00,71,United Kingdom
16555,6,1816.0,59,1915.68,319.28,2011-11-04 14:31:00,35,United Kingdom
16692,4,878.0,3,1914.7,478.67,2011-03-28 14:46:00,256,United Kingdom
16426,10,1243.0,211,1908.25,190.82,2011-12-07 14:01:00,2,United Kingdom
12947,6,1349.0,83,1908.03,318.01,2011-07-19 10:06:00,143,United Kingdom
17046,5,1636.0,76,1906.07,381.21,2011-07-05 14:24:00,157,United Kingdom
17350,7,1216.0,124,1906.04,272.29,2011-12-01 15:47:00,8,United Kingdom
13503,6,1118.0,158,1905.39,317.57,2011-09-29 13:23:00,71,United Kingdom
17235,8,971.0,52,1904.88,238.11,2011-11-14 15:51:00,25,United Kingdom
14250,3,1200.0,94,1904.05,634.68,2011-12-02 14:30:00,7,United Kingdom
14127,6,828.0,96,1900.08,316.68,2011-08-09 10:49:00,122,United Kingdom
16049,6,1165.0,383,1899.68,316.61,2011-10-30 13:19:00,40,United Kingdom
12762,2,1227.0,62,1898.52,949.26,2011-12-02 10:23:00,7,Portugal
14389,5,1388.0,48,1898.01,379.6,2011-10-05 15:17:00,65,United Kingdom
14224,9,863.0,189,1897.9,210.88,2011-08-21 13:24:00,110,United Kingdom
14741,7,1120.0,48,1897.59,271.08,2011-11-28 08:48:00,11,United Kingdom
17560,8,1588.0,37,1895.8,236.98,2011-09-06 09:18:00,94,United Kingdom
14327,6,1296.0,99,1894.93,315.82,2011-06-29 13:58:00,163,United Kingdom
17609,11,1325.0,317,1894.34,172.21,2011-10-30 12:28:00,40,United Kingdom
15248,3,1065.0,103,1893.93,631.31,2010-10-24 13:09:00,411,United Kingdom
15678,3,1067.0,77,1893.89,631.3,2011-10-18 09:25:00,52,United Kingdom
16631,7,775.0,46,1892.52,270.36,2010-08-15 11:20:00,481,United Kingdom
15381,5,802.0,20,1890.57,378.11,2011-05-10 11:55:00,213,United Kingdom
17341,5,1169.0,200,1889.83,377.97,2011-07-06 12:33:00,156,United Kingdom
17259,6,1158.0,179,1889.34,314.89,2011-07-14 15:01:00,148,United Kingdom
14912,6,1819.0,44,1889.25,314.88,2011-11-23 09:20:00,16,Italy
13884,10,797.0,108,1888.48,188.85,2011-12-02 16:30:00,7,United Kingdom
16172,8,1419.0,81,1884.55,235.57,2011-09-05 13:22:00,95,United Kingdom
14130,4,1239.0,189,1882.67,470.67,2011-01-24 16:05:00,319,United Kingdom
16725,14,784.0,242,1882.11,134.44,2011-02-10 16:52:00,302,United Kingdom
14403,6,737.0,20,1880.51,313.42,2011-08-01 12:57:00,130,United Kingdom
16660,7,991.0,20,1879.55,268.51,2011-11-23 14:53:00,16,United Kingdom
18151,6,986.0,99,1879.44,313.24,2011-07-28 11:35:00,134,United Kingdom
15197,6,1058.0,44,1877.51,312.92,2011-11-29 10:00:00,10,United Kingdom
13946,6,2847.0,49,1876.23,312.71,2011-09-21 13:33:00,79,United Kingdom
13168,5,912.0,127,1875.31,375.06,2011-11-03 12:56:00,36,United Kingdom
12494,9,988.0,83,1872.87,208.1,2011-11-24 09:34:00,15,France
16474,7,943.0,237,1871.5,267.36,2011-12-02 13:02:00,7,United Kingdom
14887,1,1100.0,6,1862.0,1862.0,2011-09-21 15:32:00,79,United Kingdom
14305,3,1089.0,96,1858.96,619.65,2011-09-29 15:29:00,71,United Kingdom
17974,6,1243.0,279,1858.06,309.68,2011-11-15 11:37:00,24,United Kingdom
16917,2,793.0,45,1857.83,928.92,2011-03-08 11:55:00,276,United Kingdom
16043,8,1011.0,56,1856.59,232.07,2011-11-02 12:50:00,37,United Kingdom
12383,5,1532.0,84,1850.56,370.11,2011-06-08 08:02:00,184,Belgium
12381,5,808.0,70,1845.31,369.06,2011-12-05 12:44:00,4,Norway
12507,4,1256.0,46,1844.06,461.02,2011-07-28 17:09:00,134,Spain
18180,6,1721.0,108,1843.75,307.29,2011-12-05 08:39:00,4,United Kingdom
12694,3,1355.0,69,1843.35,614.45,2011-09-30 13:06:00,70,France
12950,3,1380.0,13,1843.0,614.33,2011-12-07 13:17:00,2,United Kingdom
15201,7,1660.0,44,1842.95,263.28,2011-09-13 14:53:00,87,United Kingdom
17015,3,1981.0,182,1842.56,614.19,2011-11-11 10:45:00,28,United Kingdom
16102,3,942.0,41,1842.14,614.05,2011-10-28 13:19:00,42,United Kingdom
14553,9,1140.0,233,1841.54,204.62,2011-11-20 13:20:00,19,United Kingdom
16880,8,911.0,130,1840.86,230.11,2011-11-09 11:33:00,30,United Kingdom
14715,8,1034.0,102,1840.45,230.06,2011-11-15 12:10:00,24,United Kingdom
17919,2,1452.0,37,1840.32,920.16,2011-09-12 13:41:00,88,United Kingdom
15822,6,950.0,46,1840.06,306.68,2011-12-06 14:50:00,3,United Kingdom
14870,6,483.0,43,1838.95,306.49,2011-03-23 10:51:00,261,United Kingdom
13924,6,1575.0,90,1838.85,306.48,2011-12-08 09:39:00,1,United Kingdom
16175,7,932.0,59,1836.44,262.35,2011-09-06 14:32:00,94,United Kingdom
16205,7,1455.0,147,1830.61,261.52,2011-11-09 09:32:00,30,United Kingdom
15402,6,2034.0,79,1830.54,305.09,2011-07-14 12:17:00,148,United Kingdom
16152,1,642.0,29,1829.04,1829.04,2011-03-16 09:47:00,268,United Kingdom
15339,7,1143.0,162,1827.84,261.12,2011-10-04 12:51:00,66,United Kingdom
16797,5,909.0,289,1827.77,365.55,2010-11-11 19:14:00,393,United Kingdom
16825,5,1297.0,48,1826.89,365.38,2011-11-01 11:51:00,38,United Kingdom
18122,6,1234.0,239,1826.21,304.37,2011-12-01 13:08:00,8,United Kingdom
17244,5,1419.0,109,1826.04,365.21,2011-10-17 15:19:00,53,United Kingdom
17642,5,1475.0,88,1824.49,364.9,2011-08-12 09:11:00,119,United Kingdom
16169,4,1325.0,71,1822.97,455.74,2011-12-01 15:28:00,8,United Kingdom
14738,9,757.0,58,1821.9,202.43,2011-10-28 08:56:00,42,United Kingdom
13561,11,1136.0,131,1820.72,165.52,2011-05-08 12:39:00,215,United Kingdom
17888,25,1544.0,145,1820.44,72.82,2011-11-18 13:45:00,21,United Kingdom
17828,4,667.0,54,1820.09,455.02,2011-11-17 08:41:00,22,Malta
16110,4,902.0,343,1819.27,454.82,2011-10-25 14:35:00,45,United Kingdom
16511,6,787.0,235,1819.02,303.17,2011-11-18 10:41:00,21,United Kingdom
15807,5,1532.0,85,1817.52,363.5,2011-10-20 14:10:00,50,United Kingdom
15736,2,1268.0,95,1815.72,907.86,2010-09-30 14:20:00,435,United Kingdom
16634,6,1321.0,72,1814.61,302.44,2011-05-01 12:09:00,222,United Kingdom
15530,5,1340.0,111,1813.72,362.74,2011-11-18 12:25:00,21,United Kingdom
14704,11,1209.0,319,1813.57,164.87,2011-11-28 12:51:00,11,United Kingdom
14915,11,707.0,65,1811.25,164.66,2011-09-09 13:34:00,91,United Kingdom
15972,5,480.0,104,1810.27,362.05,2010-09-09 13:20:00,456,United Kingdom
16595,5,1378.0,337,1810.18,362.04,2011-10-09 13:15:00,61,United Kingdom
14893,3,1047.0,98,1809.61,603.2,2011-11-30 12:31:00,9,United Kingdom
15133,5,960.0,45,1806.9,361.38,2011-08-04 10:44:00,127,United Kingdom
15889,8,989.0,256,1806.28,225.79,2011-07-06 11:10:00,156,United Kingdom
18096,6,1483.0,299,1805.28,300.88,2011-11-28 12:44:00,11,United Kingdom
12784,3,882.0,121,1804.75,601.58,2011-11-30 15:38:00,9,Portugal
18161,6,965.0,57,1803.1,300.52,2011-11-24 16:40:00,15,United Kingdom
16249,5,950.0,67,1800.07,360.01,2011-10-18 10:07:00,52,United Kingdom
15452,6,1091.0,158,1799.11,299.85,2011-11-10 12:13:00,29,United Kingdom
16348,8,1178.0,180,1798.22,224.78,2011-11-07 15:44:00,32,United Kingdom
17750,9,3957.0,101,1797.57,199.73,2011-12-04 14:09:00,5,United Kingdom
18235,3,1578.0,100,1796.48,598.83,2011-09-29 08:27:00,71,United Kingdom
18236,12,696.0,80,1795.35,149.61,2011-11-10 08:06:00,29,United Kingdom
17165,6,788.0,77,1794.32,299.05,2011-02-28 16:39:00,284,United Kingdom
14850,7,1408.0,129,1794.01,256.29,2011-02-01 11:21:00,311,United Kingdom
13782,13,649.0,187,1793.72,137.98,2011-11-27 11:54:00,12,United Kingdom
17603,4,640.0,104,1793.48,448.37,2011-09-22 14:18:00,78,United Kingdom
13711,9,819.0,80,1792.26,199.14,2011-05-05 10:31:00,218,United Kingdom
13375,2,1124.0,62,1792.23,896.11,2011-09-12 10:19:00,88,United Kingdom
12369,3,1241.0,90,1791.15,597.05,2010-10-22 13:13:00,413,Austria
15608,5,1262.0,93,1785.98,357.2,2011-11-11 13:20:00,28,United Kingdom
16611,6,874.0,86,1785.13,297.52,2011-06-06 15:46:00,186,United Kingdom
15128,5,1583.0,87,1783.68,356.74,2011-10-10 13:54:00,60,United Kingdom
14583,8,1155.0,353,1781.03,222.63,2011-12-04 12:32:00,5,United Kingdom
16380,1,1524.0,28,1780.59,1780.59,2011-10-09 15:40:00,61,United Kingdom
18214,4,989.0,38,1780.34,445.08,2010-06-27 11:21:00,530,United Kingdom
15220,6,1393.0,110,1778.96,296.49,2011-10-19 12:39:00,51,United Kingdom
12458,4,986.0,71,1777.49,444.37,2011-09-29 15:25:00,71,Switzerland
12908,5,3000.0,1,1776.0,355.2,2011-06-16 15:39:00,176,United Kingdom
12778,9,1735.0,77,1775.68,197.3,2011-11-20 11:30:00,19,Netherlands
13920,4,1772.0,81,1774.68,443.67,2010-10-04 12:37:00,431,United Kingdom
16124,4,797.0,63,1772.49,443.12,2011-01-26 14:45:00,317,United Kingdom
15594,5,983.0,85,1771.78,354.36,2011-11-24 08:53:00,15,United Kingdom
16374,5,800.0,276,1771.45,354.29,2011-10-04 15:21:00,66,United Kingdom
17813,5,790.0,297,1770.88,354.18,2011-11-25 16:13:00,14,United Kingdom
14387,3,819.0,125,1770.56,590.19,2011-11-07 12:29:00,32,United Kingdom
14933,4,600.0,1,1770.0,442.5,2010-09-22 10:47:00,443,Channel Islands
13456,6,765.0,43,1766.72,294.45,2011-11-22 09:18:00,17,United Kingdom
16751,1,1031.0,24,1764.72,1764.72,2011-11-09 10:48:00,30,United Kingdom
13648,8,960.0,95,1764.02,220.5,2010-11-04 14:46:00,400,United Kingdom
13717,8,2144.0,110,1763.3,220.41,2011-11-07 14:13:00,32,United Kingdom
15777,7,599.0,29,1762.61,251.8,2011-04-12 16:43:00,241,United Kingdom
16620,6,1146.0,78,1758.93,293.16,2011-12-06 12:19:00,3,United Kingdom
14522,8,968.0,34,1758.62,219.83,2011-11-15 13:24:00,24,United Kingdom
16266,14,791.0,73,1757.95,125.57,2011-09-27 12:08:00,73,United Kingdom
12809,3,518.0,75,1755.94,585.31,2011-06-15 10:51:00,177,Portugal
17432,9,1016.0,213,1751.39,194.6,2011-11-21 17:33:00,18,United Kingdom
13155,6,909.0,79,1750.18,291.7,2011-11-06 15:41:00,33,United Kingdom
16639,4,751.0,76,1747.98,437.0,2011-11-08 13:20:00,31,United Kingdom
14584,8,963.0,127,1747.91,218.49,2011-06-23 18:33:00,169,United Kingdom
13808,5,782.0,70,1747.66,349.53,2011-12-04 12:18:00,5,United Kingdom
15976,6,1078.0,265,1746.64,291.11,2011-06-27 13:00:00,165,United Kingdom
17695,5,1809.0,46,1746.04,349.21,2011-07-31 10:40:00,131,United Kingdom
14692,12,905.0,101,1745.09,145.42,2011-07-25 15:08:00,137,United Kingdom
14236,5,812.0,39,1744.64,348.93,2011-09-20 09:13:00,80,United Kingdom
17190,7,2225.0,160,1743.04,249.01,2011-10-12 11:33:00,58,United Kingdom
12425,2,1147.0,87,1741.41,870.71,2011-09-22 17:31:00,78,Portugal
17321,6,817.0,241,1741.18,290.2,2011-12-01 13:41:00,8,United Kingdom
16087,5,664.0,6,1739.92,347.98,2010-11-15 16:44:00,389,United Kingdom
13240,8,859.0,160,1738.52,217.31,2011-09-04 14:08:00,96,United Kingdom
13531,6,600.0,44,1738.52,289.75,2011-05-18 16:56:00,205,United Kingdom
14075,6,1494.0,59,1734.87,289.15,2011-12-05 08:38:00,4,United Kingdom
17268,11,1395.0,26,1733.89,157.63,2011-08-24 10:06:00,107,United Kingdom
13026,9,2466.0,52,1733.08,192.56,2011-12-08 16:58:00,1,United Kingdom
14400,3,1706.0,71,1732.47,577.49,2011-07-13 15:50:00,149,United Kingdom
16809,9,1093.0,113,1727.43,191.94,2011-11-16 15:45:00,23,United Kingdom
15730,5,1061.0,102,1726.58,345.32,2011-10-05 12:31:00,65,United Kingdom
14304,3,775.0,69,1725.01,575.0,2011-05-01 11:50:00,222,United Kingdom
16010,11,931.0,122,1724.06,156.73,2011-04-08 10:14:00,245,United Kingdom
13363,3,1146.0,78,1723.86,574.62,2011-11-22 12:40:00,17,United Kingdom
17451,7,1203.0,83,1721.4,245.91,2011-12-08 15:02:00,1,United Kingdom
16899,8,818.0,101,1721.02,215.13,2011-12-02 12:03:00,7,United Kingdom
16119,8,811.0,37,1720.81,215.1,2011-12-01 15:11:00,8,United Kingdom
15267,5,944.0,8,1717.36,343.47,2011-11-17 15:59:00,22,United Kingdom
14021,7,878.0,84,1716.58,245.23,2011-07-07 15:46:00,155,United Kingdom
17162,10,1001.0,81,1715.46,171.55,2011-11-11 11:34:00,28,United Kingdom
14987,8,671.0,4,1713.85,214.23,2011-11-24 09:59:00,15,United Kingdom
14447,6,913.0,81,1711.73,285.29,2011-11-21 08:28:00,18,United Kingdom
13665,3,1652.0,97,1711.66,570.55,2010-11-18 13:06:00,386,United Kingdom
16654,8,703.0,64,1711.47,213.93,2011-07-21 15:23:00,141,United Kingdom
12405,1,857.0,54,1710.39,1710.39,2011-07-14 08:52:00,148,Finland
15551,7,814.0,117,1710.08,244.3,2011-11-03 12:37:00,36,United Kingdom
13104,9,834.0,15,1709.1,189.9,2011-12-06 13:10:00,3,United Kingdom
17731,6,707.0,82,1708.99,284.83,2011-09-21 15:02:00,79,United Kingdom
15607,9,1470.0,95,1708.97,189.89,2011-01-07 12:44:00,336,United Kingdom
15947,1,898.0,29,1708.24,1708.24,2011-09-18 10:46:00,82,United Kingdom
12407,5,1416.0,57,1708.12,341.62,2011-10-21 10:11:00,49,Belgium
13566,5,1266.0,263,1708.12,341.62,2011-10-30 11:59:00,40,United Kingdom
16768,9,777.0,108,1708.12,189.79,2011-10-23 10:38:00,47,United Kingdom
16907,9,532.0,109,1707.9,189.77,2011-11-10 18:04:00,29,United Kingdom
16902,1,629.0,43,1706.88,1706.88,2011-08-15 14:17:00,116,United Kingdom
13309,6,1914.0,95,1706.37,284.4,2011-12-02 16:34:00,7,United Kingdom
16398,2,758.0,75,1705.8,852.9,2011-07-08 15:16:00,154,United Kingdom
14859,5,888.0,51,1705.64,341.13,2011-11-27 11:18:00,12,United Kingdom
17571,5,1020.0,290,1703.75,340.75,2011-10-20 15:57:00,50,United Kingdom
16329,4,826.0,83,1703.07,425.77,2010-10-08 12:44:00,427,United Kingdom
12693,7,536.0,63,1703.02,243.29,2011-08-04 17:51:00,127,Germany
15911,8,811.0,162,1702.34,212.79,2010-03-26 12:06:00,623,United Kingdom
13184,10,1692.0,138,1701.29,170.13,2011-11-25 12:02:00,14,United Kingdom
15326,5,1351.0,94,1700.52,340.1,2011-01-10 11:38:00,333,United Kingdom
12932,8,1609.0,69,1698.56,212.32,2010-06-18 14:22:00,539,United Kingdom
17694,3,1493.0,54,1695.97,565.32,2011-07-21 12:00:00,141,United Kingdom
12764,1,386.0,45,1693.88,1693.88,2011-01-27 10:19:00,316,Lebanon
14245,2,976.0,107,1693.45,846.72,2011-05-04 08:40:00,219,United Kingdom
16813,10,1525.0,248,1692.98,169.3,2011-12-01 14:03:00,8,United Kingdom
14829,7,1147.0,77,1692.84,241.83,2011-11-10 16:16:00,29,United Kingdom
14078,9,618.0,107,1692.63,188.07,2011-08-30 12:16:00,101,United Kingdom
16671,3,875.0,3,1692.27,564.09,2011-11-11 13:40:00,28,United Kingdom
13294,3,996.0,93,1689.53,563.18,2011-06-03 08:54:00,189,United Kingdom
12813,3,1141.0,37,1687.8,562.6,2010-07-26 09:50:00,501,Netherlands
12933,8,959.0,227,1687.03,210.88,2011-11-15 16:38:00,24,United Kingdom
15996,7,747.0,140,1686.9,240.99,2011-09-12 15:14:00,88,United Kingdom
17041,6,1337.0,93,1686.28,281.05,2011-11-13 11:21:00,26,United Kingdom
12775,7,1083.0,55,1686.12,240.87,2011-11-22 16:33:00,17,Netherlands
13516,4,1114.0,55,1685.26,421.32,2011-11-18 13:15:00,21,United Kingdom
15987,8,1715.0,143,1682.13,210.27,2011-11-27 15:38:00,12,United Kingdom
15732,10,1361.0,53,1682.07,168.21,2011-05-11 14:24:00,212,United Kingdom
13064,6,670.0,58,1680.74,280.12,2011-11-27 12:31:00,12,United Kingdom
12911,1,820.0,220,1680.47,1680.47,2010-06-06 12:13:00,551,United Kingdom
14643,5,1377.0,57,1679.89,335.98,2011-06-22 14:41:00,170,United Kingdom
13800,3,891.0,73,1679.56,559.85,2011-02-03 12:27:00,309,United Kingdom
13649,6,863.0,97,1678.88,279.81,2011-03-28 11:51:00,256,United Kingdom
12870,3,906.0,85,1676.95,558.98,2010-11-29 13:42:00,375,United Kingdom
14831,3,885.0,67,1676.57,558.86,2010-01-28 14:31:00,680,United Kingdom
13149,4,1280.0,76,1676.06,419.02,2011-11-25 13:09:00,14,United Kingdom
17656,5,1399.0,67,1674.69,334.94,2011-09-27 13:04:00,73,United Kingdom
13587,4,664.0,27,1673.5,418.38,2011-10-07 12:31:00,63,United Kingdom
13308,4,1073.0,65,1670.37,417.59,2011-11-17 09:31:00,22,United Kingdom
13417,6,532.0,57,1669.49,278.25,2011-12-05 08:49:00,4,United Kingdom
17534,5,860.0,76,1668.83,333.77,2011-10-17 12:47:00,53,United Kingdom
13434,5,864.0,17,1666.86,333.37,2011-09-26 14:30:00,74,United Kingdom
12912,5,670.0,17,1662.3,332.46,2011-12-07 08:55:00,2,United Kingdom
15214,8,1254.0,109,1661.44,207.68,2011-12-08 12:07:00,1,United Kingdom
15167,5,872.0,262,1659.67,331.93,2011-01-23 12:41:00,320,United Kingdom
18276,6,1246.0,81,1656.52,276.09,2011-10-27 10:54:00,43,United Kingdom
16625,5,1057.0,82,1654.03,330.81,2011-03-10 12:50:00,274,United Kingdom
12577,8,1197.0,259,1653.75,206.72,2011-11-04 13:24:00,35,France
18022,5,1390.0,306,1651.79,330.36,2011-11-04 12:45:00,35,United Kingdom
18085,4,585.0,42,1645.75,411.44,2011-01-13 15:17:00,330,United Kingdom
12657,4,1044.0,35,1643.18,410.79,2011-11-28 15:47:00,11,France
15013,10,1747.0,177,1641.3,164.13,2010-08-09 12:05:00,487,United Kingdom
14904,4,2549.0,127,1640.64,410.16,2011-12-07 12:55:00,2,United Kingdom
13506,5,1174.0,55,1639.2,327.84,2011-01-27 13:53:00,316,United Kingdom
14420,4,1120.0,85,1639.17,409.79,2011-09-01 18:07:00,99,United Kingdom
13554,7,581.0,156,1638.28,234.04,2010-11-24 15:05:00,380,United Kingdom
12847,2,1533.0,100,1636.9,818.45,2011-11-17 13:16:00,22,United Kingdom
17006,8,573.0,103,1636.32,204.54,2011-12-05 12:09:00,4,United Kingdom
17951,4,898.0,24,1636.08,409.02,2011-10-31 12:30:00,39,United Kingdom
12398,1,1394.0,85,1635.66,1635.66,2011-10-25 10:27:00,45,Switzerland
15310,1,1476.0,45,1634.64,1634.64,2010-08-18 11:38:00,478,United Kingdom
18062,6,831.0,46,1632.67,272.11,2011-06-19 14:47:00,173,United Kingdom
14164,2,1033.0,28,1631.77,815.89,2011-09-30 12:24:00,70,United Kingdom
18136,5,860.0,77,1631.36,326.27,2011-10-07 15:40:00,63,United Kingdom
16256,3,1590.0,27,1629.37,543.12,2011-03-18 12:18:00,266,United Kingdom
14759,3,569.0,92,1625.97,541.99,2011-12-05 12:03:00,4,United Kingdom
13154,3,976.0,78,1624.84,541.61,2010-11-05 16:00:00,399,United Kingdom
18149,7,918.0,54,1624.71,232.1,2011-10-20 12:04:00,50,United Kingdom
15172,5,1611.0,106,1624.05,324.81,2011-12-01 11:51:00,8,United Kingdom
17764,5,729.0,126,1623.64,324.73,2011-10-20 11:03:00,50,United Kingdom
14937,3,484.0,33,1621.88,540.63,2011-10-14 12:29:00,56,Channel Islands
17867,15,672.0,119,1621.28,108.09,2011-11-09 14:15:00,30,United Kingdom
14178,7,1505.0,191,1620.93,231.56,2011-12-01 12:01:00,8,United Kingdom
12379,4,815.0,58,1620.22,405.06,2011-09-19 10:09:00,81,Belgium
14695,3,678.0,76,1620.07,540.02,2010-07-08 14:18:00,519,United Kingdom
15422,7,710.0,80,1619.97,231.42,2011-01-20 16:17:00,323,United Kingdom
16801,4,499.0,72,1619.73,404.93,2011-06-29 15:33:00,163,United Kingdom
17515,9,528.0,91,1617.46,179.72,2011-11-08 14:04:00,31,United Kingdom
17814,2,1440.0,112,1617.32,808.66,2010-11-29 14:21:00,375,United Kingdom
16224,5,1555.0,107,1616.54,323.31,2011-10-13 17:51:00,57,United Kingdom
16461,3,1039.0,223,1615.22,538.41,2011-06-15 12:07:00,177,United Kingdom
14336,4,1759.0,77,1614.91,403.73,2011-11-23 11:40:00,16,United Kingdom
16860,3,625.0,35,1610.62,536.87,2010-09-13 10:05:00,452,United Kingdom
13900,6,938.0,80,1610.59,268.43,2011-06-09 19:26:00,183,United Kingdom
13249,9,1246.0,21,1608.93,178.77,2011-09-08 13:26:00,92,United Kingdom
17886,6,725.0,138,1608.38,268.06,2011-11-08 10:09:00,31,United Kingdom
17853,3,627.0,84,1608.19,536.06,2010-10-28 15:29:00,407,United Kingdom
14920,3,886.0,90,1607.17,535.72,2011-05-11 10:32:00,212,United Kingdom
17222,6,863.0,94,1605.01,267.5,2011-10-05 13:58:00,65,United Kingdom
17345,10,2013.0,174,1604.68,160.47,2011-11-24 15:03:00,15,United Kingdom
14719,5,1032.0,177,1602.13,320.43,2011-12-08 12:43:00,1,United Kingdom
15325,8,1383.0,164,1602.01,200.25,2011-08-28 11:55:00,103,United Kingdom
14587,9,761.0,170,1601.14,177.9,2011-11-21 11:34:00,18,United Kingdom
14885,3,1308.0,24,1598.12,532.71,2011-07-31 12:05:00,131,United Kingdom
13740,5,991.0,83,1597.77,319.55,2011-04-13 10:32:00,240,United Kingdom
12514,2,840.0,76,1597.76,798.88,2011-03-17 16:38:00,267,Italy
15134,10,1057.0,47,1596.29,159.63,2011-11-25 08:55:00,14,United Kingdom
13850,1,944.0,93,1595.48,1595.48,2011-08-02 14:04:00,129,United Kingdom
13239,5,1151.0,86,1594.69,318.94,2011-03-23 10:25:00,261,United Kingdom
16774,8,785.0,89,1594.45,199.31,2011-10-03 12:41:00,67,United Kingdom
17028,3,856.0,85,1593.83,531.28,2010-05-07 15:33:00,581,United Kingdom
17837,8,518.0,110,1593.38,199.17,2011-10-28 16:13:00,42,United Kingdom
15289,5,1627.0,67,1593.09,318.62,2011-11-10 13:49:00,29,United Kingdom
13752,7,1007.0,75,1590.73,227.25,2011-08-07 14:16:00,124,United Kingdom
17540,6,588.0,41,1590.6,265.1,2011-11-15 11:56:00,24,United Kingdom
16092,6,1188.0,60,1587.94,264.66,2011-08-17 10:46:00,114,United Kingdom
13156,3,914.0,94,1586.54,528.85,2010-11-19 13:09:00,385,United Kingdom
16096,4,700.0,58,1584.97,396.24,2011-03-20 13:38:00,264,United Kingdom
15279,5,802.0,74,1580.54,316.11,2010-12-20 10:48:00,354,United Kingdom
13202,7,572.0,55,1580.3,225.76,2010-11-10 16:24:00,394,United Kingdom
12607,1,1228.0,101,1579.51,1579.51,2011-10-10 16:06:00,60,USA
17649,3,723.0,88,1578.89,526.3,2011-07-24 15:53:00,138,United Kingdom
13186,3,820.0,69,1575.89,525.3,2011-10-31 11:40:00,39,United Kingdom
12549,6,1366.0,38,1575.68,262.61,2010-05-13 12:05:00,575,USA
13337,1,980.0,87,1575.26,1575.26,2010-06-11 13:27:00,546,United Kingdom
14489,4,1011.0,65,1574.93,393.73,2011-05-16 14:51:00,207,United Kingdom
16099,7,960.0,44,1573.2,224.74,2011-10-20 13:13:00,50,United Kingdom
15466,4,944.0,211,1571.01,392.75,2011-09-15 14:08:00,85,United Kingdom
14136,5,1148.0,86,1570.81,314.16,2010-11-04 11:53:00,400,United Kingdom
14198,9,623.0,58,1569.73,174.41,2011-11-21 16:35:00,18,United Kingdom
13539,7,710.0,69,1569.36,224.19,2011-09-15 10:18:00,85,United Kingdom
17624,4,958.0,91,1568.63,392.16,2011-11-25 10:52:00,14,United Kingdom
15074,3,1063.0,63,1566.33,522.11,2011-08-26 14:45:00,105,United Kingdom
17977,2,2062.0,94,1565.63,782.82,2011-11-10 13:28:00,29,United Kingdom
17323,12,1442.0,168,1565.59,130.47,2011-11-24 17:29:00,15,United Kingdom
18036,11,748.0,221,1563.64,142.15,2011-11-07 14:40:00,32,United Kingdom
17851,6,938.0,185,1563.34,260.56,2010-10-13 15:13:00,422,United Kingdom
13939,7,1608.0,91,1560.96,222.99,2011-11-16 13:33:00,23,United Kingdom
12629,2,722.0,40,1558.22,779.11,2010-11-19 09:18:00,385,Sweden
16140,3,1376.0,50,1557.6,519.2,2011-10-05 12:15:00,65,United Kingdom
13042,3,830.0,164,1556.54,518.85,2010-04-20 13:43:00,598,United Kingdom
16394,5,2604.0,61,1555.34,311.07,2011-10-14 09:48:00,56,United Kingdom
15149,5,380.0,62,1554.61,310.92,2011-07-29 10:58:00,133,United Kingdom
16017,5,640.0,99,1553.83,310.77,2011-10-23 12:56:00,47,United Kingdom
13360,4,942.0,58,1553.65,388.41,2010-10-04 12:37:00,431,United Kingdom
13377,2,748.0,71,1552.88,776.44,2010-11-08 12:20:00,396,United Kingdom
14186,5,1550.0,75,1550.63,310.13,2010-10-08 13:30:00,427,United Kingdom
14754,6,1011.0,110,1550.48,258.41,2011-10-26 12:01:00,44,United Kingdom
12926,4,766.0,202,1548.46,387.12,2010-10-24 15:57:00,411,United Kingdom
16366,4,882.0,74,1548.13,387.03,2011-11-21 08:19:00,18,United Kingdom
17454,10,727.0,98,1547.94,154.79,2011-05-31 13:58:00,192,United Kingdom
16790,6,898.0,88,1545.62,257.6,2011-12-06 11:53:00,3,United Kingdom
16915,11,190.0,54,1543.18,140.29,2011-11-30 16:39:00,9,United Kingdom
15701,4,923.0,193,1542.14,385.54,2011-12-07 14:39:00,2,United Kingdom
13783,4,3437.0,4,1542.09,385.52,2010-08-09 09:23:00,487,United Kingdom
18252,7,937.0,125,1542.09,220.3,2011-10-20 12:43:00,50,United Kingdom
12818,1,929.0,14,1542.08,1542.08,2011-03-23 12:06:00,261,Austria
13310,5,816.0,80,1541.2,308.24,2011-11-11 17:23:00,28,United Kingdom
13579,5,764.0,72,1539.04,307.81,2011-11-25 08:41:00,14,United Kingdom
16835,6,515.0,58,1538.41,256.4,2011-08-03 13:50:00,128,United Kingdom
15798,3,915.0,73,1535.37,511.79,2010-08-04 09:13:00,492,United Kingdom
13402,4,1107.0,55,1535.13,383.78,2011-08-04 15:51:00,127,United Kingdom
16491,2,1060.0,86,1533.16,766.58,2011-10-24 10:18:00,46,United Kingdom
14567,2,412.0,33,1530.36,765.18,2011-10-14 10:21:00,56,United Kingdom
16714,4,849.0,95,1529.8,382.45,2011-05-05 11:09:00,218,United Kingdom
17610,5,902.0,114,1529.49,305.9,2010-06-17 16:34:00,540,United Kingdom
14068,4,513.0,93,1528.37,382.09,2011-01-23 16:02:00,320,United Kingdom
17990,6,777.0,40,1527.61,254.6,2011-04-17 11:44:00,236,United Kingdom
16340,3,1345.0,277,1526.06,508.69,2011-08-24 14:53:00,107,United Kingdom
12970,10,1014.0,280,1524.97,152.5,2011-12-02 14:30:00,7,United Kingdom
15587,7,528.0,3,1522.08,217.44,2011-10-20 13:37:00,50,United Kingdom
16066,5,936.0,77,1521.87,304.37,2011-11-23 11:54:00,16,United Kingdom
14055,3,720.0,33,1520.96,506.99,2011-08-25 15:04:00,106,United Kingdom
15574,6,949.0,191,1518.7,253.12,2011-06-15 12:01:00,177,United Kingdom
14264,6,553.0,59,1517.36,252.89,2011-07-08 10:20:00,154,United Kingdom
14267,3,530.0,25,1516.24,505.41,2011-06-30 10:09:00,162,United Kingdom
13791,2,1200.0,7,1516.0,758.0,2011-08-04 11:44:00,127,United Kingdom
14220,4,468.0,26,1515.0,378.75,2011-04-06 13:23:00,247,United Kingdom
14682,6,949.0,79,1514.81,252.47,2011-06-05 12:12:00,187,United Kingdom
17025,5,1024.0,31,1510.64,302.13,2011-10-10 09:06:00,60,United Kingdom
16910,8,886.0,318,1510.06,188.76,2011-12-05 12:51:00,4,United Kingdom
13370,1,686.0,39,1509.74,1509.74,2010-12-03 10:26:00,371,United Kingdom
16037,5,766.0,62,1509.34,301.87,2011-03-15 09:13:00,269,United Kingdom
15948,3,852.0,63,1509.09,503.03,2011-12-01 15:32:00,8,United Kingdom
18074,2,551.0,37,1509.04,754.52,2010-12-01 09:53:00,373,United Kingdom
13158,5,992.0,70,1508.18,301.64,2011-09-06 11:58:00,94,United Kingdom
15261,4,806.0,87,1508.0,377.0,2011-07-27 15:20:00,135,United Kingdom
17179,6,625.0,75,1507.26,251.21,2011-06-14 16:48:00,178,United Kingdom
15110,6,337.0,23,1505.85,250.98,2011-11-16 11:16:00,23,United Kingdom
16450,3,681.0,36,1505.73,501.91,2011-07-13 11:47:00,149,United Kingdom
14802,2,2.0,1,1502.98,751.49,2010-09-27 16:34:00,438,United Kingdom
17290,8,1147.0,184,1501.44,187.68,2011-12-06 12:38:00,3,United Kingdom
16762,3,618.0,51,1501.38,500.46,2011-11-20 11:43:00,19,United Kingdom
13810,3,312.0,32,1499.01,499.67,2011-11-11 08:33:00,28,Germany
15590,5,832.0,75,1496.6,299.32,2010-11-22 14:49:00,382,United Kingdom
15882,8,814.0,49,1495.98,187.0,2011-05-25 11:35:00,198,United Kingdom
15173,7,840.0,68,1494.6,213.51,2010-11-24 10:21:00,380,United Kingdom
14894,3,603.0,39,1492.81,497.6,2011-09-15 13:51:00,85,United Kingdom
16239,6,692.0,24,1492.2,248.7,2011-10-14 08:29:00,56,United Kingdom
16314,3,636.0,58,1491.4,497.13,2010-11-15 12:06:00,389,United Kingdom
18268,6,711.0,36,1490.23,248.37,2011-07-28 19:13:00,134,United Kingdom
16419,8,721.0,62,1487.42,185.93,2011-08-19 12:33:00,112,United Kingdom
14609,10,12720.0,6,1486.2,148.62,2011-09-28 12:54:00,72,United Kingdom
15427,3,1013.0,233,1483.14,494.38,2011-11-06 14:29:00,33,United Kingdom
15630,3,987.0,76,1481.4,493.8,2011-10-25 15:36:00,45,United Kingdom
17590,3,828.0,162,1479.22,493.07,2011-12-07 12:55:00,2,United Kingdom
15101,6,676.0,52,1477.94,246.32,2011-12-01 10:18:00,8,United Kingdom
16121,5,897.0,256,1477.09,295.42,2011-10-13 12:59:00,57,United Kingdom
14246,3,804.0,57,1474.06,491.35,2011-08-21 11:50:00,110,United Kingdom
16980,3,1039.0,91,1473.33,491.11,2011-03-29 16:36:00,255,United Kingdom
14684,6,1039.0,272,1468.55,244.76,2011-11-14 11:33:00,25,United Kingdom
13138,7,718.0,41,1467.24,209.61,2011-11-17 16:51:00,22,United Kingdom
13500,4,838.0,77,1466.3,366.58,2011-11-16 15:35:00,23,United Kingdom
18196,4,1047.0,210,1464.31,366.08,2011-09-05 16:22:00,95,United Kingdom
12882,2,246.0,12,1463.04,731.52,2011-11-30 16:18:00,9,United Kingdom
16586,3,348.0,27,1462.78,487.59,2011-04-05 09:32:00,248,United Kingdom
17978,4,1797.0,62,1461.76,365.44,2010-12-09 14:05:00,365,United Kingdom
18106,6,512.0,126,1461.46,243.58,2011-01-14 12:23:00,329,United Kingdom
14657,6,885.0,143,1460.87,243.48,2011-11-22 12:47:00,17,United Kingdom
15071,4,416.0,41,1455.56,363.89,2011-09-07 11:43:00,93,United Kingdom
16569,5,988.0,27,1455.23,291.05,2011-12-06 15:32:00,3,United Kingdom
14487,7,837.0,129,1453.61,207.66,2011-11-13 12:17:00,26,United Kingdom
13165,3,1736.0,47,1451.16,483.72,2011-10-24 15:05:00,46,United Kingdom
17582,5,606.0,92,1450.7,290.14,2011-04-17 13:18:00,236,United Kingdom
13361,2,324.0,29,1450.5,725.25,2010-08-24 14:56:00,472,United Kingdom
15876,2,886.0,11,1449.14,724.57,2010-10-26 18:58:00,409,United Kingdom
13023,3,585.0,69,1449.03,483.01,2011-10-06 16:27:00,64,United Kingdom
16906,7,613.0,180,1448.8,206.97,2011-09-19 11:49:00,81,United Kingdom
17545,6,733.0,204,1448.54,241.42,2011-10-27 14:04:00,43,United Kingdom
15076,3,866.0,68,1447.74,482.58,2011-06-20 08:23:00,172,United Kingdom
14591,4,1297.0,138,1447.14,361.79,2011-11-24 13:57:00,15,United Kingdom
17073,4,759.0,142,1446.09,361.52,2011-11-22 11:47:00,17,United Kingdom
13583,2,1097.0,93,1445.03,722.52,2011-07-07 10:40:00,155,United Kingdom
15636,4,560.0,39,1444.58,361.15,2011-09-11 11:17:00,89,United Kingdom
17175,4,866.0,42,1443.69,360.92,2011-10-26 15:31:00,44,United Kingdom
17734,6,741.0,76,1442.32,240.39,2011-10-17 12:33:00,53,United Kingdom
18066,3,535.0,37,1440.4,480.13,2011-09-25 15:30:00,75,United Kingdom
13543,2,329.0,37,1439.61,719.8,2010-03-15 13:34:00,634,United Kingdom
14071,8,995.0,271,1438.82,179.85,2011-12-06 12:27:00,3,United Kingdom
13159,4,1059.0,114,1437.85,359.46,2011-12-01 11:20:00,8,United Kingdom
16088,2,373.0,3,1437.43,718.72,2010-05-13 10:16:00,575,United Kingdom
16727,4,1109.0,158,1437.42,359.36,2010-12-10 13:48:00,364,United Kingdom
13278,4,1358.0,80,1435.85,358.96,2011-10-30 11:49:00,40,United Kingdom
12805,4,593.0,44,1434.95,358.74,2010-11-23 12:27:00,381,Netherlands
13259,9,517.0,234,1433.38,159.26,2011-10-09 10:48:00,61,United Kingdom
12389,3,614.0,41,1433.33,477.78,2010-11-02 11:52:00,402,Australia
17941,4,1108.0,5,1433.28,358.32,2011-08-01 08:30:00,130,United Kingdom
17950,7,847.0,133,1432.81,204.69,2011-09-28 15:18:00,72,United Kingdom
13475,4,1012.0,64,1431.78,357.95,2011-06-01 13:52:00,191,United Kingdom
15468,3,1400.0,80,1430.48,476.83,2011-10-19 13:49:00,51,United Kingdom
18071,6,835.0,52,1428.63,238.11,2011-03-27 11:59:00,257,United Kingdom
14412,3,1428.0,75,1426.19,475.4,2011-10-28 10:45:00,42,United Kingdom
17411,5,608.0,69,1425.38,285.08,2011-11-27 14:25:00,12,United Kingdom
18221,6,1000.0,71,1424.94,237.49,2011-11-17 14:40:00,22,United Kingdom
15799,4,1342.0,143,1424.29,356.07,2011-09-25 12:46:00,75,United Kingdom
13145,7,266.0,5,1423.52,203.36,2011-10-31 12:45:00,39,United Kingdom
17438,5,553.0,49,1422.77,284.55,2011-03-31 10:26:00,253,United Kingdom
15106,5,1181.0,90,1422.52,284.5,2011-11-22 09:16:00,17,United Kingdom
16463,4,1163.0,74,1422.4,355.6,2011-11-18 14:01:00,21,United Kingdom
14019,3,1037.0,37,1421.61,473.87,2011-10-24 10:13:00,46,United Kingdom
16926,5,237.0,63,1421.35,284.27,2010-12-03 13:42:00,371,United Kingdom
15652,5,659.0,93,1420.34,284.07,2011-09-09 14:22:00,91,United Kingdom
14775,3,1558.0,57,1418.46,472.82,2011-10-12 15:27:00,58,United Kingdom
16173,6,575.0,70,1418.32,236.39,2011-11-24 10:53:00,15,United Kingdom
15444,2,764.0,191,1418.26,709.13,2011-11-30 17:37:00,9,United Kingdom
17856,4,842.0,12,1418.03,354.51,2011-12-08 09:40:00,1,United Kingdom
15223,5,385.0,26,1417.95,283.59,2011-04-28 11:31:00,225,United Kingdom
14662,7,935.0,199,1416.33,202.33,2011-11-11 12:13:00,28,United Kingdom
16245,3,1014.0,80,1413.66,471.22,2011-11-16 10:14:00,23,United Kingdom
17496,4,675.0,54,1412.89,353.22,2010-12-16 08:39:00,358,United Kingdom
17878,3,1038.0,82,1412.33,470.78,2011-10-27 11:24:00,43,United Kingdom
15237,4,1071.0,94,1412.32,353.08,2011-12-08 09:46:00,1,United Kingdom
16848,4,780.0,75,1411.62,352.91,2011-10-18 08:42:00,52,United Kingdom
17908,5,856.0,178,1411.54,282.31,2010-12-01 11:45:00,373,United Kingdom
13821,6,483.0,158,1410.73,235.12,2011-07-18 09:49:00,144,United Kingdom
17714,5,608.0,69,1410.18,282.04,2011-01-23 10:32:00,320,United Kingdom
16854,2,997.0,72,1408.96,704.48,2010-10-18 16:31:00,417,United Kingdom
13049,4,620.0,19,1408.24,352.06,2011-10-06 15:31:00,64,United Kingdom
14083,11,966.0,169,1407.26,127.93,2011-12-05 13:14:00,4,United Kingdom
12695,7,454.0,46,1407.12,201.02,2011-12-02 13:22:00,7,France
14909,3,888.0,61,1404.68,468.23,2010-09-28 16:56:00,437,United Kingdom
12765,6,1009.0,49,1404.58,234.1,2010-08-24 13:51:00,472,Netherlands
18189,3,836.0,79,1403.73,467.91,2011-09-23 12:40:00,77,United Kingdom
15186,5,716.0,29,1403.2,280.64,2011-11-25 14:58:00,14,United Kingdom
14687,3,850.0,34,1402.06,467.35,2011-08-25 11:59:00,106,United Kingdom
18202,3,581.0,55,1396.99,465.66,2011-05-24 12:12:00,199,United Kingdom
16129,3,1261.0,91,1396.05,465.35,2010-10-28 14:29:00,407,United Kingdom
16300,3,658.0,190,1392.43,464.14,2010-10-05 13:14:00,430,United Kingdom
15322,2,971.0,76,1390.86,695.43,2011-09-15 09:34:00,85,United Kingdom
15141,7,1197.0,44,1388.47,198.35,2010-09-08 11:33:00,457,United Kingdom
15154,3,349.0,166,1388.41,462.8,2011-09-25 16:05:00,75,United Kingdom
15453,7,845.0,169,1388.37,198.34,2011-12-08 10:59:00,1,United Kingdom
12952,4,653.0,64,1387.79,346.95,2011-12-04 10:35:00,5,United Kingdom
13382,5,863.0,74,1387.58,277.52,2011-03-04 10:03:00,280,United Kingdom
16167,5,1494.0,51,1386.12,277.22,2010-10-21 15:33:00,414,United Kingdom
14899,1,586.0,126,1384.88,1384.88,2010-11-09 15:20:00,395,United Kingdom
18167,3,382.0,24,1384.86,461.62,2011-11-16 15:56:00,23,United Kingdom
13572,1,534.0,32,1384.25,1384.25,2011-05-18 11:59:00,205,United Kingdom
14116,5,707.0,61,1382.74,276.55,2011-11-20 10:29:00,19,United Kingdom
16389,4,1242.0,33,1382.07,345.52,2011-10-17 14:41:00,53,United Kingdom
15580,8,959.0,150,1381.19,172.65,2010-11-28 11:00:00,376,United Kingdom
14861,10,1076.0,62,1380.73,138.07,2011-10-18 12:54:00,52,United Kingdom
15751,11,443.0,90,1380.44,125.49,2010-09-05 12:44:00,460,United Kingdom
13074,4,826.0,26,1378.74,344.69,2010-07-16 16:53:00,511,United Kingdom
12886,2,770.0,75,1378.4,689.2,2011-10-03 10:09:00,67,United Kingdom
14853,5,345.0,26,1376.87,275.37,2011-11-15 16:56:00,24,United Kingdom
17150,6,403.0,64,1375.65,229.28,2010-11-28 11:27:00,376,United Kingdom
16669,3,888.0,141,1374.87,458.29,2011-11-16 12:26:00,23,United Kingdom
14577,7,573.0,104,1374.25,196.32,2011-11-27 12:47:00,12,United Kingdom
14265,4,715.0,74,1373.35,343.34,2011-08-22 13:32:00,109,Unspecified
14434,6,368.0,3,1372.8,228.8,2011-11-18 08:56:00,21,United Kingdom
14538,5,284.0,45,1370.84,274.17,2011-10-06 10:31:00,64,United Kingdom
14316,5,4494.0,21,1370.34,274.07,2010-10-13 16:31:00,422,United Kingdom
12533,2,704.0,63,1367.89,683.94,2010-03-22 10:56:00,627,Germany
13035,3,926.0,27,1364.2,454.73,2011-09-27 08:57:00,73,United Kingdom
14114,7,650.0,72,1364.09,194.87,2011-03-11 09:42:00,273,United Kingdom
13760,5,623.0,95,1363.64,272.73,2011-10-16 16:13:00,54,United Kingdom
15347,4,672.0,29,1363.6,340.9,2010-12-08 15:25:00,366,United Kingdom
16367,3,1117.0,196,1362.4,454.13,2011-11-02 13:13:00,37,United Kingdom
17796,7,379.0,149,1361.99,194.57,2011-10-30 15:38:00,40,United Kingdom
16588,4,882.0,64,1361.28,340.32,2010-11-18 17:56:00,386,United Kingdom
13396,2,600.0,42,1360.99,680.49,2011-11-10 16:59:00,29,United Kingdom
13919,4,1133.0,65,1360.68,340.17,2011-10-11 14:24:00,59,Denmark
14102,5,961.0,35,1360.28,272.06,2011-12-04 15:38:00,5,United Kingdom
16384,4,861.0,80,1358.95,339.74,2011-09-11 11:19:00,89,United Kingdom
15411,4,530.0,86,1358.88,339.72,2011-11-13 15:19:00,26,United Kingdom
13232,7,778.0,147,1357.6,193.94,2011-11-27 10:39:00,12,United Kingdom
17429,5,1286.0,80,1357.46,271.49,2011-08-03 13:22:00,128,United Kingdom
12875,5,5187.0,2,1356.99,271.4,2011-07-19 15:30:00,143,United Kingdom
17054,5,804.0,64,1356.33,271.27,2011-11-11 12:56:00,28,United Kingdom
14550,4,776.0,77,1353.31,338.33,2011-11-29 12:12:00,10,United Kingdom
15116,4,648.0,37,1352.75,338.19,2011-11-22 12:25:00,17,United Kingdom
12591,3,677.0,63,1352.15,450.72,2011-01-26 14:35:00,317,Italy
16079,3,864.0,18,1352.0,450.67,2011-11-23 12:48:00,16,United Kingdom
14847,3,533.0,56,1348.95,449.65,2011-07-14 10:52:00,148,United Kingdom
12646,2,897.0,43,1346.97,673.48,2011-12-05 10:14:00,4,USA
14320,5,713.0,68,1346.75,269.35,2011-05-17 09:24:00,206,United Kingdom
13639,2,997.0,49,1346.27,673.14,2011-09-26 13:36:00,74,United Kingdom
15398,2,769.0,60,1345.53,672.77,2011-11-23 16:47:00,16,United Kingdom
16222,2,503.0,133,1345.22,672.61,2011-01-25 13:38:00,318,United Kingdom
12426,2,584.0,73,1345.21,672.61,2011-05-29 12:26:00,194,Germany
12463,4,776.0,65,1344.78,336.2,2011-10-17 13:44:00,53,Belgium
14618,7,704.0,40,1342.32,191.76,2011-11-30 13:45:00,9,United Kingdom
13743,7,1776.0,8,1341.6,191.66,2011-12-07 10:09:00,2,United Kingdom
17499,2,1086.0,66,1341.39,670.69,2011-02-23 09:14:00,289,United Kingdom
17097,9,660.0,182,1340.45,148.94,2011-12-07 17:05:00,2,Spain
12620,3,1181.0,89,1339.41,446.47,2011-11-25 10:20:00,14,France
12711,2,770.0,56,1339.05,669.53,2010-04-07 11:59:00,611,Germany
13803,3,831.0,73,1338.91,446.3,2011-03-29 12:57:00,255,United Kingdom
13220,5,396.0,46,1336.09,267.22,2011-09-22 13:38:00,78,United Kingdom
12919,6,673.0,34,1335.19,222.53,2011-12-01 13:47:00,8,United Kingdom
17033,4,871.0,33,1332.79,333.2,2011-09-14 14:34:00,86,United Kingdom
17932,3,789.0,84,1331.57,443.86,2011-11-10 19:49:00,29,United Kingdom
15774,6,473.0,88,1329.94,221.66,2011-10-02 12:04:00,68,United Kingdom
16372,5,748.0,271,1328.61,265.72,2011-11-06 13:08:00,33,United Kingdom
16295,4,841.0,70,1328.55,332.14,2011-11-30 08:17:00,9,United Kingdom
14712,4,411.0,24,1328.07,332.02,2011-11-10 12:59:00,29,United Kingdom
15146,2,1473.0,90,1327.16,663.58,2011-06-28 12:09:00,164,United Kingdom
17027,9,653.0,126,1327.11,147.46,2011-09-22 12:24:00,78,United Kingdom
14956,1,2500.0,4,1325.0,1325.0,2010-10-14 16:40:00,421,United Kingdom
16894,3,507.0,186,1324.06,441.35,2010-07-25 15:43:00,502,United Kingdom
12960,4,1379.0,49,1322.07,330.52,2010-10-22 09:31:00,413,United Kingdom
16370,4,647.0,143,1320.56,330.14,2011-09-18 15:55:00,82,United Kingdom
13497,6,579.0,52,1320.33,220.06,2011-03-02 09:04:00,282,United Kingdom
12526,3,632.0,64,1316.66,438.89,2011-12-09 12:09:00,0,Germany
15471,3,683.0,122,1316.56,438.85,2011-12-07 14:12:00,2,United Kingdom
14921,2,953.0,78,1316.07,658.04,2011-11-09 13:17:00,30,United Kingdom
14725,4,1340.0,85,1315.24,328.81,2011-11-15 12:42:00,24,United Kingdom
14511,5,784.0,53,1314.81,262.96,2011-11-28 17:05:00,11,United Kingdom
16464,3,963.0,152,1314.68,438.23,2011-11-20 12:11:00,19,United Kingdom
14973,3,369.0,29,1314.45,438.15,2011-08-24 15:51:00,107,United Kingdom
16296,4,645.0,56,1313.67,328.42,2010-03-23 13:11:00,626,United Kingdom
13282,4,410.0,42,1313.19,328.3,2011-11-21 15:33:00,18,United Kingdom
12364,4,1506.0,70,1313.1,328.28,2011-12-02 10:22:00,7,Belgium
12639,3,631.0,58,1312.37,437.46,2011-04-15 12:48:00,238,Sweden
16756,7,707.0,64,1312.37,187.48,2011-05-09 09:33:00,214,United Kingdom
12987,5,585.0,61,1312.21,262.44,2011-09-27 12:03:00,73,United Kingdom
14856,3,714.0,65,1311.38,437.13,2011-11-03 14:53:00,36,United Kingdom
13855,4,575.0,64,1310.34,327.59,2010-07-27 09:53:00,500,United Kingdom
15038,9,441.0,190,1309.86,145.54,2011-10-12 11:33:00,58,United Kingdom
16955,6,823.0,33,1309.41,218.23,2011-06-08 10:36:00,184,United Kingdom
12717,3,600.0,60,1308.91,436.3,2011-07-11 14:47:00,151,Greece
13328,1,680.0,17,1308.48,1308.48,2011-01-27 15:22:00,316,United Kingdom
16377,2,2928.0,6,1308.48,654.24,2011-03-17 15:41:00,267,United Kingdom
13846,4,705.0,81,1307.79,326.95,2011-11-15 12:07:00,24,United Kingdom
16777,5,475.0,125,1307.76,261.55,2011-09-20 13:41:00,80,United Kingdom
16282,3,790.0,31,1307.58,435.86,2011-01-04 11:42:00,339,United Kingdom
15677,3,675.0,63,1305.63,435.21,2011-10-21 15:36:00,49,United Kingdom
14297,4,865.0,48,1305.33,326.33,2011-11-22 09:06:00,17,United Kingdom
16744,7,805.0,198,1304.76,186.39,2011-11-28 13:06:00,11,United Kingdom
15813,2,603.0,40,1303.91,651.96,2011-05-16 08:13:00,207,United Kingdom
15579,5,723.0,140,1302.5,260.5,2011-10-02 12:45:00,68,United Kingdom
15400,8,662.0,16,1302.3,162.79,2011-09-08 13:57:00,92,United Kingdom
16574,3,1002.0,86,1301.78,433.93,2011-09-29 13:39:00,71,United Kingdom
16723,4,1002.0,108,1301.63,325.41,2011-09-09 13:01:00,91,United Kingdom
15108,4,499.0,50,1300.25,325.06,2011-07-21 10:24:00,141,European Community
14284,3,510.0,59,1299.65,433.22,2011-11-09 08:11:00,30,United Kingdom
14480,4,670.0,52,1299.52,324.88,2011-11-28 16:35:00,11,United Kingdom
16943,5,147.0,24,1299.49,259.9,2011-05-12 11:57:00,211,United Kingdom
14479,4,620.0,127,1299.11,324.78,2011-03-31 09:07:00,253,United Kingdom
12488,3,529.0,46,1298.66,432.89,2011-11-30 08:50:00,9,France
12372,3,794.0,34,1298.04,432.68,2011-09-29 12:12:00,71,Denmark
14167,8,350.0,48,1296.49,162.06,2011-10-31 14:29:00,39,United Kingdom
18286,2,608.0,67,1296.43,648.22,2010-08-20 11:57:00,476,United Kingdom
15525,4,680.0,152,1295.7,323.92,2011-12-07 14:43:00,2,United Kingdom
17109,8,789.0,124,1295.46,161.93,2011-11-10 16:59:00,29,United Kingdom
16929,7,929.0,51,1295.39,185.06,2011-12-06 08:37:00,3,United Kingdom
13440,7,573.0,49,1295.25,185.04,2010-10-12 13:11:00,423,United Kingdom
16212,4,571.0,71,1293.71,323.43,2011-11-20 13:00:00,19,United Kingdom
15621,4,501.0,11,1293.03,323.26,2011-12-05 14:01:00,4,United Kingdom
14619,2,594.0,58,1291.24,645.62,2011-04-08 07:37:00,245,United Kingdom
15171,1,290.0,5,1289.5,1289.5,2011-01-12 15:36:00,331,United Kingdom
14679,3,794.0,49,1289.44,429.81,2010-11-23 11:51:00,381,United Kingdom
16608,2,613.0,94,1288.72,644.36,2010-09-12 11:44:00,453,United Kingdom
15136,4,776.0,61,1286.7,321.68,2011-12-07 12:26:00,2,United Kingdom
14821,7,485.0,65,1286.45,183.78,2010-12-08 08:43:00,366,United Kingdom
16949,6,791.0,57,1286.27,214.38,2011-12-06 11:07:00,3,United Kingdom
13300,3,455.0,44,1285.51,428.5,2011-06-23 13:09:00,169,United Kingdom
17034,5,700.0,49,1283.92,256.78,2011-11-23 15:14:00,16,United Kingdom
17142,4,323.0,78,1283.75,320.94,2011-04-14 18:22:00,239,United Kingdom
13443,6,809.0,176,1280.16,213.36,2010-09-17 12:31:00,448,United Kingdom
17862,4,443.0,90,1279.09,319.77,2011-01-20 12:23:00,323,United Kingdom
13617,8,593.0,48,1278.75,159.84,2011-10-30 13:50:00,40,United Kingdom
14474,2,453.0,122,1278.08,639.04,2011-10-24 13:26:00,46,United Kingdom
17521,5,806.0,65,1278.06,255.61,2011-11-10 11:22:00,29,United Kingdom
13243,5,579.0,165,1278.04,255.61,2011-05-20 13:14:00,203,United Kingdom
16951,3,1318.0,73,1277.75,425.92,2011-07-28 12:05:00,134,United Kingdom
15584,6,487.0,174,1277.5,212.92,2011-11-16 10:55:00,23,United Kingdom
15211,2,357.0,52,1277.48,638.74,2011-10-10 13:31:00,60,United Kingdom
17759,5,976.0,114,1276.91,255.38,2011-11-22 16:02:00,17,United Kingdom
18035,5,1161.0,52,1276.74,255.35,2011-11-04 12:39:00,35,United Kingdom
14478,4,1226.0,59,1276.66,319.16,2010-11-22 15:29:00,382,United Kingdom
13916,4,673.0,72,1275.81,318.95,2010-09-02 10:04:00,463,United Kingdom
14820,9,724.0,51,1274.76,141.64,2011-11-18 15:41:00,21,United Kingdom
15809,7,700.0,51,1274.44,182.06,2011-11-03 16:40:00,36,United Kingdom
14490,2,933.0,72,1273.47,636.74,2010-10-29 15:04:00,406,United Kingdom
17132,2,980.0,62,1272.8,636.4,2010-09-13 16:31:00,452,United Kingdom
17478,2,516.0,40,1272.8,636.4,2010-10-27 15:01:00,408,United Kingdom
12394,2,819.0,26,1272.48,636.24,2011-10-07 08:08:00,63,Belgium
16527,2,726.0,66,1272.44,636.22,2011-09-19 16:21:00,81,United Kingdom
14984,6,350.0,48,1271.41,211.9,2011-11-20 14:28:00,19,United Kingdom
12630,2,548.0,60,1270.88,635.44,2011-11-30 10:48:00,9,Finland
13492,3,408.0,38,1269.84,423.28,2011-07-26 14:25:00,136,Switzerland
15439,4,572.0,49,1269.05,317.26,2010-10-31 10:38:00,404,United Kingdom
14379,4,713.0,93,1268.91,317.23,2011-10-26 16:43:00,44,United Kingdom
13892,6,3125.0,33,1267.65,211.28,2011-11-13 11:50:00,26,United Kingdom
17037,1,656.0,75,1267.32,1267.32,2011-09-13 12:49:00,87,United Kingdom
17531,3,472.0,54,1266.82,422.27,2011-06-02 19:17:00,190,United Kingdom
13515,6,819.0,64,1265.82,210.97,2011-09-28 11:26:00,72,United Kingdom
17635,3,770.0,60,1265.58,421.86,2010-10-11 15:12:00,424,United Kingdom
16842,3,693.0,45,1264.19,421.4,2011-08-31 10:42:00,100,United Kingdom
14427,4,538.0,43,1263.52,315.88,2011-10-20 14:23:00,50,United Kingdom
15009,3,642.0,148,1261.78,420.59,2011-11-27 13:35:00,12,United Kingdom
13065,5,455.0,49,1260.91,252.18,2010-12-01 16:52:00,373,United Kingdom
14419,7,556.0,118,1260.91,180.13,2011-11-29 11:22:00,10,United Kingdom
16688,4,804.0,52,1260.86,315.22,2011-12-08 15:24:00,1,United Kingdom
17343,6,454.0,61,1259.94,209.99,2010-12-19 15:07:00,355,United Kingdom
12993,8,751.0,57,1259.63,157.45,2011-11-16 15:49:00,23,United Kingdom
13689,2,722.0,6,1259.5,629.75,2011-10-07 13:21:00,63,United Kingdom
15651,5,871.0,52,1259.06,251.81,2011-11-03 08:41:00,36,United Kingdom
14871,9,454.0,123,1258.97,139.89,2011-12-06 13:42:00,3,United Kingdom
14931,5,417.0,30,1257.68,251.54,2011-12-05 10:19:00,4,Channel Islands
12402,6,584.0,43,1256.9,209.48,2011-01-20 13:49:00,323,Belgium
17481,4,1061.0,69,1255.59,313.9,2011-12-06 12:28:00,3,United Kingdom
15064,4,810.0,75,1254.41,313.6,2010-10-25 14:32:00,410,United Kingdom
15441,3,587.0,45,1254.21,418.07,2010-11-08 15:50:00,396,United Kingdom
15664,4,530.0,54,1254.03,313.51,2011-10-20 10:57:00,50,United Kingdom
16292,5,688.0,51,1253.76,250.75,2011-08-10 12:24:00,121,United Kingdom
14698,5,615.0,148,1250.76,250.15,2011-12-08 12:26:00,1,United Kingdom
15599,3,1098.0,77,1250.06,416.69,2011-11-13 11:44:00,26,United Kingdom
18135,10,753.0,23,1249.62,124.96,2011-11-10 19:32:00,29,United Kingdom
14020,4,648.0,63,1249.01,312.25,2011-11-23 09:22:00,16,United Kingdom
12666,1,370.0,31,1248.42,1248.42,2010-11-10 16:40:00,394,Israel
14383,3,817.0,49,1247.69,415.9,2011-11-01 15:53:00,38,United Kingdom
12689,2,628.0,57,1247.61,623.81,2011-11-14 08:31:00,25,France
14240,3,655.0,46,1247.49,415.83,2011-11-09 13:45:00,30,United Kingdom
14382,2,1701.0,227,1246.8,623.4,2011-11-13 16:18:00,26,United Kingdom
15004,1,630.0,154,1246.32,1246.32,2011-07-15 14:05:00,147,United Kingdom
13860,5,591.0,58,1245.9,249.18,2011-12-08 12:57:00,1,United Kingdom
14428,5,436.0,108,1244.83,248.97,2011-12-02 13:17:00,7,United Kingdom
17076,6,514.0,31,1242.75,207.12,2011-11-03 17:53:00,36,United Kingdom
15800,7,588.0,198,1242.58,177.51,2011-08-24 14:23:00,107,United Kingdom
17201,4,1075.0,154,1242.04,310.51,2011-10-17 11:55:00,53,United Kingdom
14446,5,1116.0,259,1241.31,248.26,2011-12-09 11:34:00,0,United Kingdom
13201,4,1039.0,65,1240.61,310.15,2010-07-25 14:30:00,502,United Kingdom
17529,2,790.0,78,1240.25,620.13,2010-04-08 17:51:00,610,United Kingdom
13863,4,553.0,59,1239.55,309.89,2011-04-06 10:20:00,247,United Kingdom
12985,2,1533.0,73,1239.38,619.69,2011-12-09 10:46:00,0,United Kingdom
16501,1,642.0,181,1237.23,1237.23,2010-11-21 14:10:00,383,United Kingdom
14231,4,610.0,66,1235.62,308.9,2011-06-09 11:05:00,183,United Kingdom
15376,3,619.0,100,1233.36,411.12,2011-10-30 15:04:00,40,United Kingdom
17397,3,697.0,132,1233.18,411.06,2011-11-17 14:08:00,22,United Kingdom
12605,4,929.0,63,1232.95,308.24,2010-11-28 14:18:00,376,Germany
16159,4,635.0,31,1232.79,308.2,2011-03-03 12:27:00,281,United Kingdom
18080,2,642.0,2,1231.5,615.75,2011-11-21 08:02:00,18,United Kingdom
17360,6,636.0,189,1231.38,205.23,2011-11-22 13:11:00,17,United Kingdom
12673,3,700.0,68,1230.02,410.01,2011-12-04 13:55:00,5,Germany
13019,6,397.0,46,1229.95,204.99,2010-11-25 14:56:00,379,United Kingdom
17342,4,521.0,31,1227.54,306.89,2010-11-25 11:07:00,379,United Kingdom
12866,3,553.0,58,1227.35,409.12,2011-03-01 14:11:00,283,Belgium
13030,2,598.0,76,1227.22,613.61,2011-11-28 14:30:00,11,United Kingdom
17539,4,747.0,132,1226.57,306.64,2010-04-01 12:07:00,617,United Kingdom
17456,2,730.0,59,1225.42,612.71,2010-12-09 15:23:00,365,United Kingdom
15269,3,372.0,33,1225.36,408.45,2011-11-16 09:32:00,23,United Kingdom
15303,3,514.0,63,1224.18,408.06,2011-02-22 13:59:00,290,United Kingdom
14512,7,742.0,55,1223.47,174.78,2011-06-05 12:39:00,187,United Kingdom
13787,6,998.0,71,1222.5,203.75,2011-09-25 12:06:00,75,United Kingdom
16946,5,509.0,69,1222.04,244.41,2010-11-21 14:06:00,383,United Kingdom
14430,3,446.0,29,1220.9,406.97,2010-07-16 11:35:00,511,United Kingdom
13299,3,416.0,56,1218.7,406.23,2011-03-16 12:55:00,268,United Kingdom
13304,4,716.0,59,1217.99,304.5,2010-12-23 14:35:00,351,United Kingdom
15390,2,894.0,77,1216.66,608.33,2010-11-08 15:19:00,396,Canada
15661,8,779.0,27,1215.95,151.99,2011-01-26 13:56:00,317,United Kingdom
13140,5,648.0,89,1215.68,243.14,2011-08-23 15:33:00,108,United Kingdom
17410,5,616.0,57,1214.72,242.94,2011-11-23 15:46:00,16,United Kingdom
17198,3,599.0,89,1213.88,404.63,2011-11-16 10:39:00,23,United Kingdom
13405,6,855.0,33,1213.81,202.3,2011-09-26 17:01:00,74,United Kingdom
18263,3,1468.0,59,1213.16,404.39,2011-11-14 09:00:00,25,United Kingdom
16872,6,1079.0,12,1213.13,202.19,2011-09-23 16:05:00,77,United Kingdom
13918,2,1140.0,30,1212.84,606.42,2011-10-21 12:25:00,49,United Kingdom
16653,2,733.0,67,1212.66,606.33,2011-11-23 14:51:00,16,United Kingdom
12464,8,112.0,6,1212.05,151.51,2011-11-29 13:33:00,10,Belgium
15377,4,253.0,15,1211.75,302.94,2010-11-22 08:55:00,382,United Kingdom
14193,3,653.0,49,1210.19,403.4,2011-10-03 09:34:00,67,United Kingdom
13723,6,629.0,51,1209.2,201.53,2011-05-06 17:04:00,217,United Kingdom
17062,6,922.0,82,1208.22,201.37,2011-01-30 11:01:00,313,United Kingdom
17653,4,1409.0,44,1207.56,301.89,2011-11-03 12:46:00,36,United Kingdom
16830,4,699.0,65,1207.5,301.88,2011-11-01 11:35:00,38,United Kingdom
18193,3,926.0,66,1207.35,402.45,2011-06-27 13:58:00,165,United Kingdom
15573,5,780.0,181,1207.18,241.44,2011-11-08 11:38:00,31,United Kingdom
18181,5,524.0,139,1205.94,241.19,2011-11-15 15:08:00,24,United Kingdom
15737,8,599.0,60,1205.12,150.64,2011-11-25 11:21:00,14,United Kingdom
18057,3,978.0,121,1203.56,401.19,2010-11-11 16:55:00,393,United Kingdom
15994,3,469.0,93,1202.18,400.73,2011-10-16 12:28:00,54,United Kingdom
12742,1,1359.0,67,1201.52,1201.52,2010-03-24 12:43:00,625,United Arab Emirates
16800,1,540.0,148,1201.49,1201.49,2011-11-28 14:06:00,11,United Kingdom
15181,5,688.0,15,1200.2,240.04,2011-10-04 13:58:00,66,United Kingdom
16693,5,688.0,149,1199.46,239.89,2011-10-02 11:10:00,68,United Kingdom
15600,4,657.0,55,1199.31,299.83,2010-10-07 14:30:00,428,United Kingdom
17800,9,736.0,51,1199.01,133.22,2011-11-02 12:57:00,37,United Kingdom
16345,2,620.0,95,1198.74,599.37,2011-10-26 16:03:00,44,United Kingdom
17713,4,989.0,55,1198.09,299.52,2010-11-22 16:50:00,382,United Kingdom
16307,3,1123.0,69,1194.92,398.31,2010-10-06 14:31:00,429,United Kingdom
15145,4,756.0,54,1194.73,298.68,2011-12-05 17:21:00,4,United Kingdom
14201,10,806.0,47,1193.54,119.35,2011-10-10 13:27:00,60,United Kingdom
12611,1,846.0,65,1193.32,1193.32,2011-10-18 13:12:00,52,Italy
13293,6,555.0,51,1192.94,198.82,2010-11-12 13:28:00,392,United Kingdom
16306,7,742.0,55,1192.82,170.4,2011-05-10 12:12:00,213,United Kingdom
13976,4,452.0,49,1192.36,298.09,2011-05-17 09:13:00,206,United Kingdom
14213,1,244.0,5,1192.2,1192.2,2010-10-31 10:37:00,404,United Kingdom
17984,5,973.0,209,1191.27,238.25,2011-07-17 15:59:00,145,United Kingdom
13882,5,953.0,54,1191.13,238.23,2011-12-07 11:16:00,2,United Kingdom
16471,4,670.0,48,1189.98,297.5,2011-03-10 09:41:00,274,United Kingdom
12462,2,536.0,51,1189.59,594.8,2011-11-21 09:11:00,18,Spain
17239,4,515.0,18,1189.45,297.36,2011-01-31 09:41:00,312,United Kingdom
14275,6,538.0,14,1189.38,198.23,2010-11-09 09:06:00,395,United Kingdom
15022,5,656.0,115,1186.09,237.22,2011-11-28 12:35:00,11,United Kingdom
13388,3,701.0,68,1185.65,395.22,2011-07-31 12:52:00,131,United Kingdom
18060,2,902.0,74,1185.46,592.73,2010-10-27 16:41:00,408,United Kingdom
13601,4,972.0,160,1185.14,296.28,2011-10-25 17:31:00,45,United Kingdom
14206,3,930.0,62,1185.01,395.0,2011-04-14 16:38:00,239,United Kingdom
15259,4,631.0,50,1182.38,295.6,2010-07-15 08:47:00,512,United Kingdom
17021,6,992.0,35,1182.22,197.04,2010-09-23 20:01:00,442,United Kingdom
13526,2,1911.0,29,1182.0,591.0,2009-12-01 13:13:00,738,United Kingdom
13395,3,1660.0,77,1180.23,393.41,2011-06-07 15:04:00,185,United Kingdom
18277,5,449.0,53,1180.05,236.01,2011-10-12 15:22:00,58,United Kingdom
13270,1,400.0,1,1180.0,1180.0,2010-12-08 14:53:00,366,United Kingdom
17058,3,592.0,51,1179.89,393.3,2011-09-19 10:13:00,81,United Kingdom
16614,3,349.0,37,1179.79,393.26,2011-06-10 11:36:00,182,United Kingdom
13797,3,573.0,71,1179.45,393.15,2010-09-29 10:34:00,436,United Kingdom
18025,6,1053.0,83,1177.72,196.29,2010-11-25 12:37:00,379,United Kingdom
15068,4,835.0,178,1176.85,294.21,2011-10-24 14:47:00,46,United Kingdom
13233,4,1604.0,74,1176.46,294.12,2011-09-26 13:25:00,74,United Kingdom
15210,3,841.0,66,1176.19,392.06,2011-04-28 16:11:00,225,United Kingdom
14370,6,266.0,37,1175.78,195.96,2010-09-15 10:53:00,450,United Kingdom
12885,3,655.0,66,1175.22,391.74,2011-10-07 13:40:00,63,United Kingdom
12915,4,452.0,46,1174.75,293.69,2011-07-14 11:34:00,148,United Kingdom
12640,3,311.0,47,1174.58,391.53,2011-11-16 11:52:00,23,France
14126,4,887.0,37,1172.46,293.12,2011-12-02 11:45:00,7,United Kingdom
14818,6,546.0,87,1170.41,195.07,2011-09-27 11:01:00,73,United Kingdom
12691,7,445.0,24,1170.4,167.2,2011-11-11 16:49:00,28,France
17373,7,738.0,65,1167.5,166.79,2011-10-30 15:28:00,40,United Kingdom
17664,4,1058.0,68,1166.23,291.56,2011-11-21 11:29:00,18,United Kingdom
17812,7,612.0,162,1165.89,166.56,2011-11-27 11:47:00,12,United Kingdom
14693,7,388.0,43,1165.36,166.48,2011-03-20 12:50:00,264,United Kingdom
14261,2,406.0,52,1163.45,581.72,2011-10-20 10:04:00,50,United Kingdom
17525,3,338.0,19,1161.9,387.3,2010-12-15 12:05:00,359,United Kingdom
12546,2,633.0,59,1161.5,580.75,2011-10-24 12:09:00,46,Spain
12972,4,844.0,69,1161.2,290.3,2010-10-22 08:41:00,413,United Kingdom
13897,3,820.0,58,1160.72,386.91,2011-10-20 14:30:00,50,United Kingdom
13459,2,986.0,57,1160.41,580.2,2010-03-25 10:24:00,624,United Kingdom
15088,2,460.0,53,1160.07,580.04,2011-11-18 13:14:00,21,United Kingdom
16838,4,509.0,53,1159.61,289.9,2011-05-26 13:13:00,197,United Kingdom
13499,5,1365.0,31,1159.11,231.82,2011-11-22 11:21:00,17,United Kingdom
17513,3,440.0,18,1158.8,386.27,2011-09-28 16:42:00,72,United Kingdom
16184,6,561.0,26,1158.79,193.13,2011-10-06 17:43:00,64,United Kingdom
12439,2,484.0,69,1158.18,579.09,2010-01-26 12:11:00,682,Cyprus
15028,6,796.0,65,1157.71,192.95,2011-12-01 14:06:00,8,United Kingdom
15879,4,643.0,171,1157.3,289.33,2010-10-31 16:21:00,404,United Kingdom
17169,3,671.0,64,1156.73,385.58,2011-10-13 10:25:00,57,United Kingdom
13744,2,1249.0,54,1156.36,578.18,2011-09-05 15:19:00,95,United Kingdom
14788,3,719.0,53,1156.32,385.44,2011-12-02 17:06:00,7,United Kingdom
17127,5,340.0,27,1155.03,231.01,2010-10-07 09:54:00,428,United Kingdom
16637,4,927.0,66,1154.47,288.62,2011-11-07 13:17:00,32,United Kingdom
13462,5,697.0,64,1153.85,230.77,2011-04-01 11:20:00,252,United Kingdom
14475,4,541.0,40,1151.15,287.79,2011-09-29 10:46:00,71,United Kingdom
12475,2,771.0,54,1149.64,574.82,2011-10-17 10:10:00,53,Germany
12710,3,851.0,75,1149.02,383.01,2011-09-04 12:00:00,96,Germany
16521,3,1016.0,212,1148.01,382.67,2010-10-20 13:09:00,415,United Kingdom
14308,2,2.0,1,1147.02,573.51,2010-06-08 16:48:00,549,United Kingdom
16766,2,536.0,17,1145.6,572.8,2011-03-11 15:22:00,273,United Kingdom
17477,2,225.0,44,1144.3,572.15,2010-04-06 10:06:00,612,United Kingdom
12769,1,356.0,32,1143.6,1143.6,2011-04-15 10:25:00,238,Brazil
14585,5,630.0,88,1143.27,228.65,2011-10-20 14:33:00,50,United Kingdom
17770,5,365.0,33,1143.27,228.65,2011-05-25 12:34:00,198,United Kingdom
18125,4,804.0,164,1142.99,285.75,2011-11-10 12:29:00,29,United Kingdom
13856,11,1105.0,33,1142.03,103.82,2011-06-24 10:03:00,168,United Kingdom
18218,4,1076.0,25,1142.0,285.5,2011-05-12 12:53:00,211,United Kingdom
16769,4,301.0,76,1141.75,285.44,2011-03-24 13:41:00,260,United Kingdom
16270,1,688.0,54,1141.24,1141.24,2010-12-21 14:26:00,353,United Kingdom
15586,3,1338.0,30,1139.1,379.7,2010-04-26 11:00:00,592,United Kingdom
17500,3,17.0,3,1138.0,379.33,2011-11-22 14:25:00,17,United Kingdom
17302,5,575.0,68,1135.63,227.13,2011-11-25 09:36:00,14,United Kingdom
17866,3,535.0,20,1134.95,378.32,2011-07-20 11:07:00,142,United Kingdom
13109,3,757.0,57,1134.03,378.01,2011-10-11 10:16:00,59,United Kingdom
17137,6,697.0,125,1133.63,188.94,2010-10-19 14:51:00,416,United Kingdom
16989,6,1233.0,7,1133.25,188.88,2011-12-02 16:39:00,7,United Kingdom
14375,3,659.0,176,1132.99,377.66,2011-06-07 13:44:00,185,United Kingdom
15500,4,572.0,64,1131.56,282.89,2011-12-01 13:47:00,8,United Kingdom
13393,4,662.0,53,1131.45,282.86,2010-05-05 09:34:00,583,United Kingdom
12616,3,498.0,32,1131.1,377.03,2011-09-05 15:17:00,95,France
15695,4,484.0,55,1131.04,282.76,2011-03-18 08:32:00,266,United Kingdom
16014,5,478.0,219,1130.27,226.05,2011-11-02 12:04:00,37,United Kingdom
17622,2,379.0,19,1130.21,565.1,2010-04-21 12:36:00,597,United Kingdom
16354,5,599.0,116,1129.51,225.9,2011-10-07 14:28:00,63,United Kingdom
12427,3,612.0,26,1129.3,376.43,2011-11-18 08:56:00,21,Germany
13447,3,584.0,55,1129.14,376.38,2011-11-16 13:38:00,23,United Kingdom
14450,7,522.0,47,1128.44,161.21,2011-06-12 10:46:00,180,United Kingdom
12373,3,516.0,36,1127.65,375.88,2011-02-01 13:10:00,311,Austria
14671,2,571.0,48,1127.45,563.73,2010-06-08 13:39:00,549,United Kingdom
15969,5,223.0,31,1127.05,225.41,2011-12-07 11:06:00,2,United Kingdom
12503,1,561.0,2,1126.0,1126.0,2010-05-04 13:59:00,584,Spain
13167,5,1007.0,64,1125.15,225.03,2011-11-21 12:24:00,18,United Kingdom
13778,4,511.0,33,1124.49,281.12,2011-08-28 15:25:00,103,United Kingdom
14917,2,891.0,29,1123.75,561.88,2010-04-22 11:28:00,596,United Kingdom
16916,4,764.0,180,1123.4,280.85,2011-11-16 12:08:00,23,United Kingdom
15436,3,613.0,243,1122.53,374.18,2011-11-27 16:05:00,12,United Kingdom
17492,3,450.0,32,1122.42,374.14,2011-04-05 15:21:00,248,United Kingdom
13486,3,669.0,69,1122.41,374.14,2011-09-22 13:13:00,78,United Kingdom
17562,7,817.0,48,1122.38,160.34,2011-11-25 14:21:00,14,United Kingdom
13368,4,606.0,45,1121.5,280.38,2011-03-28 09:59:00,256,United Kingdom
16895,5,433.0,135,1121.42,224.28,2011-10-06 12:15:00,64,United Kingdom
13589,6,293.0,48,1120.74,186.79,2011-11-25 12:10:00,14,United Kingdom
17007,7,717.0,63,1120.1,160.01,2011-10-20 10:47:00,50,United Kingdom
17871,5,713.0,64,1118.99,223.8,2011-05-19 11:32:00,204,United Kingdom
17423,3,790.0,39,1118.95,372.98,2011-10-24 13:36:00,46,United Kingdom
16430,7,307.0,19,1117.94,159.71,2011-10-13 14:47:00,57,United Kingdom
17788,2,211.0,3,1117.9,558.95,2011-09-27 10:09:00,73,United Kingdom
16278,3,342.0,50,1117.84,372.61,2011-08-31 17:12:00,100,United Kingdom
14971,3,644.0,144,1116.57,372.19,2011-11-04 17:07:00,35,United Kingdom
14966,6,1098.0,125,1115.84,185.97,2011-11-25 12:20:00,14,United Kingdom
14080,5,268.0,74,1115.68,223.14,2011-11-07 11:09:00,32,United Kingdom
13509,8,1214.0,27,1114.72,139.34,2011-12-01 10:10:00,8,United Kingdom
16203,6,607.0,56,1114.54,185.76,2011-10-12 12:31:00,58,United Kingdom
14672,4,646.0,93,1113.14,278.28,2011-04-19 10:19:00,234,United Kingdom
12679,4,554.0,43,1113.02,278.26,2011-10-12 12:30:00,58,France
12648,4,518.0,38,1112.0,278.0,2011-07-08 11:55:00,154,Germany
16139,5,602.0,47,1111.15,222.23,2011-11-21 08:37:00,18,United Kingdom
16702,4,692.0,84,1110.83,277.71,2010-10-20 14:10:00,415,United Kingdom
15069,1,520.0,70,1109.53,1109.53,2011-06-13 14:16:00,179,United Kingdom
15559,1,526.0,62,1109.4,1109.4,2010-05-20 14:06:00,568,United Kingdom
15828,1,367.0,74,1108.82,1108.82,2010-11-29 16:41:00,375,United Kingdom
15933,3,885.0,63,1107.46,369.15,2011-11-18 13:14:00,21,United Kingdom
14891,4,788.0,55,1106.73,276.68,2011-07-14 18:08:00,148,United Kingdom
14805,7,421.0,88,1104.64,157.81,2011-11-24 16:20:00,15,United Kingdom
16391,4,748.0,261,1103.61,275.9,2010-11-04 12:27:00,400,United Kingdom
12434,3,532.0,62,1103.43,367.81,2011-09-16 12:38:00,84,Australia
16386,3,723.0,127,1102.59,367.53,2011-11-11 12:28:00,28,United Kingdom
16223,2,651.0,101,1102.35,551.18,2010-11-30 11:50:00,374,United Kingdom
13295,4,733.0,56,1101.97,275.49,2010-12-15 11:21:00,359,United Kingdom
14948,6,673.0,56,1101.97,183.66,2011-11-16 17:16:00,23,United Kingdom
16418,5,580.0,121,1101.94,220.39,2011-10-26 12:39:00,44,United Kingdom
12785,3,453.0,42,1100.4,366.8,2010-12-10 13:48:00,364,Portugal
14009,3,951.0,71,1099.91,366.64,2011-05-25 15:47:00,198,United Kingdom
12421,6,652.0,44,1098.6,183.1,2011-11-24 09:07:00,15,Spain
13108,2,1043.0,27,1098.52,549.26,2010-12-02 10:35:00,372,United Kingdom
16805,5,1122.0,213,1097.24,219.45,2011-06-19 11:23:00,173,United Kingdom
17366,2,510.0,120,1096.24,548.12,2010-10-03 16:04:00,432,United Kingdom
16533,3,612.0,112,1095.56,365.19,2011-11-20 13:08:00,19,United Kingdom
13835,7,520.0,60,1095.27,156.47,2011-11-14 15:37:00,25,United Kingdom
17703,4,897.0,63,1094.84,273.71,2011-11-04 15:51:00,35,United Kingdom
15745,4,421.0,57,1094.59,273.65,2011-11-20 13:45:00,19,United Kingdom
13521,3,736.0,313,1093.65,364.55,2011-12-08 13:50:00,1,United Kingdom
14460,9,1879.0,33,1093.5,121.5,2011-08-21 14:19:00,110,United Kingdom
12803,1,872.0,55,1092.81,1092.81,2010-11-11 14:57:00,393,Netherlands
13546,5,589.0,95,1092.14,218.43,2011-11-27 14:50:00,12,United Kingdom
17726,7,444.0,52,1092.06,156.01,2010-11-09 13:37:00,395,United Kingdom
14199,4,254.0,15,1091.7,272.92,2011-05-05 13:44:00,218,United Kingdom
14813,4,474.0,110,1090.87,272.72,2010-12-05 11:57:00,369,United Kingdom
16211,3,519.0,35,1090.59,363.53,2011-09-12 12:11:00,88,United Kingdom
13853,1,312.0,23,1090.14,1090.14,2011-10-13 14:18:00,57,United Kingdom
12534,1,651.0,63,1089.18,1089.18,2011-08-01 10:26:00,130,Germany
14343,4,631.0,193,1088.91,272.23,2010-10-14 13:05:00,421,United Kingdom
15254,3,711.0,64,1088.35,362.78,2011-08-04 15:04:00,127,United Kingdom
15535,6,323.0,88,1087.82,181.3,2011-06-19 16:02:00,173,United Kingdom
16188,5,838.0,72,1087.66,217.53,2011-10-26 12:19:00,44,United Kingdom
15763,2,271.0,58,1086.92,543.46,2011-11-08 09:44:00,31,United Kingdom
14139,4,1049.0,48,1086.8,271.7,2011-10-24 13:34:00,46,United Kingdom
16298,7,308.0,32,1085.7,155.1,2011-11-17 11:59:00,22,United Kingdom
14013,5,775.0,56,1084.57,216.91,2011-08-21 15:01:00,110,United Kingdom
17420,6,499.0,43,1084.43,180.74,2011-10-20 14:52:00,50,United Kingdom
13467,2,584.0,89,1083.71,541.85,2011-11-29 10:01:00,10,United Kingdom
13567,4,645.0,180,1083.69,270.92,2010-10-07 12:51:00,428,United Kingdom
14561,3,1014.0,67,1080.76,360.25,2011-09-25 12:39:00,75,United Kingdom
13727,8,370.0,74,1080.05,135.01,2011-11-11 09:46:00,28,United Kingdom
13726,2,1054.0,39,1079.66,539.83,2011-11-01 10:49:00,38,United Kingdom
12354,1,530.0,58,1079.4,1079.4,2011-04-21 13:11:00,232,Spain
15546,2,198.0,6,1079.1,539.55,2010-04-12 11:51:00,606,United Kingdom
14352,4,538.0,44,1078.96,269.74,2011-07-05 15:41:00,157,United Kingdom
13656,4,862.0,81,1078.85,269.71,2011-06-28 10:31:00,164,United Kingdom
13607,2,468.0,110,1078.31,539.15,2011-10-30 16:17:00,40,United Kingdom
16231,4,564.0,69,1078.22,269.56,2010-11-25 15:00:00,379,United Kingdom
16183,4,351.0,32,1077.81,269.45,2011-10-03 14:59:00,67,United Kingdom
16642,3,775.0,50,1077.45,359.15,2011-12-05 11:31:00,4,United Kingdom
16071,4,697.0,62,1076.8,269.2,2011-10-26 11:14:00,44,United Kingdom
13959,6,700.0,120,1076.18,179.36,2011-09-21 15:06:00,79,United Kingdom
16048,4,569.0,30,1075.23,268.81,2010-12-01 15:28:00,373,United Kingdom
15912,9,759.0,83,1074.7,119.41,2011-06-14 14:29:00,178,United Kingdom
16884,4,521.0,64,1073.92,268.48,2011-11-02 11:52:00,37,United Kingdom
15238,3,692.0,49,1071.99,357.33,2011-11-10 14:28:00,29,United Kingdom
12801,1,505.0,50,1071.82,1071.82,2010-07-27 09:38:00,500,Sweden
17854,6,610.0,113,1071.45,178.57,2011-06-07 16:21:00,185,United Kingdom
16593,8,377.0,57,1071.14,133.89,2011-10-20 12:41:00,50,United Kingdom
14484,4,744.0,47,1070.98,267.75,2011-10-20 14:11:00,50,United Kingdom
17522,5,1034.0,59,1070.71,214.14,2011-12-08 12:31:00,1,United Kingdom
12728,5,543.0,48,1070.17,214.03,2011-09-29 15:31:00,71,France
17214,6,276.0,79,1069.12,178.19,2011-10-10 13:17:00,60,United Kingdom
15626,3,1138.0,73,1067.52,355.84,2011-09-26 10:03:00,74,United Kingdom
14675,2,726.0,196,1066.9,533.45,2011-11-23 12:58:00,16,United Kingdom
17277,2,430.0,67,1065.35,532.68,2011-04-26 12:47:00,227,United Kingdom
15639,3,849.0,61,1065.08,355.03,2011-07-28 14:30:00,134,United Kingdom
14488,1,799.0,46,1064.28,1064.28,2011-10-03 09:30:00,67,United Kingdom
15801,3,570.0,61,1063.95,354.65,2011-10-24 13:52:00,46,United Kingdom
12936,4,559.0,56,1063.9,265.98,2011-11-22 17:32:00,17,United Kingdom
17849,8,224.0,24,1063.76,132.97,2011-05-05 13:46:00,218,United Kingdom
12815,2,379.0,38,1063.46,531.73,2011-07-15 10:21:00,147,Poland
14411,1,196.0,14,1063.0,1063.0,2011-02-02 10:56:00,310,United Kingdom
14204,4,492.0,186,1062.96,265.74,2011-12-07 13:38:00,2,United Kingdom
16903,3,747.0,148,1062.28,354.09,2011-11-10 15:32:00,29,United Kingdom
15026,5,673.0,109,1061.61,212.32,2011-09-20 13:52:00,80,United Kingdom
17616,4,416.0,1,1060.8,265.2,2011-06-19 10:11:00,173,United Kingdom
15003,6,547.0,253,1060.7,176.78,2010-08-23 15:44:00,473,United Kingdom
15706,4,321.0,50,1060.56,265.14,2011-10-07 10:09:00,63,United Kingdom
17727,1,645.0,66,1060.25,1060.25,2011-11-24 17:06:00,15,United Kingdom
16261,6,459.0,118,1059.45,176.57,2011-11-22 17:23:00,17,United Kingdom
17421,3,807.0,46,1059.41,353.14,2010-11-18 16:57:00,386,United Kingdom
18130,3,824.0,58,1059.39,353.13,2011-11-24 14:40:00,15,United Kingdom
15850,6,1379.0,269,1058.72,176.45,2011-11-20 14:14:00,19,United Kingdom
17555,5,747.0,220,1057.74,211.55,2011-11-20 12:22:00,19,United Kingdom
15407,4,558.0,142,1056.44,264.11,2011-11-06 11:55:00,33,United Kingdom
14734,4,378.0,48,1056.42,264.1,2010-10-10 12:04:00,425,United Kingdom
12791,6,450.0,17,1056.11,176.02,2010-12-01 11:27:00,373,Netherlands
15645,3,396.0,59,1055.17,351.72,2011-11-21 11:55:00,18,United Kingdom
15977,2,1016.0,48,1054.73,527.37,2011-11-22 13:29:00,17,United Kingdom
16728,4,677.0,218,1054.67,263.67,2011-10-24 14:36:00,46,United Kingdom
12716,2,708.0,60,1053.49,526.74,2011-12-06 08:55:00,3,France
12580,2,569.0,52,1052.9,526.45,2011-04-07 10:24:00,246,Germany
15886,4,667.0,58,1052.87,263.22,2011-10-10 14:25:00,60,United Kingdom
15855,6,712.0,72,1052.72,175.45,2011-07-26 10:20:00,136,United Kingdom
14947,6,416.0,47,1049.79,174.97,2011-09-28 15:48:00,72,United Kingdom
13775,1,455.0,63,1049.66,1049.66,2010-04-28 12:15:00,590,United Kingdom
17934,3,628.0,36,1049.15,349.72,2011-10-19 11:16:00,51,United Kingdom
15464,1,350.0,155,1048.85,1048.85,2011-01-05 15:56:00,338,United Kingdom
15839,3,675.0,56,1048.49,349.5,2011-11-06 13:54:00,33,United Kingdom
17578,7,529.0,57,1047.33,149.62,2011-05-05 18:38:00,218,United Kingdom
17474,1,200.0,6,1047.0,1047.0,2010-04-19 10:43:00,599,United Kingdom
15091,3,582.0,55,1046.61,348.87,2011-10-03 12:47:00,67,United Kingdom
14108,4,660.0,49,1044.96,261.24,2011-11-09 10:41:00,30,United Kingdom
17042,5,994.0,74,1044.38,208.88,2011-12-07 12:26:00,2,United Kingdom
13359,2,381.0,52,1043.31,521.66,2011-10-07 09:30:00,63,United Kingdom
16991,1,793.0,74,1041.21,1041.21,2010-10-14 14:08:00,421,United Kingdom
13613,5,445.0,50,1039.85,207.97,2010-09-13 12:01:00,452,United Kingdom
13873,8,472.0,55,1038.92,129.87,2011-08-12 10:08:00,119,United Kingdom
12486,1,523.0,49,1037.28,1037.28,2010-10-04 12:14:00,431,Sweden
17869,7,560.0,72,1036.16,148.02,2011-08-24 16:16:00,107,United Kingdom
14902,3,716.0,51,1035.62,345.21,2011-11-14 10:34:00,25,United Kingdom
17926,5,572.0,27,1035.49,207.1,2011-07-29 14:39:00,133,United Kingdom
16260,1,311.0,18,1035.45,1035.45,2011-10-20 09:40:00,50,United Kingdom
16787,4,474.0,102,1035.43,258.86,2010-11-07 11:01:00,397,United Kingdom
13258,5,451.0,29,1035.18,207.04,2011-11-28 09:31:00,11,United Kingdom
16441,5,484.0,67,1034.43,206.89,2011-10-03 17:48:00,67,United Kingdom
12811,5,435.0,47,1033.9,206.78,2011-03-24 09:42:00,260,Portugal
17980,4,782.0,41,1033.42,258.36,2011-06-27 12:01:00,165,United Kingdom
17724,3,300.0,38,1033.0,344.33,2011-09-29 15:26:00,71,United Kingdom
14248,3,692.0,41,1032.95,344.32,2011-01-25 14:45:00,318,United Kingdom
13000,4,548.0,57,1032.5,258.13,2011-08-25 10:43:00,106,United Kingdom
17405,3,726.0,77,1031.41,343.8,2011-12-08 17:12:00,1,United Kingdom
13235,1,441.0,53,1031.07,1031.07,2011-05-11 17:13:00,212,United Kingdom
16385,5,549.0,94,1030.61,206.12,2011-10-10 13:12:00,60,United Kingdom
16198,2,384.0,31,1030.04,515.02,2011-09-25 14:58:00,75,United Kingdom
16284,3,683.0,108,1029.77,343.26,2011-11-08 16:12:00,31,United Kingdom
14932,2,337.0,29,1029.66,514.83,2010-12-09 11:48:00,365,Channel Islands
15333,1,344.0,16,1028.56,1028.56,2011-05-15 13:27:00,208,United Kingdom
16682,5,1040.0,15,1028.0,205.6,2011-12-05 12:13:00,4,United Kingdom
15104,2,637.0,66,1027.44,513.72,2011-05-27 12:29:00,196,United Kingdom
16227,3,436.0,28,1027.22,342.41,2011-04-28 13:33:00,225,United Kingdom
15887,3,605.0,27,1027.15,342.38,2010-10-29 08:36:00,406,United Kingdom
13956,5,491.0,123,1026.42,205.28,2011-12-04 13:20:00,5,United Kingdom
17749,3,446.0,52,1026.18,342.06,2011-06-14 15:45:00,178,United Kingdom
16160,2,1162.0,20,1025.44,512.72,2011-10-05 14:19:00,65,United Kingdom
13602,4,538.0,49,1025.17,256.29,2011-10-06 11:47:00,64,United Kingdom
17310,2,402.0,1,1025.1,512.55,2010-11-17 16:00:00,387,United Kingdom
17362,7,549.0,99,1024.04,146.29,2011-04-14 14:43:00,239,United Kingdom
16568,2,366.0,5,1020.9,510.45,2010-10-08 10:54:00,427,United Kingdom
12572,2,452.0,53,1020.42,510.21,2011-12-01 09:20:00,8,Germany
13376,3,493.0,45,1019.76,339.92,2011-09-01 16:16:00,99,United Kingdom
18142,2,1276.0,9,1019.52,509.76,2011-07-05 13:19:00,157,United Kingdom
12403,2,260.0,5,1019.36,509.68,2011-10-21 10:51:00,49,Denmark
12828,6,494.0,46,1018.71,169.79,2011-12-07 08:45:00,2,United Kingdom
12905,2,532.0,52,1018.42,509.21,2010-05-12 10:05:00,576,United Kingdom
12793,3,526.0,34,1017.33,339.11,2011-01-09 12:12:00,334,Portugal
15970,2,498.0,19,1017.32,508.66,2011-02-09 12:08:00,303,United Kingdom
12652,2,536.0,51,1017.03,508.51,2011-01-12 15:00:00,331,Germany
13641,5,1098.0,41,1016.47,203.29,2010-03-09 07:37:00,640,United Kingdom
16898,5,805.0,223,1016.37,203.27,2011-11-13 15:44:00,26,United Kingdom
17299,6,934.0,96,1016.08,169.35,2011-11-28 12:01:00,11,United Kingdom
13333,3,685.0,54,1015.74,338.58,2010-10-24 13:24:00,411,United Kingdom
17860,4,817.0,127,1015.54,253.89,2010-12-06 12:41:00,368,United Kingdom
13867,3,513.0,51,1015.29,338.43,2011-11-08 15:48:00,31,United Kingdom
16623,4,442.0,44,1015.24,253.81,2011-04-08 10:09:00,245,United Kingdom
14355,3,709.0,57,1014.45,338.15,2010-12-09 12:16:00,365,United Kingdom
14953,4,1028.0,202,1013.77,253.44,2011-11-14 14:59:00,25,United Kingdom
12410,3,341.0,36,1013.71,337.9,2011-02-04 10:39:00,308,Switzerland
13466,5,660.0,49,1013.35,202.67,2011-06-08 16:39:00,184,United Kingdom
12642,3,552.0,39,1013.26,337.75,2011-11-14 15:03:00,25,Germany
15951,3,420.0,44,1013.17,337.72,2011-12-01 08:34:00,8,United Kingdom
16451,3,524.0,61,1013.15,337.72,2011-09-13 09:17:00,87,United Kingdom
15025,2,515.0,132,1013.09,506.54,2011-11-06 15:20:00,33,United Kingdom
17197,1,191.0,29,1013.01,1013.01,2011-11-10 10:32:00,29,United Kingdom
16435,3,609.0,119,1011.57,337.19,2010-07-15 18:22:00,512,United Kingdom
15713,4,510.0,48,1010.79,252.7,2011-07-19 13:34:00,143,United Kingdom
13039,4,290.0,37,1010.73,252.68,2010-05-04 16:45:00,584,United Kingdom
16572,3,532.0,40,1009.6,336.53,2011-08-04 16:34:00,127,United Kingdom
12862,2,613.0,119,1008.32,504.16,2010-10-10 11:47:00,425,United Kingdom
14510,3,821.0,67,1007.28,335.76,2010-11-29 12:46:00,375,United Kingdom
16287,5,1426.0,18,1006.98,201.4,2011-06-23 09:08:00,169,United Kingdom
13429,4,1390.0,55,1006.8,251.7,2011-11-29 09:10:00,10,United Kingdom
13238,6,442.0,24,1006.63,167.77,2011-11-22 15:37:00,17,United Kingdom
15771,3,512.0,26,1006.54,335.51,2010-04-14 13:56:00,604,United Kingdom
12703,4,595.0,56,1006.53,251.63,2011-09-29 17:52:00,71,Germany
13427,6,880.0,35,1006.53,167.76,2011-11-20 13:02:00,19,United Kingdom
13549,8,554.0,44,1005.8,125.73,2011-11-14 09:20:00,25,United Kingdom
17329,5,432.0,80,1004.43,200.89,2011-11-25 14:24:00,14,United Kingdom
14214,5,751.0,64,1004.38,200.88,2011-11-09 10:31:00,30,United Kingdom
15363,2,527.0,32,1004.11,502.06,2010-12-02 12:28:00,372,United Kingdom
18160,3,519.0,56,1003.88,334.63,2011-10-13 15:50:00,57,United Kingdom
17987,5,1015.0,139,1003.64,200.73,2011-06-07 14:22:00,185,United Kingdom
14157,5,540.0,75,1002.78,200.56,2011-11-20 11:32:00,19,United Kingdom
12446,1,351.0,57,1002.31,1002.31,2011-10-13 12:50:00,57,RSA
17237,4,415.0,76,1002.08,250.52,2011-11-28 15:02:00,11,United Kingdom
16535,3,685.0,67,1001.59,333.86,2011-12-04 15:18:00,5,United Kingdom
16122,6,1398.0,28,1001.34,166.89,2011-09-27 15:34:00,73,United Kingdom
13857,6,782.0,99,1001.01,166.84,2010-11-11 12:54:00,393,United Kingdom
17464,3,652.0,35,1000.94,333.65,2011-07-04 13:19:00,158,United Kingdom
14255,1,1.0,1,1000.63,1000.63,2010-06-11 15:54:00,546,United Kingdom
12545,2,523.0,42,1000.39,500.2,2011-09-25 13:39:00,75,Spain
15508,6,440.0,78,1000.27,166.71,2011-06-03 15:43:00,189,United Kingdom
18143,2,570.0,59,1000.16,500.08,2011-08-15 12:07:00,116,United Kingdom
13005,4,462.0,41,999.68,249.92,2011-06-19 10:53:00,173,United Kingdom
12413,4,319.0,41,999.45,249.86,2011-10-04 09:00:00,66,Spain
17205,3,2214.0,27,999.35,333.12,2011-10-17 12:46:00,53,United Kingdom
16863,3,745.0,43,998.52,332.84,2011-11-08 15:26:00,31,United Kingdom
17631,7,591.0,66,998.49,142.64,2011-12-08 09:47:00,1,United Kingdom
18006,4,403.0,57,997.86,249.47,2011-11-16 16:52:00,23,United Kingdom
12722,4,566.0,50,997.63,249.41,2011-09-15 14:50:00,85,France
13965,3,425.0,23,996.61,332.2,2010-08-20 10:40:00,476,United Kingdom
17883,7,481.0,155,995.85,142.26,2011-12-06 17:49:00,3,United Kingdom
16699,7,640.0,51,994.6,142.09,2010-11-24 14:38:00,380,United Kingdom
13292,5,530.0,55,994.51,198.9,2011-11-01 10:04:00,38,United Kingdom
16009,4,378.0,68,992.71,248.18,2011-11-17 16:51:00,22,United Kingdom
14223,3,585.0,50,991.13,330.38,2011-09-08 13:38:00,92,United Kingdom
13559,2,360.0,1,990.0,495.0,2010-07-15 09:52:00,512,United Kingdom
13245,2,371.0,43,989.22,494.61,2011-10-20 11:40:00,50,United Kingdom
15973,3,301.0,8,988.44,329.48,2010-12-08 11:42:00,366,United Kingdom
15176,1,448.0,52,988.04,988.04,2010-02-10 10:36:00,667,United Kingdom
16130,4,296.0,53,987.48,246.87,2010-10-13 15:14:00,422,United Kingdom
18237,5,622.0,40,987.1,197.42,2011-12-07 12:49:00,2,United Kingdom
16376,2,694.0,104,987.01,493.51,2011-12-01 11:38:00,8,United Kingdom
16661,4,385.0,50,986.63,246.66,2010-06-17 15:24:00,540,United Kingdom
13439,3,952.0,132,986.61,328.87,2011-03-29 14:20:00,255,United Kingdom
16254,3,549.0,65,985.14,328.38,2010-11-26 13:22:00,378,United Kingdom
17144,2,483.0,42,984.57,492.28,2011-12-08 17:57:00,1,United Kingdom
14142,2,831.0,42,983.15,491.58,2010-12-01 16:33:00,373,United Kingdom
15109,3,258.0,46,983.1,327.7,2011-04-08 09:58:00,245,United Kingdom
14138,2,610.0,40,982.38,491.19,2011-12-08 12:44:00,1,United Kingdom
12541,3,680.0,46,981.18,327.06,2011-11-10 10:40:00,29,Spain
12543,1,688.0,43,980.25,980.25,2010-09-17 15:51:00,448,Spain
14230,3,246.0,27,979.8,326.6,2010-09-30 09:07:00,435,United Kingdom
17369,1,1152.0,1,979.2,979.2,2010-09-10 09:49:00,455,United Kingdom
13350,2,287.0,36,979.12,489.56,2011-11-23 16:33:00,16,United Kingdom
17221,5,715.0,115,978.52,195.7,2011-12-02 13:35:00,7,United Kingdom
15132,5,679.0,49,977.93,195.59,2011-11-21 17:10:00,18,United Kingdom
14454,5,400.0,93,977.3,195.46,2010-11-28 13:26:00,376,United Kingdom
17123,3,676.0,37,977.17,325.72,2011-07-01 10:47:00,161,United Kingdom
15247,3,514.0,13,976.06,325.35,2011-08-09 12:52:00,122,United Kingdom
15406,4,547.0,108,975.87,243.97,2011-11-08 13:22:00,31,United Kingdom
15165,1,320.0,27,975.5,975.5,2010-12-01 14:03:00,373,United Kingdom
15646,5,1051.0,65,974.61,194.92,2011-07-05 09:53:00,157,United Kingdom
15449,3,812.0,47,974.52,324.84,2011-11-13 15:02:00,26,United Kingdom
12994,3,459.0,52,974.42,324.81,2011-12-05 15:43:00,4,United Kingdom
17958,2,284.0,35,973.88,486.94,2011-08-15 12:19:00,116,United Kingdom
12525,3,509.0,56,973.73,324.58,2010-07-29 16:08:00,498,France
14350,3,543.0,55,972.03,324.01,2011-03-10 14:14:00,274,United Kingdom
17100,2,800.0,65,971.74,485.87,2011-11-21 16:36:00,18,United Kingdom
15208,6,356.0,27,970.52,161.75,2011-12-08 17:24:00,1,United Kingdom
13223,6,568.0,8,969.12,161.52,2011-05-23 13:03:00,200,United Kingdom
15907,3,509.0,175,967.45,322.48,2011-12-06 12:21:00,3,United Kingdom
13204,1,428.0,57,966.66,966.66,2009-12-08 14:56:00,731,United Kingdom
15084,2,600.0,31,965.2,482.6,2010-11-25 11:58:00,379,United Kingdom
12550,1,569.0,57,964.83,964.83,2011-09-21 14:35:00,79,Spain
16763,2,492.0,44,964.7,482.35,2011-05-25 11:52:00,198,United Kingdom
17081,6,389.0,166,964.39,160.73,2011-11-14 12:56:00,25,United Kingdom
15268,3,428.0,21,961.9,320.63,2010-08-18 10:33:00,478,United Kingdom
15156,3,597.0,51,961.49,320.5,2011-12-08 18:22:00,1,United Kingdom
17544,3,439.0,80,960.69,320.23,2010-11-14 15:08:00,390,United Kingdom
14994,5,577.0,233,960.63,192.13,2010-11-22 12:59:00,382,United Kingdom
16518,4,524.0,61,959.37,239.84,2011-10-09 15:04:00,61,United Kingdom
14629,2,380.0,133,959.01,479.5,2011-12-05 16:55:00,4,United Kingdom
14437,5,486.0,34,958.84,191.77,2010-12-09 09:27:00,365,United Kingdom
12588,4,438.0,31,958.78,239.69,2011-10-31 15:01:00,39,Finland
12675,2,337.0,111,958.5,479.25,2010-06-04 09:49:00,553,Italy
18192,1,339.0,45,957.97,957.97,2011-09-29 09:53:00,71,United Kingdom
14958,6,249.0,52,957.94,159.66,2011-07-15 14:20:00,147,United Kingdom
17189,5,604.0,101,957.63,191.53,2011-08-25 19:39:00,106,United Kingdom
12697,3,508.0,37,957.59,319.2,2011-11-11 08:47:00,28,Sweden
17298,5,854.0,61,957.56,191.51,2011-08-30 16:43:00,101,United Kingdom
17516,6,527.0,150,957.55,159.59,2011-11-24 16:51:00,15,United Kingdom
17080,7,569.0,26,957.53,136.79,2011-11-17 12:59:00,22,United Kingdom
17172,3,1215.0,39,956.57,318.86,2011-09-22 09:36:00,78,United Kingdom
16141,2,410.0,47,955.94,477.97,2011-09-12 13:11:00,88,United Kingdom
12990,7,480.0,9,955.5,136.5,2011-11-08 13:01:00,31,United Kingdom
16947,5,655.0,50,955.21,191.04,2011-04-18 09:38:00,235,United Kingdom
12505,1,324.0,42,955.2,955.2,2010-10-27 09:18:00,408,Italy
15430,2,309.0,36,954.75,477.38,2010-08-29 10:42:00,467,United Kingdom
15835,4,439.0,47,954.09,238.52,2011-10-26 15:47:00,44,United Kingdom
18001,6,893.0,120,953.84,158.97,2011-11-27 16:02:00,12,United Kingdom
12414,6,495.0,21,952.41,158.74,2011-05-06 14:51:00,217,Austria
14615,5,495.0,40,951.76,190.35,2010-11-10 13:36:00,394,United Kingdom
17955,6,681.0,16,949.9,158.32,2011-05-25 12:00:00,198,United Kingdom
12767,1,598.0,43,949.82,949.82,2010-11-29 09:38:00,375,Korea
13046,3,505.0,50,949.25,316.42,2011-11-09 08:36:00,30,United Kingdom
13636,5,592.0,57,949.12,189.82,2011-11-03 10:30:00,36,United Kingdom
15177,1,485.0,26,948.93,948.93,2010-10-10 12:48:00,425,United Kingdom
12822,2,550.0,41,948.88,474.44,2011-09-30 10:04:00,70,United Kingdom
12874,2,623.0,44,948.42,474.21,2010-11-19 15:23:00,385,Belgium
15787,3,540.0,156,948.05,316.02,2011-11-13 14:55:00,26,United Kingdom
15723,4,444.0,108,947.65,236.91,2010-12-10 11:12:00,364,United Kingdom
12355,2,543.0,35,947.61,473.8,2011-05-09 13:49:00,214,Bahrain
16362,6,478.0,67,946.94,157.82,2011-11-07 13:01:00,32,United Kingdom
16136,4,674.0,44,946.8,236.7,2011-10-11 09:10:00,59,United Kingdom
16861,5,616.0,39,946.59,189.32,2011-10-11 09:05:00,59,United Kingdom
17356,5,925.0,73,946.47,189.29,2011-02-01 11:07:00,311,United Kingdom
16146,4,544.0,34,946.38,236.59,2011-07-05 14:20:00,157,United Kingdom
17604,6,616.0,142,945.93,157.65,2011-05-06 13:43:00,217,United Kingdom
15707,4,605.0,126,945.58,236.39,2011-11-04 14:35:00,35,United Kingdom
18217,4,740.0,33,945.04,236.26,2011-11-10 13:18:00,29,United Kingdom
16204,3,686.0,86,944.24,314.75,2011-11-16 13:40:00,23,United Kingdom
13261,2,210.0,8,944.1,472.05,2011-03-16 12:22:00,268,United Kingdom
16199,7,321.0,2,942.75,134.68,2010-11-12 12:55:00,392,United Kingdom
12942,3,272.0,68,942.65,314.22,2011-07-31 14:39:00,131,United Kingdom
15385,3,428.0,18,942.08,314.03,2011-10-30 15:11:00,40,United Kingdom
18156,2,374.0,100,941.17,470.58,2011-11-27 12:24:00,12,United Kingdom
14326,3,572.0,54,940.98,313.66,2011-04-11 15:04:00,242,United Kingdom
17363,3,523.0,34,940.86,313.62,2010-11-09 17:11:00,395,United Kingdom
13416,3,208.0,16,940.8,313.6,2011-10-27 08:56:00,43,United Kingdom
15576,1,404.0,43,940.67,940.67,2011-11-02 12:03:00,37,United Kingdom
15107,9,356.0,32,940.35,104.48,2011-02-01 14:46:00,311,United Kingdom
13936,3,661.0,56,939.66,313.22,2011-06-13 08:47:00,179,United Kingdom
16109,3,1092.0,30,939.48,313.16,2011-05-05 09:17:00,218,United Kingdom
17527,4,488.0,45,939.37,234.84,2011-10-17 12:32:00,53,United Kingdom
14605,4,424.0,88,937.16,234.29,2010-11-30 14:07:00,374,United Kingdom
17020,2,860.0,64,935.62,467.81,2010-06-15 13:06:00,542,United Kingdom
17472,4,558.0,183,935.1,233.77,2011-06-01 14:57:00,191,United Kingdom
14140,2,811.0,60,935.05,467.52,2011-12-06 09:05:00,3,United Kingdom
16781,2,305.0,36,934.25,467.13,2010-12-02 14:26:00,372,United Kingdom
15792,2,606.0,57,933.84,466.92,2010-11-05 08:21:00,399,United Kingdom
16657,4,1229.0,158,933.62,233.41,2011-11-30 11:48:00,9,United Kingdom
18154,5,626.0,34,932.6,186.52,2011-12-06 16:41:00,3,United Kingdom
18133,1,1350.0,1,931.5,931.5,2011-05-11 14:14:00,212,United Kingdom
12396,1,591.0,65,931.43,931.43,2010-02-03 13:22:00,674,RSA
13465,2,584.0,34,931.12,465.56,2010-09-19 15:13:00,446,United Kingdom
14924,3,312.0,30,931.01,310.34,2011-04-08 09:25:00,245,United Kingdom
15957,3,458.0,121,930.1,310.03,2011-11-08 12:14:00,31,United Kingdom
16034,6,597.0,43,928.72,154.79,2011-05-27 16:17:00,196,United Kingdom
14338,3,622.0,43,928.1,309.37,2011-07-01 14:08:00,161,United Kingdom
13288,5,379.0,7,927.61,185.52,2010-09-22 16:32:00,443,United Kingdom
15243,2,543.0,56,927.28,463.64,2011-09-26 14:12:00,74,United Kingdom
17805,2,1126.0,10,927.03,463.52,2011-09-27 11:49:00,73,United Kingdom
16975,3,586.0,44,926.12,308.71,2010-10-12 17:53:00,423,United Kingdom
12745,3,468.0,21,925.41,308.47,2010-08-10 10:14:00,486,EIRE
13805,2,1900.0,10,924.6,462.3,2011-10-18 14:50:00,52,United Kingdom
17864,5,1121.0,93,924.32,184.86,2011-11-27 11:15:00,12,United Kingdom
14128,3,814.0,50,924.21,308.07,2011-10-10 12:00:00,60,United Kingdom
17143,2,330.0,82,924.11,462.05,2010-10-18 15:27:00,417,United Kingdom
16643,2,553.0,48,923.11,461.55,2011-04-08 08:24:00,245,United Kingdom
13034,3,522.0,42,922.68,307.56,2011-10-16 12:21:00,54,United Kingdom
17322,5,631.0,115,922.59,184.52,2010-11-28 14:41:00,376,United Kingdom
15654,2,475.0,15,922.53,461.27,2011-11-30 13:08:00,9,United Kingdom
13122,2,585.0,54,922.39,461.2,2011-09-06 15:53:00,94,United Kingdom
13934,1,390.0,31,922.1,922.1,2011-03-21 08:39:00,263,United Kingdom
12638,2,663.0,47,921.49,460.75,2011-11-06 13:11:00,33,Sweden
14272,4,1097.0,62,920.81,230.2,2011-09-27 10:08:00,73,United Kingdom
12998,3,1124.0,58,920.08,306.69,2010-08-04 08:05:00,492,United Kingdom
14568,1,645.0,47,919.7,919.7,2010-09-30 17:15:00,435,Channel Islands
13075,1,485.0,22,919.61,919.61,2011-08-02 10:19:00,129,United Kingdom
13872,3,339.0,51,919.57,306.52,2010-06-30 15:35:00,527,United Kingdom
15304,9,133.0,8,919.55,102.17,2011-10-10 10:23:00,60,United Kingdom
17760,6,696.0,58,918.93,153.15,2011-11-18 10:56:00,21,United Kingdom
16387,5,457.0,68,918.55,183.71,2011-01-21 11:34:00,322,United Kingdom
15542,3,469.0,212,918.45,306.15,2010-07-15 13:32:00,512,United Kingdom
14342,6,521.0,27,918.44,153.07,2011-11-18 13:21:00,21,United Kingdom
12368,1,330.0,18,917.7,917.7,2010-03-21 15:56:00,628,Cyprus
14061,3,133.0,17,917.43,305.81,2010-07-20 17:22:00,507,United Kingdom
14015,1,378.0,20,917.34,917.34,2011-10-18 10:02:00,52,United Kingdom
14423,3,419.0,12,916.61,305.54,2011-05-05 15:12:00,218,United Kingdom
14549,4,395.0,117,916.55,229.14,2011-02-01 13:47:00,311,United Kingdom
13573,6,660.0,73,916.47,152.75,2011-10-20 14:33:00,50,United Kingdom
14176,5,326.0,33,916.01,183.2,2011-02-15 13:12:00,297,United Kingdom
14839,3,927.0,61,915.28,305.09,2010-10-17 13:01:00,418,United Kingdom
14141,4,355.0,27,915.13,228.78,2011-12-07 09:53:00,2,United Kingdom
16216,1,254.0,37,914.93,914.93,2011-03-17 15:34:00,267,United Kingdom
12940,2,411.0,87,913.54,456.77,2011-10-16 12:09:00,54,United Kingdom
15364,2,493.0,29,913.19,456.6,2011-09-05 09:46:00,95,United Kingdom
14359,3,371.0,44,912.18,304.06,2011-11-20 13:17:00,19,United Kingdom
15244,3,472.0,44,912.08,304.03,2011-10-05 13:19:00,65,United Kingdom
14289,6,292.0,33,911.26,151.88,2011-12-01 11:44:00,8,United Kingdom
14133,4,398.0,33,911.14,227.79,2011-08-02 11:34:00,129,United Kingdom
15919,2,787.0,103,910.61,455.3,2011-11-20 11:28:00,19,United Kingdom
16138,3,774.0,35,910.35,303.45,2010-11-26 12:13:00,378,United Kingdom
16411,4,543.0,139,910.19,227.55,2011-11-20 13:23:00,19,United Kingdom
15511,5,271.0,117,909.23,181.85,2011-11-28 09:43:00,11,United Kingdom
13548,3,565.0,169,908.99,303.0,2011-09-04 14:50:00,96,United Kingdom
13038,3,360.0,24,908.46,302.82,2011-09-20 14:37:00,80,United Kingdom
15097,3,424.0,59,908.35,302.78,2011-12-05 14:03:00,4,United Kingdom
14729,3,574.0,126,907.38,302.46,2010-12-01 12:43:00,373,United Kingdom
14714,4,642.0,64,906.24,226.56,2011-11-15 13:07:00,24,United Kingdom
14969,1,665.0,13,906.23,906.23,2010-01-05 12:43:00,703,United Kingdom
12808,5,375.0,46,906.1,181.22,2011-11-03 10:05:00,36,Portugal
13255,3,517.0,26,904.46,301.49,2011-11-30 13:14:00,9,United Kingdom
15180,3,690.0,46,904.43,301.48,2010-12-07 14:57:00,367,United Kingdom
17746,4,688.0,32,904.18,226.05,2011-04-13 14:31:00,240,United Kingdom
17176,3,576.0,37,902.32,300.77,2011-05-22 12:41:00,201,United Kingdom
17382,8,457.0,16,902.28,112.79,2011-10-05 13:05:00,65,United Kingdom
17480,2,593.0,50,902.03,451.02,2011-09-23 11:39:00,77,United Kingdom
17566,2,518.0,113,901.21,450.61,2011-12-01 19:54:00,8,United Kingdom
15900,4,661.0,100,900.4,225.1,2011-11-16 12:19:00,23,United Kingdom
17226,3,855.0,51,900.12,300.04,2011-02-04 11:52:00,308,United Kingdom
12945,2,446.0,47,900.11,450.06,2011-02-24 14:15:00,288,United Kingdom
16442,5,583.0,226,899.47,179.89,2011-12-08 11:43:00,1,United Kingdom
16834,2,760.0,43,898.96,449.48,2011-04-26 09:37:00,227,United Kingdom
15710,1,641.0,110,898.87,898.87,2010-10-18 17:05:00,417,United Kingdom
17537,2,700.0,74,897.62,448.81,2011-11-10 10:56:00,29,United Kingdom
16361,4,421.0,87,896.66,224.17,2011-11-30 12:32:00,9,United Kingdom
15992,3,514.0,53,896.6,298.87,2011-12-06 11:00:00,3,United Kingdom
16784,5,496.0,138,896.53,179.31,2011-11-20 12:20:00,19,United Kingdom
13996,2,613.0,29,895.76,447.88,2010-11-18 16:27:00,386,United Kingdom
13569,4,402.0,140,893.78,223.45,2011-11-22 13:07:00,17,United Kingdom
15066,1,317.0,42,893.59,893.59,2011-10-17 13:25:00,53,United Kingdom
12772,1,556.0,55,892.47,892.47,2011-10-11 09:19:00,59,Portugal
17155,7,987.0,43,892.46,127.49,2011-11-22 12:38:00,17,United Kingdom
15393,5,378.0,37,891.34,178.27,2011-11-23 16:48:00,16,United Kingdom
14065,3,582.0,42,891.02,297.01,2010-11-15 16:13:00,389,United Kingdom
15824,2,478.0,24,890.94,445.47,2010-09-12 13:20:00,453,United Kingdom
16228,3,561.0,45,890.81,296.94,2010-11-19 14:20:00,385,United Kingdom
17968,4,525.0,106,888.04,222.01,2010-12-01 12:23:00,373,United Kingdom
17708,4,388.0,57,887.93,221.98,2011-06-05 10:12:00,187,United Kingdom
16900,3,833.0,78,887.11,295.7,2011-11-23 10:32:00,16,United Kingdom
14686,5,475.0,185,885.83,177.17,2010-10-21 18:31:00,414,United Kingdom
17704,2,343.0,27,885.19,442.6,2011-06-24 09:40:00,168,United Kingdom
13166,2,527.0,55,884.18,442.09,2011-03-01 15:16:00,283,United Kingdom
18141,2,433.0,38,882.47,441.23,2010-11-03 11:44:00,401,United Kingdom
12680,4,444.0,33,880.81,220.2,2011-12-09 12:50:00,0,France
17361,5,383.0,51,880.64,176.13,2011-10-21 15:43:00,49,United Kingdom
16677,2,457.0,45,880.62,440.31,2010-10-24 14:53:00,411,United Kingdom
13937,2,587.0,54,880.13,440.07,2011-06-23 16:35:00,169,United Kingdom
14551,7,487.0,69,880.04,125.72,2011-11-21 13:36:00,18,United Kingdom
14612,1,134.0,14,877.7,877.7,2010-10-20 16:01:00,415,United Kingdom
15653,2,1200.0,4,877.44,438.72,2011-09-08 10:49:00,92,United Kingdom
14645,3,587.0,45,876.89,292.3,2011-07-06 09:15:00,156,United Kingdom
13768,2,373.0,30,875.97,437.99,2009-12-13 10:41:00,726,United Kingdom
18043,3,454.0,106,875.97,291.99,2011-11-15 12:48:00,24,United Kingdom
14681,6,172.0,19,875.15,145.86,2011-09-29 15:52:00,71,United Kingdom
14508,5,359.0,142,874.94,174.99,2011-11-17 19:48:00,22,United Kingdom
16513,4,407.0,33,874.59,218.65,2011-12-05 10:18:00,4,United Kingdom
15469,3,287.0,38,874.25,291.42,2011-10-20 16:21:00,50,United Kingdom
17223,3,222.0,62,873.53,291.18,2011-02-02 15:57:00,310,United Kingdom
15224,5,443.0,24,871.36,174.27,2010-12-16 15:02:00,358,United Kingdom
13200,4,516.0,42,870.09,217.52,2011-11-20 15:35:00,19,United Kingdom
14753,2,412.0,45,869.51,434.76,2011-09-13 14:50:00,87,United Kingdom
16948,7,2091.0,20,868.77,124.11,2011-07-24 12:46:00,138,United Kingdom
16357,4,389.0,43,868.37,217.09,2011-11-06 16:04:00,33,United Kingdom
17167,3,429.0,64,867.11,289.04,2010-11-25 10:05:00,379,United Kingdom
17358,5,442.0,126,866.05,173.21,2011-02-09 16:57:00,303,United Kingdom
16567,2,996.0,34,865.6,432.8,2011-05-29 13:57:00,194,United Kingdom
13922,3,467.0,30,865.2,288.4,2010-12-23 10:38:00,351,United Kingdom
14600,2,487.0,53,865.17,432.58,2011-02-07 09:48:00,305,United Kingdom
13891,3,479.0,97,863.56,287.85,2010-11-26 15:57:00,378,United Kingdom
15870,4,508.0,127,862.61,215.65,2011-11-07 10:58:00,32,United Kingdom
16668,13,773.0,28,862.42,66.34,2011-11-24 17:43:00,15,United Kingdom
15483,10,944.0,216,862.2,86.22,2011-07-01 13:07:00,161,United Kingdom
12787,4,510.0,30,862.18,215.55,2011-11-30 08:44:00,9,Netherlands
15012,3,479.0,165,860.62,286.87,2011-10-17 12:22:00,53,United Kingdom
12794,2,592.0,43,860.41,430.2,2011-10-17 14:54:00,53,Portugal
13339,1,326.0,54,860.12,860.12,2011-05-23 08:31:00,200,United Kingdom
14372,2,378.0,36,860.08,430.04,2010-09-22 16:17:00,443,United Kingdom
17064,3,318.0,53,859.35,286.45,2011-10-12 10:18:00,58,United Kingdom
12440,2,331.0,21,859.2,429.6,2010-09-03 13:11:00,462,Austria
15287,5,1010.0,23,856.03,171.21,2011-11-17 15:34:00,22,United Kingdom
17161,1,537.0,52,856.01,856.01,2010-09-21 16:44:00,444,United Kingdom
13991,6,998.0,58,855.97,142.66,2011-11-27 16:18:00,12,United Kingdom
12878,2,547.0,38,854.99,427.49,2011-04-17 13:07:00,236,United Kingdom
13945,2,413.0,49,854.15,427.08,2010-11-10 10:00:00,394,United Kingdom
14873,2,311.0,48,854.13,427.07,2011-05-13 13:52:00,210,United Kingdom
16877,6,463.0,111,853.72,142.29,2011-11-27 13:47:00,12,United Kingdom
17349,5,840.0,74,852.25,170.45,2011-06-13 14:29:00,179,United Kingdom
15266,5,236.0,38,852.21,170.44,2011-01-05 13:40:00,338,United Kingdom
16070,2,457.0,32,852.15,426.08,2011-11-17 15:50:00,22,United Kingdom
12696,2,564.0,43,851.91,425.96,2010-10-01 10:43:00,434,Finland
17674,2,1021.0,19,851.7,425.85,2011-09-26 13:35:00,74,United Kingdom
13479,4,716.0,45,851.37,212.84,2011-05-23 10:45:00,200,United Kingdom
16020,3,487.0,42,851.01,283.67,2011-11-23 11:18:00,16,United Kingdom
18108,3,261.0,43,848.81,282.94,2011-03-30 13:56:00,254,United Kingdom
16798,3,209.0,141,848.71,282.9,2010-06-03 19:01:00,554,United Kingdom
12713,1,508.0,38,848.55,848.55,2011-12-09 12:16:00,0,Germany
15264,2,443.0,52,848.4,424.2,2011-10-06 13:49:00,64,United Kingdom
15784,2,381.0,33,848.33,424.16,2010-08-29 10:38:00,467,United Kingdom
14202,3,166.0,27,847.76,282.59,2010-11-23 17:13:00,381,United Kingdom
13221,2,244.0,62,847.41,423.71,2011-04-13 16:58:00,240,United Kingdom
13487,5,362.0,31,846.87,169.37,2011-10-13 12:07:00,57,United Kingdom
16924,3,493.0,69,846.75,282.25,2011-11-18 12:53:00,21,United Kingdom
13970,2,469.0,10,846.55,423.28,2010-11-18 13:21:00,386,United Kingdom
14087,3,727.0,175,846.22,282.07,2011-12-07 12:41:00,2,United Kingdom
14803,3,370.0,35,845.55,281.85,2011-06-30 13:58:00,162,United Kingdom
18078,4,431.0,65,844.6,211.15,2011-05-06 14:32:00,217,United Kingdom
16500,9,386.0,24,843.91,93.77,2011-12-05 12:04:00,4,United Kingdom
14922,2,376.0,49,843.74,421.87,2010-11-11 11:14:00,393,United Kingdom
15070,3,375.0,26,843.25,281.08,2010-12-02 11:23:00,372,United Kingdom
16344,4,706.0,43,842.42,210.61,2011-07-04 15:50:00,158,United Kingdom
16846,3,517.0,47,842.41,280.8,2011-10-20 13:55:00,50,United Kingdom
17638,2,432.0,2,842.4,421.2,2010-03-02 14:32:00,647,United Kingdom
16810,2,372.0,34,842.04,421.02,2011-05-31 15:32:00,192,United Kingdom
14862,2,772.0,47,841.2,420.6,2011-11-14 10:01:00,25,United Kingdom
12891,11,2325.0,2,840.5,76.41,2011-06-07 12:31:00,185,United Kingdom
13169,3,296.0,16,840.08,280.03,2011-10-07 12:11:00,63,United Kingdom
18247,3,335.0,28,839.73,279.91,2010-10-21 09:49:00,414,United Kingdom
13940,4,516.0,39,839.14,209.79,2011-11-22 15:15:00,17,United Kingdom
17332,5,794.0,82,838.27,167.65,2010-06-29 16:10:00,528,United Kingdom
16264,2,632.0,62,837.53,418.76,2010-09-27 15:00:00,438,United Kingdom
14037,6,590.0,96,836.95,139.49,2011-06-16 13:57:00,176,United Kingdom
15832,1,465.0,54,836.79,836.79,2011-03-30 15:29:00,254,United Kingdom
14929,2,487.0,34,836.69,418.35,2011-11-07 17:21:00,32,United Kingdom
13795,4,1250.0,23,836.3,209.08,2010-11-16 17:25:00,388,United Kingdom
16747,2,583.0,34,836.06,418.03,2011-11-02 11:37:00,37,United Kingdom
13386,2,514.0,24,835.46,417.73,2010-10-21 12:52:00,414,United Kingdom
14556,3,331.0,158,835.34,278.45,2010-04-22 14:57:00,596,United Kingdom
16737,2,576.0,1,835.2,417.6,2011-10-17 13:03:00,53,United Kingdom
15190,1,790.0,40,834.44,834.44,2010-10-01 13:09:00,434,United Kingdom
16644,2,826.0,62,833.78,416.89,2011-06-15 12:39:00,177,United Kingdom
12903,1,493.0,41,833.53,833.53,2010-10-07 12:39:00,428,United Kingdom
13175,2,423.0,40,831.45,415.72,2010-05-06 13:13:00,582,United Kingdom
15766,3,334.0,21,831.06,277.02,2011-10-06 17:03:00,64,United Kingdom
15759,7,523.0,10,830.93,118.7,2011-05-05 15:13:00,218,United Kingdom
17003,4,495.0,90,830.16,207.54,2010-11-02 13:15:00,402,United Kingdom
14851,3,631.0,38,829.41,276.47,2011-11-16 14:20:00,23,United Kingdom
12730,1,234.0,47,829.25,829.25,2010-07-06 12:19:00,521,Germany
13544,6,358.0,219,829.0,138.17,2011-10-31 11:57:00,39,United Kingdom
16469,5,345.0,167,828.91,165.78,2011-11-16 12:25:00,23,United Kingdom
12953,2,364.0,45,828.81,414.41,2011-11-30 09:24:00,9,United Kingdom
15617,3,485.0,41,828.55,276.18,2010-11-08 16:07:00,396,United Kingdom
13681,4,360.0,37,827.83,206.96,2011-11-22 11:13:00,17,United Kingdom
17045,5,294.0,44,827.68,165.54,2011-08-18 17:09:00,113,United Kingdom
15945,4,397.0,24,827.27,206.82,2010-12-09 13:14:00,365,United Kingdom
16246,2,338.0,79,827.25,413.63,2010-09-06 12:04:00,459,United Kingdom
12792,2,394.0,39,827.01,413.51,2011-03-28 11:36:00,256,Portugal
12461,2,287.0,35,826.88,413.44,2011-09-06 16:57:00,94,Switzerland
12781,2,671.0,25,826.74,413.37,2011-10-07 10:37:00,63,Czech Republic
16494,1,675.0,47,826.53,826.53,2011-02-16 12:49:00,296,United Kingdom
16869,4,585.0,113,825.42,206.35,2011-11-17 12:02:00,22,United Kingdom
15006,2,416.0,165,825.14,412.57,2011-10-19 15:08:00,51,United Kingdom
17880,3,466.0,43,824.92,274.97,2010-12-10 10:21:00,364,United Kingdom
13513,3,364.0,32,824.59,274.86,2011-08-05 11:50:00,126,United Kingdom
14260,3,544.0,50,824.28,274.76,2010-08-25 14:55:00,471,United Kingdom
15137,2,596.0,34,823.4,411.7,2010-07-07 09:41:00,520,United Kingdom
15847,5,643.0,39,822.57,164.51,2011-11-01 14:41:00,38,United Kingdom
16164,3,433.0,27,822.48,274.16,2011-11-22 15:04:00,17,United Kingdom
16680,3,377.0,24,821.45,273.82,2011-10-27 17:35:00,43,United Kingdom
13893,1,190.0,21,821.1,821.1,2011-02-15 11:30:00,297,United Kingdom
15314,3,750.0,49,820.45,273.48,2011-05-24 14:39:00,199,United Kingdom
17952,4,504.0,85,819.61,204.9,2010-11-26 13:54:00,378,United Kingdom
16135,2,395.0,35,819.45,409.72,2011-03-22 12:30:00,262,United Kingdom
17683,3,781.0,41,819.01,273.0,2010-11-19 10:11:00,385,United Kingdom
13612,1,444.0,50,818.29,818.29,2010-03-17 12:14:00,632,United Kingdom
13595,3,353.0,114,818.22,272.74,2010-07-11 12:36:00,516,United Kingdom
14890,3,636.0,55,817.25,272.42,2011-03-31 11:57:00,253,United Kingdom
14872,3,662.0,34,816.6,272.2,2010-08-13 12:34:00,483,United Kingdom
13514,4,288.0,15,815.9,203.98,2011-09-27 09:39:00,73,United Kingdom
15399,3,611.0,45,815.77,271.92,2011-12-08 13:04:00,1,United Kingdom
16460,3,879.0,128,814.72,271.57,2011-11-11 13:46:00,28,United Kingdom
14656,5,318.0,148,814.65,162.93,2011-06-23 13:51:00,169,United Kingdom
13811,3,68.0,7,814.5,271.5,2011-06-09 09:54:00,183,Germany
12763,2,512.0,16,814.16,407.08,2011-07-24 14:12:00,138,Japan
14624,6,645.0,39,814.07,135.68,2011-10-13 13:44:00,57,United Kingdom
16658,6,317.0,49,814.07,135.68,2010-12-06 13:47:00,368,United Kingdom
16621,4,302.0,22,813.48,203.37,2011-10-19 11:38:00,51,United Kingdom
15644,4,557.0,166,813.0,203.25,2011-06-26 14:54:00,166,United Kingdom
18084,3,761.0,7,812.93,270.98,2011-11-23 13:57:00,16,United Kingdom
17194,3,420.0,57,812.5,270.83,2011-03-11 12:05:00,273,United Kingdom
17251,3,379.0,65,812.43,270.81,2010-12-12 11:06:00,362,United Kingdom
16624,2,488.0,44,810.57,405.28,2011-09-20 12:39:00,80,United Kingdom
13637,3,409.0,79,810.5,270.17,2011-10-18 13:32:00,52,United Kingdom
16958,1,561.0,69,809.44,809.44,2010-09-30 14:25:00,435,United Kingdom
13045,3,405.0,41,808.92,269.64,2011-09-01 15:04:00,99,United Kingdom
17114,8,219.0,85,808.62,101.08,2011-12-04 12:17:00,5,United Kingdom
17817,6,365.0,115,807.85,134.64,2011-12-05 14:39:00,4,United Kingdom
15533,3,289.0,73,807.57,269.19,2011-11-20 15:35:00,19,United Kingdom
17495,3,367.0,38,806.72,268.91,2011-12-02 12:08:00,7,United Kingdom
15952,4,399.0,65,806.57,201.64,2011-11-06 11:18:00,33,United Kingdom
12797,2,333.0,27,806.11,403.05,2010-12-09 10:55:00,365,Portugal
12632,2,694.0,32,804.88,402.44,2010-07-07 09:39:00,520,Germany
18248,2,511.0,39,804.02,402.01,2011-08-09 10:19:00,122,United Kingdom
15921,4,342.0,69,802.11,200.53,2011-06-20 11:03:00,172,United Kingdom
15831,3,1105.0,63,801.76,267.25,2011-10-12 13:14:00,58,United Kingdom
18265,2,311.0,44,801.51,400.76,2011-09-28 14:10:00,72,United Kingdom
16806,4,378.0,68,801.49,200.37,2011-08-28 15:27:00,103,United Kingdom
16127,2,391.0,75,801.31,400.66,2011-10-31 13:58:00,39,United Kingdom
13415,4,502.0,85,800.67,200.17,2010-08-24 11:38:00,472,United Kingdom
17023,3,530.0,48,800.18,266.73,2010-10-18 15:37:00,417,United Kingdom
13980,5,477.0,57,799.92,159.98,2011-10-10 13:34:00,60,United Kingdom
13720,4,501.0,42,799.9,199.98,2011-08-15 12:46:00,116,United Kingdom
13041,4,335.0,23,799.13,199.78,2010-09-15 11:44:00,450,United Kingdom
17255,4,594.0,163,799.13,199.78,2011-10-30 12:18:00,40,United Kingdom
16952,5,344.0,76,798.78,159.76,2011-08-22 13:03:00,109,United Kingdom
16438,5,463.0,74,798.35,159.67,2011-12-04 10:51:00,5,United Kingdom
17801,3,838.0,66,798.33,266.11,2010-09-14 14:32:00,451,United Kingdom
13389,3,429.0,50,797.96,265.99,2011-11-28 14:01:00,11,United Kingdom
15309,4,440.0,49,797.96,199.49,2010-04-08 11:11:00,610,United Kingdom
17281,6,295.0,2,797.85,132.98,2010-11-30 18:05:00,374,United Kingdom
15637,5,651.0,37,797.59,159.52,2011-10-18 08:28:00,52,United Kingdom
16155,5,495.0,45,796.9,159.38,2010-11-23 12:03:00,381,United Kingdom
15396,2,278.0,16,796.38,398.19,2011-08-19 10:56:00,112,United Kingdom
15872,4,506.0,164,795.68,198.92,2011-11-25 11:55:00,14,United Kingdom
16720,3,479.0,130,795.48,265.16,2011-11-13 16:22:00,26,United Kingdom
13336,1,559.0,51,795.12,795.12,2011-09-23 14:05:00,77,United Kingdom
16961,3,482.0,52,794.56,264.85,2011-08-15 13:46:00,116,United Kingdom
17212,3,727.0,29,794.41,264.8,2011-03-31 19:42:00,253,United Kingdom
14690,4,344.0,69,794.33,198.58,2011-10-26 15:39:00,44,United Kingdom
18034,3,992.0,182,793.7,264.57,2011-11-18 12:22:00,21,United Kingdom
16679,3,276.0,15,793.06,264.35,2010-12-08 13:51:00,366,United Kingdom
13296,6,653.0,50,792.51,132.08,2011-07-25 13:46:00,137,United Kingdom
14022,2,681.0,45,792.15,396.08,2011-04-28 14:39:00,225,United Kingdom
16250,3,376.0,29,791.38,263.79,2011-03-23 15:07:00,261,United Kingdom
14976,7,234.0,47,790.86,112.98,2011-10-13 16:37:00,57,United Kingdom
13484,3,224.0,38,790.72,263.57,2011-04-12 16:30:00,241,United Kingdom
13016,3,527.0,39,789.89,263.3,2011-09-27 14:08:00,73,United Kingdom
12923,3,237.0,54,789.87,263.29,2011-10-06 16:20:00,64,United Kingdom
16759,3,609.0,40,789.79,263.26,2011-12-02 12:42:00,7,United Kingdom
16472,2,252.0,39,789.6,394.8,2010-10-01 13:56:00,434,United Kingdom
13598,5,401.0,78,789.59,157.92,2011-10-23 14:28:00,47,United Kingdom
15448,2,487.0,49,788.81,394.41,2011-01-31 10:42:00,312,United Kingdom
14557,1,510.0,16,788.38,788.38,2011-09-15 15:48:00,85,United Kingdom
13212,3,310.0,128,788.08,262.69,2011-11-20 12:40:00,19,United Kingdom
14513,6,593.0,15,788.01,131.34,2011-08-31 11:25:00,100,United Kingdom
13323,5,175.0,6,787.85,157.57,2011-12-06 17:12:00,3,United Kingdom
16468,3,371.0,38,787.52,262.51,2011-09-26 14:13:00,74,United Kingdom
14463,4,210.0,7,786.57,196.64,2011-09-02 15:20:00,98,United Kingdom
12628,3,448.0,34,786.46,262.15,2011-12-05 13:15:00,4,Germany
16739,2,391.0,33,786.43,393.22,2011-06-16 09:17:00,176,United Kingdom
16972,2,190.0,54,786.25,393.12,2010-11-22 10:59:00,382,United Kingdom
13770,4,468.0,48,785.37,196.34,2010-10-13 15:10:00,422,United Kingdom
13541,2,279.0,10,785.25,392.63,2010-10-08 16:37:00,427,United Kingdom
15714,5,362.0,45,784.81,156.96,2011-11-28 11:26:00,11,United Kingdom
15806,3,602.0,24,784.58,261.53,2011-10-24 14:35:00,46,United Kingdom
15743,4,216.0,59,784.46,196.12,2011-11-23 17:19:00,16,United Kingdom
17387,2,542.0,71,784.11,392.06,2011-11-20 11:00:00,19,United Kingdom
12761,2,281.0,27,782.95,391.48,2010-09-08 12:17:00,457,Netherlands
16836,4,539.0,42,782.37,195.59,2011-10-31 10:05:00,39,United Kingdom
13453,3,341.0,33,781.69,260.56,2011-06-27 09:34:00,165,United Kingdom
13287,3,429.0,46,781.59,260.53,2010-04-15 15:26:00,603,United Kingdom
15679,4,1170.0,98,781.28,195.32,2011-11-15 16:19:00,24,United Kingdom
15239,2,594.0,48,780.59,390.3,2011-11-29 14:14:00,10,United Kingdom
13502,5,490.0,28,780.5,156.1,2011-11-23 10:39:00,16,United Kingdom
15246,3,359.0,45,780.4,260.13,2011-04-15 14:45:00,238,United Kingdom
17691,4,373.0,37,780.05,195.01,2010-12-16 17:20:00,358,United Kingdom
18228,2,238.0,23,779.9,389.95,2011-10-14 09:21:00,56,United Kingdom
12735,2,368.0,38,779.57,389.78,2011-01-28 13:37:00,315,France
12504,4,458.0,11,779.05,194.76,2011-11-21 16:02:00,18,Germany
13781,3,300.0,56,778.83,259.61,2011-04-03 12:08:00,250,United Kingdom
14815,2,744.0,53,778.5,389.25,2011-11-03 11:36:00,36,United Kingdom
17482,2,241.0,50,778.19,389.1,2010-08-09 15:33:00,487,United Kingdom
16505,1,576.0,4,777.6,777.6,2011-11-08 12:14:00,31,United Kingdom
13563,2,209.0,49,777.53,388.77,2011-09-16 14:45:00,84,United Kingdom
13745,2,1146.0,46,777.36,388.68,2011-06-30 16:43:00,162,United Kingdom
15837,2,405.0,52,777.01,388.51,2011-10-06 09:01:00,64,United Kingdom
15794,2,288.0,15,777.0,388.5,2009-12-03 13:04:00,736,United Kingdom
15618,4,454.0,39,776.85,194.21,2011-11-07 08:34:00,32,United Kingdom
14997,4,1408.0,36,776.6,194.15,2011-10-24 13:28:00,46,United Kingdom
15092,3,230.0,39,776.46,258.82,2011-05-08 14:10:00,215,United Kingdom
18112,4,447.0,59,775.96,193.99,2011-11-27 14:43:00,12,United Kingdom
13314,3,560.0,55,775.94,258.65,2011-12-08 12:29:00,1,United Kingdom
13341,1,301.0,42,775.85,775.85,2011-03-24 09:50:00,260,United Kingdom
14234,4,963.0,122,775.46,193.87,2011-11-17 17:53:00,22,United Kingdom
16447,3,323.0,59,775.14,258.38,2011-07-27 12:45:00,135,United Kingdom
15414,3,443.0,37,774.9,258.3,2011-11-30 09:50:00,9,United Kingdom
17889,7,417.0,97,774.87,110.7,2011-05-11 16:26:00,212,United Kingdom
15773,2,410.0,46,774.52,387.26,2011-12-04 12:48:00,5,United Kingdom
18058,3,394.0,12,774.06,258.02,2011-11-30 08:38:00,9,United Kingdom
14838,2,362.0,69,773.67,386.84,2010-10-12 15:46:00,423,United Kingdom
16565,4,211.0,7,773.05,193.26,2010-12-10 15:21:00,364,United Kingdom
15075,1,447.0,27,773.03,773.03,2011-09-23 12:27:00,77,United Kingdom
14247,5,382.0,82,772.66,154.53,2011-03-06 15:21:00,278,United Kingdom
12965,1,283.0,108,771.91,771.91,2011-09-11 15:31:00,89,United Kingdom
14104,5,509.0,117,771.58,154.32,2011-07-08 12:50:00,154,United Kingdom
14998,4,367.0,111,770.73,192.68,2011-06-22 17:30:00,170,United Kingdom
14413,4,280.0,93,770.37,192.59,2010-12-12 13:37:00,362,United Kingdom
15988,3,486.0,114,770.09,256.7,2011-11-20 13:23:00,19,United Kingdom
16480,1,455.0,51,769.29,769.29,2011-09-25 11:40:00,75,United Kingdom
16978,3,285.0,65,768.88,256.29,2011-09-23 12:50:00,77,United Kingdom
13356,1,325.0,42,768.24,768.24,2011-09-20 14:33:00,80,United Kingdom
15331,3,701.0,41,767.91,255.97,2010-07-28 09:42:00,499,United Kingdom
13712,2,1128.0,32,766.42,383.21,2011-04-07 12:33:00,246,United Kingdom
12991,3,483.0,45,764.82,254.94,2011-11-16 15:34:00,23,United Kingdom
15908,2,174.0,37,764.57,382.28,2010-08-06 11:56:00,490,United Kingdom
13699,2,219.0,33,764.15,382.08,2011-07-07 16:51:00,155,United Kingdom
16602,2,429.0,37,763.33,381.66,2011-11-03 15:54:00,36,United Kingdom
17466,2,306.0,41,763.28,381.64,2011-11-29 13:15:00,10,United Kingdom
16392,3,609.0,125,763.05,254.35,2011-03-15 12:11:00,269,United Kingdom
15428,4,347.0,39,762.75,190.69,2011-11-24 16:54:00,15,United Kingdom
16892,7,370.0,119,762.1,108.87,2011-12-08 13:18:00,1,United Kingdom
14883,6,790.0,39,761.59,126.93,2011-11-21 10:23:00,18,United Kingdom
17425,2,407.0,42,759.17,379.58,2011-11-20 15:30:00,19,United Kingdom
18246,3,214.0,3,758.82,252.94,2011-11-16 11:49:00,23,United Kingdom
15568,3,461.0,27,758.29,252.76,2011-12-07 11:27:00,2,United Kingdom
17979,4,397.0,116,757.71,189.43,2011-11-04 12:05:00,35,United Kingdom
17461,3,799.0,104,757.46,252.49,2011-11-17 10:21:00,22,United Kingdom
16262,1,446.0,46,755.15,755.15,2010-11-26 13:22:00,378,United Kingdom
18104,1,362.0,38,754.64,754.64,2011-11-02 14:07:00,37,United Kingdom
17141,4,436.0,138,754.33,188.58,2010-10-17 14:54:00,418,United Kingdom
17579,4,375.0,89,753.28,188.32,2011-12-05 12:28:00,4,United Kingdom
13730,2,488.0,38,752.6,376.3,2011-07-27 08:35:00,135,United Kingdom
13070,4,372.0,12,751.7,187.93,2011-05-31 13:45:00,192,United Kingdom
14923,1,418.0,44,749.1,749.1,2011-10-20 11:51:00,50,United Kingdom
14048,3,467.0,126,748.69,249.56,2011-02-07 14:53:00,305,United Kingdom
15656,4,343.0,46,748.5,187.13,2011-10-25 14:56:00,45,United Kingdom
14942,4,354.0,12,746.56,186.64,2010-11-03 10:51:00,401,United Kingdom
14050,2,689.0,49,746.36,373.18,2011-11-08 10:00:00,31,United Kingdom
16465,2,504.0,45,746.24,373.12,2010-10-15 09:27:00,420,United Kingdom
18190,5,490.0,34,745.62,149.12,2011-05-31 14:48:00,192,United Kingdom
14228,3,260.0,38,745.5,248.5,2010-09-28 09:45:00,437,United Kingdom
13950,4,323.0,33,745.06,186.27,2011-11-28 14:44:00,11,United Kingdom
13236,2,416.0,34,744.85,372.42,2011-11-15 12:50:00,24,United Kingdom
12871,3,484.0,13,744.02,248.01,2011-09-16 15:07:00,84,United Kingdom
13354,1,604.0,51,743.53,743.53,2011-09-29 13:17:00,71,United Kingdom
13713,3,286.0,70,743.26,247.75,2010-10-27 16:18:00,408,United Kingdom
17038,2,535.0,61,743.17,371.59,2011-11-09 13:50:00,30,United Kingdom
16730,3,994.0,75,743.11,247.7,2011-10-18 14:11:00,52,United Kingdom
15420,6,844.0,52,743.0,123.83,2010-10-01 15:46:00,434,United Kingdom
14302,3,298.0,25,742.9,247.63,2010-10-05 08:10:00,430,United Kingdom
17005,2,787.0,14,742.36,371.18,2010-08-26 10:57:00,470,United Kingdom
12465,2,479.0,46,742.19,371.1,2011-11-22 16:34:00,17,Belgium
15720,2,329.0,152,741.92,370.96,2011-11-15 14:48:00,24,United Kingdom
18275,2,417.0,19,741.85,370.93,2010-05-10 15:46:00,578,United Kingdom
13721,2,512.0,41,741.54,370.77,2011-11-03 14:05:00,36,United Kingdom
12603,1,63.0,2,739.2,739.2,2011-11-18 10:42:00,21,Germany
15922,1,276.0,11,739.0,739.0,2010-12-01 13:51:00,373,United Kingdom
15462,4,495.0,32,737.05,184.26,2011-09-06 13:11:00,94,United Kingdom
16075,2,271.0,41,736.93,368.47,2010-07-25 11:31:00,502,United Kingdom
13780,3,481.0,90,735.82,245.27,2011-12-02 13:49:00,7,United Kingdom
15045,2,114.0,11,735.66,367.83,2011-07-11 11:33:00,151,United Kingdom
12527,5,526.0,26,735.51,147.1,2011-09-19 11:55:00,81,Germany
17430,4,515.0,30,735.17,183.79,2011-11-07 09:24:00,32,United Kingdom
13286,1,274.0,46,734.91,734.91,2010-04-18 15:35:00,600,United Kingdom
15938,9,449.0,27,734.81,81.65,2011-08-19 12:56:00,112,United Kingdom
17756,3,400.0,54,733.7,244.57,2010-11-29 12:20:00,375,United Kingdom
17964,2,496.0,84,733.46,366.73,2011-11-08 10:44:00,31,United Kingdom
17615,6,386.0,47,733.2,122.2,2011-08-01 14:06:00,130,United Kingdom
12537,1,449.0,43,732.94,732.94,2010-10-27 08:36:00,408,Sweden
13575,5,449.0,41,732.07,146.41,2011-11-16 13:14:00,23,United Kingdom
17825,4,540.0,24,731.96,182.99,2010-04-20 12:01:00,598,United Kingdom
17548,4,494.0,22,731.26,182.81,2011-04-20 12:01:00,233,United Kingdom
17681,5,450.0,12,731.2,146.24,2010-04-21 17:22:00,597,United Kingdom
17999,3,395.0,125,730.9,243.63,2011-11-02 15:56:00,37,United Kingdom
14778,2,306.0,34,730.86,365.43,2011-08-04 15:23:00,127,United Kingdom
13921,4,210.0,36,730.7,182.68,2010-11-02 16:32:00,402,United Kingdom
17834,2,687.0,54,730.47,365.24,2010-10-21 12:09:00,414,United Kingdom
13452,3,6.0,2,729.8,243.27,2011-03-25 14:19:00,259,United Kingdom
12925,3,649.0,46,729.33,243.11,2011-12-05 11:11:00,4,United Kingdom
18163,1,452.0,33,728.84,728.84,2010-05-04 14:51:00,584,United Kingdom
12786,1,324.0,18,728.5,728.5,2010-04-09 12:12:00,609,Netherlands
17547,2,223.0,22,727.85,363.92,2010-11-29 09:41:00,375,United Kingdom
17374,3,155.0,34,727.11,242.37,2011-05-05 09:05:00,218,United Kingdom
12519,2,395.0,34,726.54,363.27,2011-10-07 09:26:00,63,Germany
12723,5,434.0,53,725.07,145.01,2011-12-06 10:19:00,3,France
18187,1,310.0,48,724.89,724.89,2010-03-18 09:49:00,631,United Kingdom
13729,3,419.0,36,724.73,241.58,2010-09-30 10:44:00,435,United Kingdom
14798,8,601.0,30,724.31,90.54,2011-10-18 10:58:00,52,United Kingdom
17572,10,351.0,14,723.01,72.3,2011-09-29 17:53:00,71,United Kingdom
15368,2,406.0,8,722.74,361.37,2011-11-18 14:42:00,21,United Kingdom
13264,1,375.0,38,722.56,722.56,2010-09-23 12:42:00,442,United Kingdom
17561,4,396.0,163,722.34,180.59,2011-11-20 12:53:00,19,United Kingdom
13057,3,466.0,34,722.09,240.7,2010-06-27 15:44:00,530,United Kingdom
13441,2,520.0,33,720.9,360.45,2011-09-09 09:38:00,91,United Kingdom
16023,3,358.0,90,719.81,239.94,2011-10-24 16:34:00,46,United Kingdom
14179,2,330.0,135,719.78,359.89,2011-10-30 12:07:00,40,United Kingdom
16415,3,527.0,120,719.44,239.81,2011-10-26 13:35:00,44,United Kingdom
13537,2,337.0,38,717.85,358.93,2010-10-10 12:45:00,425,United Kingdom
13604,1,242.0,21,717.62,717.62,2010-02-19 12:02:00,658,United Kingdom
16269,1,579.0,53,717.57,717.57,2010-09-28 11:50:00,437,United Kingdom
12573,5,479.0,107,717.41,143.48,2011-04-26 15:52:00,227,France
12890,2,466.0,124,717.27,358.63,2011-11-15 17:26:00,24,United Kingdom
16526,2,279.0,30,717.21,358.6,2011-06-21 12:02:00,171,United Kingdom
15274,2,619.0,44,716.57,358.29,2011-12-05 16:57:00,4,United Kingdom
12535,2,219.0,28,716.35,358.18,2011-09-09 08:48:00,91,France
16274,1,310.0,64,715.9,715.9,2010-12-01 15:35:00,373,United Kingdom
12492,3,444.0,38,715.21,238.4,2011-10-07 15:15:00,63,Germany
15330,2,1312.0,10,714.96,357.48,2011-11-07 17:50:00,32,United Kingdom
17051,4,513.0,107,714.39,178.6,2011-05-29 14:13:00,194,United Kingdom
13512,4,419.0,31,713.39,178.35,2011-03-24 10:03:00,260,United Kingdom
14026,2,427.0,43,713.11,356.55,2010-08-26 10:31:00,470,United Kingdom
13147,4,144.0,1,712.8,178.2,2011-11-29 13:59:00,10,United Kingdom
17761,1,398.0,19,712.78,712.78,2011-11-07 10:23:00,32,United Kingdom
14470,3,282.0,56,712.04,237.35,2011-11-28 10:31:00,11,United Kingdom
15127,2,464.0,27,711.5,355.75,2011-10-05 10:30:00,65,United Kingdom
16885,4,376.0,121,710.74,177.68,2011-11-24 13:40:00,15,United Kingdom
13103,3,426.0,27,709.64,236.55,2011-10-31 09:38:00,39,United Kingdom
13927,2,463.0,37,708.26,354.13,2011-09-26 12:00:00,74,United Kingdom
12485,1,414.0,34,708.1,708.1,2010-06-28 15:22:00,529,Sweden
14398,2,267.0,50,707.79,353.9,2010-11-03 13:46:00,401,United Kingdom
16449,2,367.0,40,707.69,353.84,2011-05-26 10:25:00,197,United Kingdom
12453,1,473.0,43,707.09,707.09,2011-07-28 14:08:00,134,Austria
13626,2,398.0,44,707.04,353.52,2011-04-01 10:05:00,252,United Kingdom
16364,2,280.0,48,707.04,353.52,2011-11-28 11:27:00,11,United Kingdom
16309,2,467.0,39,706.57,353.28,2011-08-25 15:35:00,106,United Kingdom
17976,1,212.0,56,706.38,706.38,2010-12-02 13:49:00,372,United Kingdom
14880,3,373.0,45,706.19,235.4,2011-09-23 13:42:00,77,United Kingdom
16015,3,909.0,146,705.39,235.13,2011-12-06 10:58:00,3,United Kingdom
16882,3,424.0,39,705.12,235.04,2011-10-04 10:42:00,66,United Kingdom
12612,1,262.0,19,704.04,704.04,2011-09-26 15:35:00,74,Germany
12883,4,196.0,39,703.47,175.87,2011-11-15 09:32:00,24,United Kingdom
18082,1,621.0,62,703.37,703.37,2011-11-14 12:45:00,25,United Kingdom
15103,2,329.0,35,703.36,351.68,2011-11-08 14:53:00,31,United Kingdom
15901,7,702.0,145,703.22,100.46,2011-11-23 12:43:00,16,United Kingdom
14699,4,484.0,45,702.6,175.65,2011-05-09 14:54:00,214,United Kingdom
16997,3,360.0,7,702.0,234.0,2011-02-24 17:28:00,288,United Kingdom
14324,2,402.0,41,701.61,350.81,2010-10-26 11:44:00,409,United Kingdom
13833,2,244.0,43,701.36,350.68,2011-07-03 13:27:00,159,United Kingdom
14356,2,277.0,33,701.23,350.62,2011-09-21 09:18:00,79,United Kingdom
17163,4,531.0,27,699.78,174.95,2011-11-18 08:57:00,21,United Kingdom
13242,7,350.0,19,699.4,99.91,2011-08-19 12:53:00,112,United Kingdom
16018,4,503.0,48,698.13,174.53,2011-10-31 14:13:00,39,United Kingdom
15053,3,986.0,49,697.79,232.6,2011-12-05 12:08:00,4,United Kingdom
14497,2,332.0,40,697.06,348.53,2011-02-03 17:01:00,309,United Kingdom
13596,2,406.0,133,697.04,348.52,2011-12-04 12:01:00,5,United Kingdom
15700,2,357.0,85,696.68,348.34,2011-06-20 16:53:00,172,United Kingdom
15995,1,353.0,108,696.19,696.19,2010-10-21 13:57:00,414,United Kingdom
16704,2,455.0,50,695.66,347.83,2010-03-31 14:02:00,618,United Kingdom
14959,4,494.0,37,695.42,173.86,2011-10-06 18:23:00,64,United Kingdom
13101,4,478.0,48,695.4,173.85,2011-04-19 14:37:00,234,United Kingdom
14111,4,458.0,10,692.85,173.21,2011-11-25 13:44:00,14,United Kingdom
17733,2,463.0,33,692.19,346.1,2011-11-01 08:16:00,38,United Kingdom
12817,3,219.0,16,690.98,230.33,2011-03-03 16:28:00,281,Austria
15184,4,486.0,72,689.95,172.49,2011-11-10 13:41:00,29,United Kingdom
16545,2,322.0,6,689.82,344.91,2011-06-28 10:37:00,164,United Kingdom
17502,4,376.0,25,689.1,172.27,2011-11-30 13:13:00,9,United Kingdom
15361,4,373.0,10,689.07,172.27,2010-12-13 09:52:00,361,United Kingdom
12837,2,209.0,83,688.41,344.2,2011-06-19 16:07:00,173,United Kingdom
12450,5,442.0,31,688.2,137.64,2011-07-06 14:41:00,156,Spain
18017,4,400.0,1,688.0,172.0,2011-09-19 16:15:00,81,United Kingdom
17962,4,651.0,146,687.42,171.85,2011-07-20 14:16:00,142,United Kingdom
16343,3,422.0,54,687.07,229.02,2011-11-23 17:45:00,16,United Kingdom
14809,2,232.0,18,686.76,343.38,2010-03-28 15:44:00,621,United Kingdom
15880,1,422.0,95,686.56,686.56,2010-12-05 13:00:00,369,United Kingdom
13898,2,544.0,43,686.4,343.2,2011-01-18 10:28:00,325,United Kingdom
16824,3,390.0,34,686.24,228.75,2011-11-24 12:38:00,15,United Kingdom
17935,7,244.0,60,686.14,98.02,2011-07-24 13:18:00,138,United Kingdom
12658,1,320.0,36,686.05,686.05,2011-11-21 10:22:00,18,Germany
15257,2,71.0,11,685.9,342.95,2011-03-01 12:58:00,283,United Kingdom
15219,2,271.0,26,685.45,342.73,2011-06-16 16:57:00,176,United Kingdom
18123,3,629.0,53,684.59,228.2,2011-11-15 14:23:00,24,United Kingdom
13585,3,1386.0,29,684.54,228.18,2010-06-27 12:33:00,530,United Kingdom
16495,3,337.0,78,684.41,228.14,2011-12-06 13:20:00,3,United Kingdom
15669,4,342.0,31,684.34,171.09,2011-10-30 16:03:00,40,United Kingdom
16601,3,395.0,60,684.25,228.08,2011-10-30 11:09:00,40,United Kingdom
15207,3,428.0,19,683.92,227.97,2010-10-19 13:29:00,416,United Kingdom
17874,6,221.0,37,683.46,113.91,2011-06-07 12:54:00,185,United Kingdom
14222,1,607.0,41,683.17,683.17,2011-06-15 16:42:00,177,United Kingdom
15582,3,453.0,39,682.91,227.64,2011-11-15 09:55:00,24,United Kingdom
13987,2,492.0,46,682.54,341.27,2010-11-25 10:20:00,379,United Kingdom
12601,6,290.0,24,681.26,113.54,2011-06-03 10:17:00,189,Germany
12478,1,236.0,36,680.99,680.99,2011-12-06 09:56:00,3,Greece
18271,2,319.0,19,680.85,340.42,2010-04-09 09:26:00,609,United Kingdom
13524,5,324.0,17,680.18,136.04,2011-10-30 12:34:00,40,United Kingdom
13809,3,281.0,23,679.7,226.57,2011-02-07 13:15:00,305,Cyprus
13430,2,751.0,48,679.45,339.73,2011-11-21 08:19:00,18,United Kingdom
14151,2,405.0,44,679.45,339.73,2010-02-04 15:35:00,673,United Kingdom
14563,2,335.0,95,679.44,339.72,2010-07-18 12:01:00,509,United Kingdom
17782,2,538.0,29,679.02,339.51,2010-11-22 11:15:00,382,United Kingdom
16646,1,1072.0,29,678.8,678.8,2010-09-16 13:28:00,449,United Kingdom
14182,4,174.0,42,678.77,169.69,2010-09-22 11:45:00,443,United Kingdom
13925,4,331.0,28,678.25,169.56,2011-09-08 12:47:00,92,United Kingdom
13974,2,356.0,43,677.72,338.86,2011-10-21 14:41:00,49,United Kingdom
13040,2,355.0,38,676.99,338.5,2011-12-01 10:38:00,8,United Kingdom
17462,2,227.0,25,675.69,337.85,2011-10-10 13:56:00,60,United Kingdom
13325,1,240.0,12,675.3,675.3,2011-09-19 10:36:00,81,United Kingdom
13355,1,314.0,32,674.7,674.7,2011-08-09 14:48:00,122,United Kingdom
13951,3,459.0,38,674.45,224.82,2011-06-16 16:43:00,176,United Kingdom
15562,3,561.0,32,673.38,224.46,2010-12-23 09:55:00,351,United Kingdom
14504,4,308.0,85,673.26,168.31,2011-10-23 16:00:00,47,United Kingdom
18121,2,450.0,28,673.1,336.55,2011-07-13 12:53:00,149,United Kingdom
16648,3,503.0,37,672.8,224.27,2011-10-28 08:58:00,42,United Kingdom
16226,5,521.0,23,672.17,134.43,2011-05-20 14:41:00,203,United Kingdom
17011,3,792.0,27,671.7,223.9,2011-11-09 13:30:00,30,United Kingdom
17709,5,295.0,37,671.01,134.2,2011-06-23 11:55:00,169,United Kingdom
13398,2,341.0,37,670.34,335.17,2011-05-31 13:17:00,192,United Kingdom
17418,3,521.0,40,670.06,223.35,2011-10-28 13:00:00,42,United Kingdom
13741,3,218.0,34,668.43,222.81,2011-09-29 09:19:00,71,United Kingdom
16268,2,533.0,45,667.65,333.83,2011-09-29 18:30:00,71,United Kingdom
13217,4,512.0,3,666.48,166.62,2011-08-09 15:32:00,122,United Kingdom
17777,3,507.0,141,665.86,221.95,2011-11-15 12:02:00,24,United Kingdom
17105,2,693.0,80,665.78,332.89,2011-07-03 15:53:00,159,United Kingdom
14452,4,289.0,108,665.59,166.4,2011-11-29 12:06:00,10,United Kingdom
16056,1,347.0,66,664.85,664.85,2011-10-25 15:19:00,45,United Kingdom
16132,2,280.0,14,664.2,332.1,2010-06-13 13:49:00,544,United Kingdom
15643,3,246.0,31,664.0,221.33,2011-06-01 07:38:00,191,United Kingdom
14720,3,219.0,34,663.81,221.27,2011-12-04 12:02:00,5,United Kingdom
13474,3,334.0,116,663.79,221.26,2011-04-17 13:53:00,236,United Kingdom
16573,2,360.0,40,663.61,331.8,2011-09-16 09:13:00,84,United Kingdom
15350,2,323.0,26,663.25,331.63,2010-12-01 13:33:00,373,United Kingdom
17852,5,376.0,82,663.21,132.64,2011-11-28 12:36:00,11,United Kingdom
17371,6,283.0,135,662.55,110.43,2011-11-22 13:30:00,17,United Kingdom
13864,1,192.0,1,662.4,662.4,2010-11-18 12:50:00,386,United Kingdom
16862,4,513.0,34,662.33,165.58,2010-06-10 13:05:00,547,United Kingdom
14425,3,325.0,35,661.39,220.46,2010-10-01 10:24:00,434,United Kingdom
13028,2,798.0,40,661.32,330.66,2011-11-17 11:10:00,22,United Kingdom
12386,2,568.0,10,660.8,330.4,2011-01-06 12:37:00,337,Australia
16887,3,424.0,94,660.72,220.24,2011-11-04 14:07:00,35,United Kingdom
13820,3,287.0,68,660.65,220.22,2010-10-17 13:46:00,418,United Kingdom
17375,4,480.0,77,660.55,165.14,2011-05-24 15:45:00,199,United Kingdom
16428,3,595.0,121,660.28,220.09,2010-10-22 12:22:00,413,United Kingdom
14603,1,400.0,2,660.0,660.0,2011-03-10 10:27:00,274,United Kingdom
15405,2,348.0,29,659.84,329.92,2011-06-03 14:44:00,189,United Kingdom
15492,2,483.0,32,659.46,329.73,2011-11-11 14:53:00,28,United Kingdom
13518,1,392.0,36,659.44,659.44,2011-09-15 10:29:00,85,United Kingdom
13759,2,287.0,24,659.41,329.71,2011-11-06 14:47:00,33,United Kingdom
13622,1,379.0,32,658.95,658.95,2010-01-12 13:22:00,696,United Kingdom
14150,2,496.0,23,658.64,329.32,2011-11-04 10:05:00,35,United Kingdom
17779,3,397.0,73,658.57,219.52,2011-11-18 14:15:00,21,United Kingdom
13433,4,190.0,22,658.32,164.58,2010-07-26 16:55:00,501,United Kingdom
15715,5,246.0,33,658.02,131.6,2010-06-02 09:56:00,555,United Kingdom
16696,4,146.0,7,657.9,164.48,2011-07-27 14:23:00,135,United Kingdom
15648,2,221.0,23,657.35,328.67,2011-05-19 15:53:00,204,United Kingdom
17459,2,537.0,88,657.3,328.65,2011-10-27 13:25:00,43,United Kingdom
16157,3,347.0,12,656.69,218.9,2011-11-24 11:41:00,15,United Kingdom
16708,1,285.0,27,656.63,656.63,2011-10-25 12:20:00,45,United Kingdom
14558,3,162.0,13,655.5,218.5,2010-02-23 12:51:00,654,United Kingdom
16117,3,321.0,64,654.4,218.13,2011-06-03 11:42:00,189,United Kingdom
17398,3,310.0,30,653.38,217.79,2011-08-17 09:48:00,114,United Kingdom
13496,2,341.0,28,653.33,326.67,2011-11-29 10:58:00,10,United Kingdom
15205,2,378.0,37,653.24,326.62,2011-09-15 19:36:00,85,United Kingdom
17523,4,872.0,25,652.74,163.19,2011-11-28 13:20:00,11,United Kingdom
14034,3,423.0,82,651.82,217.27,2011-11-17 14:02:00,22,United Kingdom
17963,4,344.0,98,651.51,162.88,2010-08-25 15:58:00,471,United Kingdom
13840,1,358.0,40,651.4,651.4,2010-10-19 13:34:00,416,United Kingdom
12855,4,270.0,65,650.94,162.74,2010-12-02 09:37:00,372,United Kingdom
16734,3,346.0,44,650.51,216.84,2011-10-18 13:44:00,52,United Kingdom
16969,3,816.0,42,650.41,216.8,2011-10-31 13:12:00,39,United Kingdom
15276,4,331.0,160,649.53,162.38,2011-10-04 16:39:00,66,United Kingdom
12844,4,223.0,88,648.6,162.15,2011-11-10 13:31:00,29,United Kingdom
16412,5,311.0,84,647.23,129.45,2011-10-17 12:35:00,53,United Kingdom
14024,3,238.0,33,645.74,215.25,2011-08-10 11:30:00,121,United Kingdom
17380,3,252.0,5,645.0,215.0,2010-10-01 16:42:00,434,United Kingdom
12719,2,374.0,34,644.95,322.48,2011-12-04 13:45:00,5,France
16185,3,321.0,39,644.72,214.91,2011-11-23 09:41:00,16,United Kingdom
17312,3,372.0,11,644.3,214.77,2011-07-24 11:52:00,138,United Kingdom
13237,1,128.0,24,643.0,643.0,2010-11-17 10:07:00,387,United Kingdom
16431,3,453.0,51,642.81,214.27,2011-05-10 14:09:00,213,United Kingdom
15297,3,292.0,30,641.94,213.98,2011-11-29 16:32:00,10,United Kingdom
16399,3,456.0,97,641.82,213.94,2011-11-20 16:12:00,19,United Kingdom
14537,2,228.0,23,641.4,320.7,2011-10-13 10:54:00,57,United Kingdom
12365,2,174.0,22,641.38,320.69,2011-02-21 14:04:00,291,Cyprus
12624,2,355.0,36,641.13,320.57,2011-08-25 15:04:00,106,France
13318,3,304.0,14,640.76,213.59,2011-12-08 18:51:00,1,United Kingdom
12538,2,336.0,33,640.45,320.23,2011-11-10 17:16:00,29,Spain
16368,3,317.0,74,640.21,213.4,2011-12-07 13:12:00,2,United Kingdom
12880,2,279.0,32,640.13,320.07,2010-11-23 10:50:00,381,United Kingdom
15183,3,297.0,33,639.93,213.31,2010-06-10 10:43:00,547,United Kingdom
12734,3,265.0,17,639.65,213.22,2010-12-22 12:47:00,352,France
17998,3,561.0,57,639.24,213.08,2010-11-24 15:31:00,380,United Kingdom
12699,1,373.0,41,638.11,638.11,2010-10-18 12:07:00,417,Germany
14664,2,466.0,78,637.89,318.95,2011-11-20 10:59:00,19,United Kingdom
17134,3,148.0,31,637.1,212.37,2011-08-25 09:53:00,106,United Kingdom
15829,2,996.0,44,636.14,318.07,2011-09-01 16:45:00,99,United Kingdom
16534,1,168.0,36,635.9,635.9,2010-03-07 15:47:00,642,United Kingdom
17334,3,566.0,20,635.15,211.72,2011-02-10 14:59:00,302,United Kingdom
17985,1,183.0,20,634.95,634.95,2011-11-17 14:24:00,22,United Kingdom
14594,2,331.0,48,634.83,317.41,2011-12-02 13:28:00,7,United Kingdom
14365,2,557.0,50,634.68,317.34,2010-11-10 09:52:00,394,United Kingdom
16330,7,327.0,105,634.33,90.62,2011-11-22 12:24:00,17,United Kingdom
14219,3,363.0,39,633.83,211.28,2011-12-05 16:23:00,4,United Kingdom
15666,2,469.0,62,632.94,316.47,2010-08-24 16:14:00,472,United Kingdom
13540,3,189.0,26,632.39,210.8,2010-08-29 14:20:00,467,United Kingdom
14237,2,276.0,26,632.14,316.07,2010-12-01 13:20:00,373,United Kingdom
18183,2,371.0,36,632.07,316.04,2011-04-26 15:26:00,227,United Kingdom
13822,2,611.0,90,632.0,316.0,2011-12-04 12:13:00,5,United Kingdom
13444,2,337.0,51,631.68,315.84,2010-11-30 13:02:00,374,United Kingdom
14381,2,453.0,104,631.34,315.67,2011-10-18 17:10:00,52,United Kingdom
13706,2,301.0,38,631.17,315.58,2011-02-10 09:21:00,302,United Kingdom
16193,2,379.0,38,630.43,315.22,2011-04-17 11:45:00,236,United Kingdom
15016,5,247.0,93,630.3,126.06,2011-06-20 12:06:00,172,United Kingdom
18101,5,250.0,89,629.16,125.83,2011-11-28 13:37:00,11,United Kingdom
13525,2,394.0,5,628.78,314.39,2011-11-25 12:01:00,14,United Kingdom
14283,4,550.0,36,628.44,157.11,2010-09-02 14:46:00,463,United Kingdom
16158,9,182.0,29,628.32,69.81,2010-07-05 13:55:00,522,United Kingdom
16022,1,261.0,68,628.28,628.28,2011-03-24 13:16:00,260,United Kingdom
14455,4,719.0,65,628.21,157.05,2010-10-03 15:48:00,432,United Kingdom
13480,2,362.0,40,627.82,313.91,2010-10-19 11:53:00,416,United Kingdom
14036,1,268.0,38,626.65,626.65,2011-02-28 09:26:00,284,United Kingdom
17392,3,493.0,66,626.56,208.85,2011-02-06 12:48:00,306,United Kingdom
13914,2,380.0,28,626.45,313.23,2011-11-28 10:35:00,11,United Kingdom
14793,2,361.0,39,625.9,312.95,2011-11-18 14:50:00,21,United Kingdom
16715,2,1174.0,27,625.52,312.76,2011-09-22 18:15:00,78,United Kingdom
14169,2,208.0,50,624.43,312.22,2010-10-05 08:45:00,430,United Kingdom
13776,2,2.0,1,623.98,311.99,2010-10-07 16:11:00,428,United Kingdom
16750,5,214.0,74,623.93,124.79,2011-10-26 12:48:00,44,United Kingdom
15147,1,366.0,28,623.5,623.5,2011-04-13 15:57:00,240,United Kingdom
16792,5,324.0,90,623.46,124.69,2011-03-02 14:41:00,282,United Kingdom
15258,2,142.0,32,623.16,311.58,2011-06-24 12:30:00,168,United Kingdom
12575,2,315.0,34,622.82,311.41,2010-09-08 13:09:00,457,France
14115,2,509.0,22,622.67,311.34,2010-07-26 12:36:00,501,United Kingdom
13836,2,273.0,29,620.37,310.19,2010-11-05 13:31:00,399,United Kingdom
14339,2,456.0,21,620.27,310.14,2011-04-11 11:06:00,242,United Kingdom
12667,1,395.0,33,620.13,620.13,2011-10-12 17:00:00,58,Finland
14529,3,348.0,177,620.04,206.68,2011-10-10 15:27:00,60,United Kingdom
16776,2,450.0,105,619.85,309.92,2011-10-10 13:04:00,60,United Kingdom
13020,2,278.0,38,618.96,309.48,2010-05-26 11:12:00,562,United Kingdom
14079,2,302.0,13,618.73,309.37,2011-08-07 12:10:00,124,United Kingdom
13493,2,380.0,6,618.63,309.32,2011-03-09 15:35:00,275,Switzerland
16613,1,293.0,30,618.59,618.59,2011-09-30 15:52:00,70,United Kingdom
12596,2,474.0,25,618.27,309.14,2011-10-19 13:02:00,51,Spain
13301,4,345.0,75,618.09,154.52,2011-08-28 11:25:00,103,United Kingdom
15956,2,278.0,18,617.6,308.8,2010-06-06 13:06:00,551,United Kingdom
14377,2,219.0,11,617.05,308.53,2011-06-01 13:32:00,191,United Kingdom
13369,1,298.0,14,616.56,616.56,2010-12-09 11:30:00,365,United Kingdom
16311,2,394.0,35,616.26,308.13,2011-11-22 08:54:00,17,United Kingdom
17639,6,576.0,59,615.17,102.53,2011-03-08 15:22:00,276,United Kingdom
15275,1,498.0,41,615.14,615.14,2011-11-02 11:20:00,37,United Kingdom
14077,6,376.0,43,615.08,102.51,2011-10-30 12:35:00,40,United Kingdom
16847,2,255.0,37,614.89,307.45,2011-10-27 13:29:00,43,United Kingdom
15748,3,262.0,34,614.76,204.92,2011-10-30 12:51:00,40,United Kingdom
16566,5,362.0,14,614.66,122.93,2011-11-24 16:34:00,15,United Kingdom
16844,2,281.0,26,614.34,307.17,2010-05-26 10:29:00,562,United Kingdom
14570,3,431.0,64,613.75,204.58,2011-03-04 10:58:00,280,United Kingdom
13832,2,422.0,54,613.69,306.84,2011-11-20 15:36:00,19,United Kingdom
17035,4,327.0,29,613.59,153.4,2011-04-08 11:23:00,245,United Kingdom
15362,2,368.0,38,613.08,306.54,2010-09-17 10:37:00,448,United Kingdom
16116,1,248.0,34,612.78,612.78,2011-05-12 12:01:00,211,United Kingdom
16178,2,304.0,24,612.6,306.3,2011-07-24 16:05:00,138,United Kingdom
16589,4,536.0,39,612.36,153.09,2011-09-29 14:50:00,71,United Kingdom
12513,1,462.0,35,612.29,612.29,2011-08-19 10:51:00,112,France
13008,3,379.0,31,612.13,204.04,2011-01-20 14:24:00,323,United Kingdom
15232,2,686.0,26,612.06,306.03,2011-08-18 16:27:00,113,United Kingdom
17209,3,731.0,36,611.6,203.87,2010-02-28 16:01:00,649,United Kingdom
16922,1,281.0,122,611.08,611.08,2010-05-16 11:24:00,572,United Kingdom
13731,2,278.0,36,610.59,305.29,2011-05-04 14:33:00,219,United Kingdom
14636,2,241.0,27,609.85,304.93,2011-11-03 16:12:00,36,United Kingdom
17325,3,465.0,39,609.57,203.19,2011-03-04 13:09:00,280,United Kingdom
17707,8,546.0,9,609.3,76.16,2011-06-07 15:03:00,185,United Kingdom
16675,2,296.0,21,608.86,304.43,2010-09-24 12:15:00,441,United Kingdom
13933,2,205.0,23,608.79,304.4,2011-08-22 14:03:00,109,United Kingdom
15018,3,210.0,30,607.46,202.49,2011-11-01 12:47:00,38,United Kingdom
15717,5,224.0,17,607.0,121.4,2011-04-19 13:21:00,234,United Kingdom
17473,2,270.0,33,607.0,303.5,2010-10-27 11:45:00,408,United Kingdom
17119,2,334.0,35,606.91,303.46,2011-12-06 14:40:00,3,United Kingdom
15158,2,219.0,11,606.02,303.01,2011-10-25 13:53:00,45,United Kingdom
16590,2,240.0,26,605.9,302.95,2010-11-04 09:06:00,400,United Kingdom
17507,2,359.0,79,605.58,302.79,2011-03-23 11:48:00,261,United Kingdom
16780,3,355.0,73,605.55,201.85,2011-08-31 16:09:00,100,United Kingdom
13558,4,344.0,123,605.06,151.27,2011-12-04 11:24:00,5,United Kingdom
14323,2,350.0,32,605.06,302.53,2011-08-17 11:37:00,114,United Kingdom
16321,7,259.0,15,604.55,86.36,2011-09-28 14:55:00,72,Australia
12944,2,289.0,29,604.51,302.26,2011-11-04 11:04:00,35,United Kingdom
17270,2,421.0,45,604.4,302.2,2010-08-27 14:09:00,469,United Kingdom
14611,2,582.0,37,604.33,302.16,2010-09-22 09:19:00,443,United Kingdom
14417,1,567.0,106,604.2,604.2,2010-11-17 10:55:00,387,United Kingdom
12556,2,358.0,100,603.71,301.85,2011-10-20 13:06:00,50,Spain
13106,2,231.0,15,603.46,301.73,2011-07-29 15:12:00,133,United Kingdom
12707,1,256.0,33,603.42,603.42,2011-02-21 08:38:00,291,France
18264,1,241.0,36,603.25,603.25,2010-07-29 10:02:00,498,United Kingdom
16445,4,299.0,143,602.73,150.68,2011-11-06 12:32:00,33,United Kingdom
16080,4,298.0,29,602.56,150.64,2011-09-19 10:42:00,81,United Kingdom
17890,2,416.0,88,602.09,301.05,2011-01-21 11:19:00,322,United Kingdom
14670,3,434.0,159,602.0,200.67,2011-03-04 14:13:00,280,United Kingdom
12654,5,264.0,31,601.98,120.4,2011-11-29 10:10:00,10,Germany
14254,1,263.0,23,601.03,601.03,2010-10-03 11:52:00,432,United Kingdom
12420,1,345.0,29,600.39,600.39,2011-10-07 08:55:00,63,Cyprus
17745,2,164.0,27,600.34,300.17,2010-08-19 12:30:00,477,United Kingdom
18211,5,359.0,37,600.07,120.01,2011-11-14 08:10:00,25,United Kingdom
17678,2,368.0,27,599.76,299.88,2011-03-21 11:52:00,263,United Kingdom
12521,1,309.0,38,599.68,599.68,2011-07-20 10:51:00,142,Germany
14965,2,365.0,80,599.0,299.5,2011-09-04 13:20:00,96,United Kingdom
14569,4,258.0,31,598.98,149.75,2011-12-08 14:58:00,1,United Kingdom
13311,2,305.0,25,598.57,299.29,2011-12-05 12:55:00,4,United Kingdom
17845,4,196.0,42,598.19,149.55,2010-06-02 15:20:00,555,United Kingdom
15424,3,873.0,33,597.78,199.26,2011-03-30 13:02:00,254,United Kingdom
14170,3,290.0,123,597.33,199.11,2010-11-29 13:10:00,375,United Kingdom
13684,4,235.0,81,596.98,149.25,2011-02-27 10:13:00,285,United Kingdom
15631,1,525.0,39,596.67,596.67,2010-03-07 14:52:00,642,United Kingdom
15346,3,260.0,36,596.12,198.71,2011-01-11 11:18:00,332,United Kingdom
17658,2,616.0,17,595.42,297.71,2011-11-14 12:07:00,25,United Kingdom
14771,2,622.0,46,594.62,297.31,2010-03-28 12:52:00,621,United Kingdom
15442,1,120.0,2,594.0,594.0,2011-04-05 12:24:00,248,United Kingdom
15929,1,120.0,1,594.0,594.0,2010-03-05 14:56:00,644,United Kingdom
14746,4,398.0,7,593.5,148.38,2010-10-29 14:44:00,406,United Kingdom
18232,4,302.0,31,592.97,148.24,2011-09-19 11:49:00,81,United Kingdom
13472,2,310.0,24,592.24,296.12,2010-09-02 09:41:00,463,United Kingdom
17815,1,612.0,13,591.96,591.96,2010-11-11 14:39:00,393,United Kingdom
17156,1,391.0,39,591.87,591.87,2010-08-05 11:30:00,491,United Kingdom
12790,2,306.0,36,591.85,295.93,2011-05-31 14:14:00,192,Netherlands
17483,4,265.0,23,591.73,147.93,2011-10-05 13:10:00,65,United Kingdom
15524,2,28.0,9,591.4,295.7,2011-11-15 12:09:00,24,United Kingdom
17098,3,125.0,10,591.07,197.02,2010-11-23 12:13:00,381,United Kingdom
15160,4,307.0,17,589.27,147.32,2010-12-17 14:15:00,357,United Kingdom
15624,4,357.0,26,588.13,147.03,2011-08-15 11:38:00,116,United Kingdom
15191,3,287.0,33,588.05,196.02,2010-09-02 15:37:00,463,United Kingdom
17014,3,245.0,63,586.33,195.44,2011-12-01 14:09:00,8,United Kingdom
14173,6,194.0,30,586.0,97.67,2011-11-29 11:54:00,10,United Kingdom
12384,2,126.0,26,585.27,292.64,2011-11-11 08:39:00,28,Switzerland
17773,2,260.0,48,585.27,292.64,2010-07-13 14:07:00,514,United Kingdom
12800,3,284.0,31,584.25,194.75,2010-08-26 14:11:00,470,Portugal
14023,2,345.0,30,584.07,292.04,2011-12-02 13:58:00,7,United Kingdom
15762,2,251.0,37,583.75,291.88,2011-10-05 16:15:00,65,United Kingdom
16001,1,337.0,29,583.39,583.39,2010-11-23 17:10:00,381,United Kingdom
15918,3,240.0,49,582.88,194.29,2011-06-02 11:42:00,190,United Kingdom
16100,1,438.0,37,582.64,582.64,2010-09-03 11:39:00,462,United Kingdom
16802,2,369.0,48,582.61,291.3,2010-01-29 13:44:00,679,United Kingdom
17970,1,525.0,27,582.59,582.59,2011-05-12 20:03:00,211,United Kingdom
17099,1,317.0,40,582.17,582.17,2010-06-24 16:25:00,533,United Kingdom
14742,1,374.0,34,579.85,579.85,2010-09-30 14:07:00,435,United Kingdom
16596,4,227.0,23,579.63,144.91,2011-11-24 10:02:00,15,United Kingdom
15588,1,96.0,4,579.6,579.6,2010-01-31 12:19:00,677,United Kingdom
15959,3,282.0,58,579.49,193.16,2010-01-26 16:38:00,682,United Kingdom
18039,4,570.0,137,579.17,144.79,2010-11-30 13:07:00,374,United Kingdom
18262,3,552.0,40,577.54,192.51,2011-07-22 16:04:00,140,United Kingdom
17274,2,273.0,76,577.38,288.69,2011-11-04 13:16:00,35,United Kingdom
15830,1,415.0,39,576.0,576.0,2011-11-02 10:40:00,37,United Kingdom
17557,4,310.0,28,575.46,143.87,2011-11-25 12:57:00,14,United Kingdom
12859,1,292.0,21,575.1,575.1,2010-09-07 12:20:00,458,United Kingdom
13262,3,247.0,48,573.45,191.15,2011-03-21 15:06:00,263,United Kingdom
12879,3,370.0,7,573.22,191.07,2011-10-26 12:24:00,44,United Kingdom
15415,1,575.0,46,572.81,572.81,2011-01-30 14:13:00,313,United Kingdom
13424,1,529.0,40,572.77,572.77,2010-09-16 10:49:00,449,United Kingdom
13379,3,601.0,85,572.56,190.85,2011-11-13 13:45:00,26,United Kingdom
13179,1,368.0,34,572.31,572.31,2010-03-31 11:40:00,618,United Kingdom
14053,4,490.0,3,572.3,143.08,2011-08-07 14:27:00,124,United Kingdom
12816,2,128.0,27,572.2,286.1,2011-09-05 12:41:00,95,Poland
13816,2,269.0,25,571.67,285.84,2011-11-16 08:38:00,23,Germany
15920,9,240.0,93,571.64,63.52,2011-07-08 15:31:00,154,United Kingdom
15198,5,327.0,28,571.35,114.27,2011-09-08 14:42:00,92,United Kingdom
15691,4,212.0,12,571.3,142.83,2011-04-01 15:13:00,252,United Kingdom
18053,3,409.0,29,571.07,190.36,2011-09-30 09:05:00,70,United Kingdom
15821,2,202.0,57,570.96,285.48,2011-10-26 15:48:00,44,United Kingdom
13190,3,308.0,16,570.66,190.22,2010-06-13 15:47:00,544,United Kingdom
15315,2,862.0,35,570.5,285.25,2011-10-06 12:51:00,64,United Kingdom
17122,4,368.0,23,570.5,142.63,2011-08-12 14:33:00,119,United Kingdom
15857,2,584.0,21,570.48,285.24,2011-11-21 12:18:00,18,United Kingdom
14592,3,415.0,132,570.46,190.15,2011-11-04 16:35:00,35,United Kingdom
16667,2,237.0,52,570.13,285.07,2011-10-02 15:26:00,68,United Kingdom
17433,2,305.0,81,569.96,284.98,2011-09-12 14:24:00,88,United Kingdom
15169,2,356.0,58,569.22,284.61,2010-11-22 13:04:00,382,United Kingdom
13406,2,292.0,7,568.92,284.46,2010-10-08 14:44:00,427,United Kingdom
18244,2,856.0,19,568.64,284.32,2010-10-05 11:15:00,430,United Kingdom
13321,2,372.0,10,567.36,283.68,2011-09-28 15:24:00,72,United Kingdom
14208,2,529.0,34,567.05,283.53,2011-09-06 12:48:00,94,United Kingdom
14986,2,342.0,87,566.9,283.45,2010-11-28 15:25:00,376,United Kingdom
15627,2,344.0,23,566.9,283.45,2010-09-08 14:14:00,457,United Kingdom
13998,3,204.0,30,566.7,188.9,2010-09-19 10:20:00,446,United Kingdom
18150,3,332.0,29,566.58,188.86,2011-11-07 16:49:00,32,United Kingdom
14716,3,752.0,85,565.45,188.48,2011-10-27 17:29:00,43,United Kingdom
13894,3,354.0,25,564.62,188.21,2011-11-16 09:44:00,23,United Kingdom
15344,3,116.0,21,563.94,187.98,2011-12-09 10:45:00,0,United Kingdom
15143,2,320.0,27,563.63,281.81,2011-04-28 12:03:00,225,United Kingdom
15597,2,393.0,35,563.37,281.69,2011-11-04 13:26:00,35,United Kingdom
17665,1,690.0,19,563.1,563.1,2010-08-03 13:12:00,493,United Kingdom
17195,1,486.0,31,562.98,562.98,2010-02-22 13:05:00,655,United Kingdom
17265,2,394.0,106,562.9,281.45,2011-07-24 10:49:00,138,United Kingdom
16111,1,236.0,72,562.48,562.48,2010-10-07 19:51:00,428,United Kingdom
12559,2,283.0,21,561.71,280.85,2011-02-02 09:49:00,310,Germany
18127,4,252.0,56,561.53,140.38,2011-11-20 14:05:00,19,United Kingdom
17233,3,298.0,56,560.86,186.95,2011-11-04 14:06:00,35,United Kingdom
15655,1,324.0,34,560.67,560.67,2011-04-10 15:25:00,243,United Kingdom
15917,5,263.0,127,560.63,112.13,2011-04-06 10:40:00,247,United Kingdom
17413,2,302.0,10,560.14,280.07,2010-10-31 12:33:00,404,United Kingdom
15055,3,230.0,77,560.07,186.69,2010-08-22 11:06:00,474,United Kingdom
14273,4,264.0,22,559.97,139.99,2011-10-19 13:20:00,51,United Kingdom
16414,5,202.0,58,559.71,111.94,2011-11-18 09:42:00,21,United Kingdom
17503,2,486.0,36,558.96,279.48,2011-12-07 09:18:00,2,United Kingdom
13260,1,142.0,8,557.62,557.62,2011-10-09 13:21:00,61,United Kingdom
17295,3,294.0,53,556.95,185.65,2011-11-11 10:49:00,28,United Kingdom
18049,2,425.0,82,556.52,278.26,2010-09-28 14:26:00,437,United Kingdom
16519,4,176.0,32,556.26,139.07,2011-11-14 15:41:00,25,United Kingdom
13677,2,218.0,98,556.19,278.09,2010-10-31 11:32:00,404,United Kingdom
13024,2,181.0,26,555.87,277.94,2010-08-26 09:42:00,470,United Kingdom
15102,2,339.0,26,554.67,277.34,2010-06-27 12:16:00,530,United Kingdom
15634,2,227.0,34,554.65,277.33,2011-11-22 16:28:00,17,United Kingdom
18056,2,334.0,28,554.6,277.3,2011-02-24 14:27:00,288,United Kingdom
16641,2,454.0,36,554.5,277.25,2011-08-26 12:49:00,105,United Kingdom
15650,2,210.0,33,553.88,276.94,2010-07-06 10:41:00,521,United Kingdom
17407,1,426.0,23,552.9,552.9,2010-10-24 11:57:00,411,United Kingdom
16406,3,271.0,135,552.68,184.23,2011-11-21 11:57:00,18,United Kingdom
17016,1,309.0,41,552.4,552.4,2010-05-12 12:32:00,576,United Kingdom
12363,2,408.0,23,552.0,276.0,2011-08-22 10:18:00,109,Unspecified
16936,2,342.0,122,551.17,275.59,2011-11-14 11:04:00,25,United Kingdom
16707,4,402.0,64,551.11,137.78,2010-11-04 14:39:00,400,United Kingdom
18098,1,217.0,85,550.84,550.84,2010-11-08 16:31:00,396,United Kingdom
17291,1,72.0,1,550.8,550.8,2011-02-04 13:04:00,308,United Kingdom
12390,1,353.0,32,549.84,549.84,2011-09-21 09:33:00,79,Belgium
15200,1,195.0,30,549.05,549.05,2010-08-02 09:38:00,494,United Kingdom
16536,1,251.0,49,548.97,548.97,2011-08-21 15:54:00,110,United Kingdom
16031,2,423.0,91,548.94,274.47,2011-09-08 13:07:00,92,United Kingdom
15842,2,296.0,24,548.8,274.4,2010-11-11 14:08:00,393,United Kingdom
13948,4,248.0,23,548.76,137.19,2010-12-14 10:18:00,360,United Kingdom
15598,2,404.0,32,548.02,274.01,2011-10-17 16:04:00,53,United Kingdom
16811,2,477.0,26,547.07,273.53,2011-12-05 11:39:00,4,United Kingdom
17637,2,280.0,35,547.06,273.53,2011-11-08 12:51:00,31,United Kingdom
17520,1,365.0,30,546.81,546.81,2011-10-17 12:04:00,53,United Kingdom
18212,2,167.0,40,546.72,273.36,2011-01-17 16:14:00,326,United Kingdom
12743,2,319.0,114,546.43,273.21,2011-07-28 16:21:00,134,Unspecified
15080,2,287.0,31,546.25,273.13,2010-10-08 11:52:00,427,United Kingdom
17248,2,292.0,85,546.16,273.08,2011-08-11 13:34:00,120,United Kingdom
17806,1,727.0,43,546.04,546.04,2011-11-28 14:12:00,11,United Kingdom
17580,5,224.0,78,545.27,109.05,2011-04-01 12:41:00,252,United Kingdom
13955,3,274.0,82,545.17,181.72,2011-07-08 17:19:00,154,United Kingdom
15728,2,132.0,10,544.6,272.3,2010-11-25 10:39:00,379,United Kingdom
18207,1,325.0,31,544.47,544.47,2010-07-28 14:26:00,499,United Kingdom
16475,4,319.0,23,544.3,136.08,2011-09-12 14:37:00,88,United Kingdom
13390,1,224.0,13,544.08,544.08,2011-09-26 08:38:00,74,United Kingdom
16927,3,993.0,5,543.05,181.02,2011-08-16 11:10:00,115,United Kingdom
17514,2,295.0,72,542.83,271.42,2011-08-03 15:45:00,128,United Kingdom
13785,4,151.0,26,542.49,135.62,2010-10-07 09:25:00,428,United Kingdom
15675,4,624.0,32,542.04,135.51,2011-09-19 13:48:00,81,United Kingdom
16230,2,365.0,32,542.03,271.02,2011-06-03 10:06:00,189,United Kingdom
16060,3,243.0,22,541.95,180.65,2010-11-04 12:10:00,400,United Kingdom
16647,4,396.0,28,541.9,135.48,2011-06-23 11:47:00,169,United Kingdom
17447,2,443.0,33,541.53,270.77,2011-10-30 14:18:00,40,United Kingdom
17643,2,297.0,30,541.25,270.63,2010-12-01 14:38:00,373,United Kingdom
16576,2,323.0,32,540.87,270.44,2010-10-15 13:37:00,420,United Kingdom
12819,1,344.0,19,540.52,540.52,2010-09-07 15:20:00,458,United Kingdom
12958,2,131.0,45,539.49,269.75,2010-11-04 16:16:00,400,United Kingdom
17524,3,362.0,37,539.14,179.71,2010-12-13 14:32:00,361,United Kingdom
13812,3,333.0,33,539.0,179.67,2011-10-28 14:27:00,42,Germany
15539,1,410.0,41,538.46,538.46,2011-12-02 13:36:00,7,United Kingdom
13961,1,226.0,19,538.4,538.4,2010-11-12 14:40:00,392,United Kingdom
14539,2,428.0,31,537.48,268.74,2011-11-24 09:50:00,15,United Kingdom
17269,1,336.0,110,537.46,537.46,2010-11-19 11:12:00,385,United Kingdom
16804,3,246.0,59,536.99,179.0,2011-11-16 16:43:00,23,United Kingdom
18140,1,395.0,49,536.41,536.41,2010-08-23 11:58:00,473,West Indies
13207,4,178.0,10,535.86,133.97,2011-11-24 14:52:00,15,United Kingdom
15890,5,119.0,10,535.65,107.13,2010-11-10 12:46:00,394,United Kingdom
16142,1,422.0,37,535.34,535.34,2011-04-04 10:16:00,249,United Kingdom
12988,1,136.0,75,535.32,535.32,2011-02-20 14:31:00,292,United Kingdom
16935,3,278.0,55,535.1,178.37,2010-11-23 09:16:00,381,United Kingdom
12810,2,389.0,32,534.99,267.5,2010-06-23 10:53:00,534,Japan
13807,3,152.0,24,534.8,178.27,2010-12-07 15:48:00,367,United Kingdom
13385,1,281.0,35,534.57,534.57,2011-01-14 09:52:00,329,United Kingdom
17443,1,504.0,1,534.24,534.24,2011-05-04 10:47:00,219,Canada
17436,5,178.0,8,534.06,106.81,2011-12-08 12:30:00,1,United Kingdom
16785,1,313.0,35,533.78,533.78,2010-10-26 10:36:00,409,United Kingdom
13594,2,396.0,31,533.32,266.66,2011-10-18 10:19:00,52,United Kingdom
15433,2,534.0,40,533.3,266.65,2011-05-10 10:45:00,213,United Kingdom
15756,4,242.0,160,532.96,133.24,2011-10-09 13:30:00,61,United Kingdom
15825,1,220.0,20,532.94,532.94,2011-06-20 13:27:00,172,United Kingdom
15659,3,161.0,14,532.49,177.5,2011-10-27 09:23:00,43,United Kingdom
16021,2,297.0,117,532.25,266.12,2010-11-09 14:48:00,395,United Kingdom
15115,2,245.0,35,531.85,265.93,2011-11-21 14:59:00,18,United Kingdom
14940,2,384.0,32,531.49,265.75,2010-10-18 10:47:00,417,United Kingdom
16583,2,264.0,18,531.4,265.7,2010-12-01 12:03:00,373,United Kingdom
16706,3,249.0,108,531.35,177.12,2011-11-02 13:50:00,37,United Kingdom
17765,4,197.0,71,530.8,132.7,2011-07-04 12:41:00,158,United Kingdom
18159,1,139.0,23,530.15,530.15,2011-02-11 14:26:00,301,United Kingdom
14002,2,877.0,47,529.73,264.87,2011-07-28 15:55:00,134,United Kingdom
17458,2,282.0,81,529.58,264.79,2011-11-24 13:01:00,15,United Kingdom
18191,2,332.0,15,529.4,264.7,2011-03-23 12:08:00,261,United Kingdom
16413,2,284.0,55,528.98,264.49,2011-10-14 12:08:00,56,United Kingdom
14616,5,170.0,3,527.78,105.56,2011-04-11 09:54:00,242,United Kingdom
12479,1,385.0,31,527.2,527.2,2011-11-28 13:26:00,11,Germany
18011,2,198.0,63,527.03,263.52,2010-12-01 17:35:00,373,United Kingdom
16421,3,123.0,35,526.27,175.42,2010-11-28 13:31:00,376,United Kingdom
15467,3,310.0,41,524.88,174.96,2011-11-30 14:17:00,9,United Kingdom
15683,2,332.0,25,524.54,262.27,2011-08-14 12:56:00,117,United Kingdom
15891,1,442.0,60,524.52,524.52,2011-04-27 12:35:00,226,United Kingdom
13277,7,382.0,10,523.3,74.76,2011-11-24 09:21:00,15,United Kingdom
17712,1,215.0,29,522.91,522.91,2011-10-26 12:28:00,44,United Kingdom
13605,2,425.0,50,522.67,261.34,2010-11-17 17:16:00,387,United Kingdom
12956,4,340.0,42,521.89,130.47,2011-02-06 16:08:00,306,United Kingdom
15689,3,207.0,20,521.03,173.68,2011-08-12 09:37:00,119,United Kingdom
14647,2,180.0,42,519.97,259.98,2011-05-22 13:40:00,201,United Kingdom
13977,1,303.0,13,519.81,519.81,2010-10-24 14:08:00,411,United Kingdom
12571,2,523.0,31,519.61,259.81,2011-10-31 10:19:00,39,France
12777,1,458.0,26,519.45,519.45,2010-09-08 11:35:00,457,United Kingdom
14807,2,247.0,37,519.29,259.65,2010-11-14 12:47:00,390,United Kingdom
12825,2,139.0,20,518.63,259.32,2010-07-06 13:56:00,521,United Kingdom
13600,2,599.0,35,518.42,259.21,2011-01-31 15:27:00,312,United Kingdom
13553,1,206.0,85,517.8,517.8,2010-02-03 12:21:00,674,United Kingdom
17266,5,252.0,95,517.73,103.55,2011-12-07 14:12:00,2,United Kingdom
12979,1,520.0,56,517.7,517.7,2009-12-10 15:45:00,729,United Arab Emirates
12977,4,131.0,54,517.63,129.41,2011-07-06 16:40:00,156,United Kingdom
18205,2,192.0,30,517.36,258.68,2011-11-03 13:22:00,36,United Kingdom
14311,2,235.0,31,516.45,258.23,2011-04-11 10:14:00,242,United Kingdom
13043,1,254.0,13,516.42,516.42,2011-03-11 14:52:00,273,United Kingdom
14429,1,286.0,22,516.28,516.28,2010-11-01 10:08:00,403,United Kingdom
13859,2,167.0,34,515.86,257.93,2011-01-17 16:14:00,326,United Kingdom
18243,1,221.0,26,515.78,515.78,2010-10-21 14:29:00,414,United Kingdom
14949,4,250.0,16,515.0,128.75,2010-08-27 15:38:00,469,United Kingdom
13642,4,253.0,93,514.72,128.68,2011-05-08 12:34:00,215,United Kingdom
17510,2,422.0,28,514.56,257.28,2011-11-15 10:00:00,24,United Kingdom
12897,4,249.0,10,514.25,128.56,2011-05-19 12:13:00,204,United Kingdom
14722,3,222.0,72,513.37,171.12,2011-07-15 14:58:00,147,United Kingdom
16829,2,215.0,25,513.32,256.66,2011-07-06 10:48:00,156,United Kingdom
13177,2,180.0,23,512.2,256.1,2011-10-06 09:56:00,64,United Kingdom
16402,2,254.0,55,511.4,255.7,2011-03-20 12:25:00,264,United Kingdom
14552,3,261.0,124,511.28,170.43,2011-07-11 12:49:00,151,United Kingdom
12361,4,235.0,18,511.25,127.81,2011-02-25 13:51:00,287,Belgium
16561,2,244.0,29,511.12,255.56,2011-12-04 11:50:00,5,United Kingdom
17110,3,142.0,38,510.7,170.23,2011-06-27 12:58:00,165,United Kingdom
13367,1,253.0,20,510.2,510.2,2010-10-04 10:00:00,431,United Kingdom
12904,2,302.0,59,509.58,254.79,2011-11-21 14:34:00,18,United Kingdom
13710,3,336.0,13,509.52,169.84,2011-11-08 08:16:00,31,United Kingdom
14008,1,326.0,32,509.04,509.04,2010-10-03 13:09:00,432,United Kingdom
12436,1,211.0,16,509.01,509.01,2011-09-01 12:09:00,99,Norway
12907,2,177.0,23,508.91,254.45,2010-11-09 12:08:00,395,United Kingdom
15417,1,284.0,28,508.8,508.8,2011-09-15 15:26:00,85,United Kingdom
17391,2,480.0,2,508.8,254.4,2011-06-29 09:58:00,163,United Kingdom
14317,1,255.0,24,508.58,508.58,2011-10-06 10:44:00,64,United Kingdom
13067,3,131.0,24,508.51,169.5,2011-09-18 13:38:00,82,United Kingdom
17276,1,189.0,50,508.39,508.39,2010-11-02 16:20:00,402,United Kingdom
17335,2,216.0,34,508.0,254.0,2010-11-21 10:17:00,383,United Kingdom
17415,1,114.0,14,507.84,507.84,2011-09-21 12:50:00,79,United Kingdom
14158,1,781.0,41,507.66,507.66,2011-10-30 15:08:00,40,United Kingdom
17384,3,121.0,15,507.55,169.18,2011-11-20 15:48:00,19,United Kingdom
15721,1,409.0,80,507.08,507.08,2011-11-28 12:14:00,11,United Kingdom
13885,2,182.0,28,506.8,253.4,2011-06-03 15:07:00,189,United Kingdom
13123,2,268.0,36,506.75,253.37,2010-08-24 10:18:00,472,United Kingdom
14968,2,258.0,83,504.99,252.5,2011-11-09 13:58:00,30,United Kingdom
18203,4,113.0,40,504.42,126.11,2011-07-05 13:07:00,157,United Kingdom
17630,2,158.0,24,503.6,251.8,2011-06-23 11:58:00,169,United Kingdom
14954,2,219.0,111,503.44,251.72,2011-11-27 14:30:00,12,United Kingdom
12376,2,240.0,11,503.15,251.58,2010-11-15 12:15:00,389,Switzerland
12419,2,231.0,23,503.01,251.51,2010-11-19 10:04:00,385,Spain
15138,1,300.0,31,502.52,502.52,2010-11-11 09:16:00,393,United Kingdom
13865,4,204.0,26,501.56,125.39,2011-10-12 13:31:00,58,United Kingdom
15881,5,260.0,26,501.39,100.28,2011-01-31 16:59:00,312,United Kingdom
13116,1,291.0,30,501.14,501.14,2011-07-24 14:33:00,138,United Kingdom
13247,4,328.0,18,501.12,125.28,2011-11-22 10:59:00,17,United Kingdom
16616,2,370.0,31,500.42,250.21,2011-11-24 16:31:00,15,United Kingdom
12366,1,296.0,3,500.24,500.24,2010-03-16 10:28:00,633,Cyprus
13428,3,366.0,122,499.98,166.66,2011-11-29 14:20:00,10,United Kingdom
15193,1,144.0,19,499.32,499.32,2011-10-10 08:23:00,60,United Kingdom
17256,5,299.0,20,498.93,99.79,2011-08-24 13:30:00,107,United Kingdom
16488,3,728.0,28,498.8,166.27,2011-11-06 13:42:00,33,United Kingdom
14171,2,211.0,61,498.79,249.39,2011-09-02 16:43:00,98,United Kingdom
17608,4,539.0,134,498.53,124.63,2011-11-06 13:06:00,33,United Kingdom
17053,1,122.0,13,498.48,498.48,2011-08-01 10:23:00,130,United Kingdom
16820,1,307.0,26,497.61,497.61,2011-09-05 12:06:00,95,United Kingdom
17680,3,155.0,20,497.45,165.82,2011-11-16 12:42:00,23,United Kingdom
17923,3,140.0,2,497.0,165.67,2011-03-02 15:15:00,282,United Kingdom
12943,2,222.0,22,496.5,248.25,2010-05-30 13:52:00,558,United Kingdom
15300,1,292.0,28,496.44,496.44,2011-10-06 17:08:00,64,United Kingdom
15278,4,458.0,29,496.16,124.04,2010-05-27 10:03:00,561,United Kingdom
16977,4,142.0,25,496.0,124.0,2010-11-09 13:17:00,395,United Kingdom
16799,2,176.0,81,495.98,247.99,2010-10-03 14:28:00,432,United Kingdom
17995,3,263.0,28,495.48,165.16,2011-03-03 12:30:00,281,United Kingdom
14319,1,329.0,26,494.85,494.85,2010-10-11 13:38:00,424,United Kingdom
16352,2,300.0,28,494.44,247.22,2011-11-22 10:32:00,17,United Kingdom
17333,1,375.0,28,494.25,494.25,2011-09-15 10:11:00,85,United Kingdom
17823,2,262.0,88,494.25,247.13,2010-10-14 16:24:00,421,United Kingdom
15877,2,371.0,122,493.28,246.64,2011-12-08 11:53:00,1,United Kingdom
15958,4,164.0,50,492.99,123.25,2011-09-26 13:41:00,74,United Kingdom
15447,5,228.0,27,492.88,98.58,2011-01-13 11:26:00,330,United Kingdom
13176,1,453.0,66,492.84,492.84,2011-10-24 15:43:00,46,United Kingdom
14270,1,197.0,29,492.65,492.65,2011-01-12 09:33:00,331,United Kingdom
15507,1,162.0,41,492.36,492.36,2011-06-21 11:19:00,171,United Kingdom
14310,1,230.0,22,492.1,492.1,2010-10-03 12:34:00,432,United Kingdom
13732,1,498.0,33,491.86,491.86,2011-11-11 15:49:00,28,United Kingdom
17106,1,156.0,51,491.23,491.23,2010-11-15 14:11:00,389,United Kingdom
14663,2,397.0,60,490.6,245.3,2010-10-05 13:21:00,430,United Kingdom
15000,1,218.0,76,490.52,490.52,2011-10-23 11:42:00,47,United Kingdom
14416,2,326.0,13,490.22,245.11,2011-11-17 15:22:00,22,United Kingdom
12983,1,638.0,30,490.08,490.08,2010-04-20 12:58:00,598,United Kingdom
12634,2,337.0,20,490.0,245.0,2010-06-22 10:05:00,535,USA
17476,2,224.0,29,489.86,244.93,2010-11-09 10:21:00,395,United Kingdom
17715,2,576.0,1,489.6,244.8,2011-05-23 12:32:00,200,United Kingdom
17988,14,186.0,115,489.54,34.97,2011-11-28 11:00:00,11,United Kingdom
17925,1,144.0,1,488.16,488.16,2010-12-02 10:10:00,372,United Kingdom
18280,2,194.0,28,488.15,244.08,2011-03-07 09:52:00,277,United Kingdom
12920,4,421.0,59,488.09,122.02,2011-11-22 15:05:00,17,United Kingdom
13412,1,176.0,33,487.35,487.35,2010-03-29 16:28:00,620,United Kingdom
13733,2,335.0,28,487.03,243.52,2010-10-25 12:18:00,410,United Kingdom
13675,2,330.0,25,486.82,243.41,2011-07-11 12:57:00,151,United Kingdom
17453,2,219.0,19,486.72,243.36,2011-11-22 09:42:00,17,United Kingdom
13153,1,418.0,15,486.22,486.22,2011-12-04 12:14:00,5,United Kingdom
15216,2,217.0,24,486.09,243.05,2011-09-13 11:41:00,87,United Kingdom
12443,1,182.0,21,485.31,485.31,2009-12-07 15:42:00,732,Norway
16999,2,294.0,21,484.82,242.41,2011-11-16 13:53:00,23,United Kingdom
16504,1,524.0,76,484.38,484.38,2011-11-14 15:18:00,25,United Kingdom
16024,3,505.0,78,484.2,161.4,2011-11-27 13:26:00,12,United Kingdom
15048,4,227.0,86,482.75,120.69,2011-10-05 14:55:00,65,United Kingdom
16603,2,480.0,34,482.47,241.24,2011-09-26 10:06:00,74,United Kingdom
17996,3,587.0,63,482.33,160.78,2010-11-25 11:00:00,379,United Kingdom
12542,2,522.0,39,481.88,240.94,2010-08-12 19:12:00,484,Spain
18216,1,200.0,26,481.75,481.75,2011-11-08 16:55:00,31,United Kingdom
15174,2,382.0,34,481.46,240.73,2011-01-21 09:06:00,322,United Kingdom
14052,2,187.0,115,480.81,240.4,2011-11-20 12:30:00,19,United Kingdom
13161,2,106.0,30,478.88,239.44,2011-01-30 14:03:00,313,United Kingdom
15589,3,243.0,28,478.53,159.51,2011-03-29 09:54:00,255,United Kingdom
17111,2,601.0,44,476.58,238.29,2011-10-23 15:59:00,47,United Kingdom
12447,1,190.0,26,476.49,476.49,2011-04-10 13:25:00,243,Belgium
18176,1,283.0,30,476.35,476.35,2010-12-16 15:45:00,358,United Kingdom
15277,2,373.0,23,476.34,238.17,2011-10-24 10:08:00,46,United Kingdom
15780,3,220.0,26,475.28,158.43,2011-06-09 12:01:00,183,United Kingdom
16552,2,258.0,17,475.02,237.51,2011-04-11 10:04:00,242,United Kingdom
14599,2,295.0,77,474.54,237.27,2010-11-14 14:49:00,390,United Kingdom
14322,4,158.0,10,474.1,118.53,2010-10-06 15:17:00,429,United Kingdom
17104,1,149.0,19,474.03,474.03,2010-10-12 12:21:00,423,United Kingdom
15349,2,327.0,65,473.81,236.9,2011-07-04 16:06:00,158,United Kingdom
15557,1,219.0,16,473.65,473.65,2011-11-11 12:46:00,28,United Kingdom
16635,1,277.0,25,473.0,473.0,2010-10-29 09:41:00,406,United Kingdom
13194,2,326.0,10,472.78,236.39,2011-07-27 09:01:00,135,United Kingdom
14975,2,507.0,25,472.39,236.2,2011-10-13 14:08:00,57,United Kingdom
16038,3,244.0,24,471.78,157.26,2011-12-02 12:40:00,7,United Kingdom
16473,4,296.0,26,470.83,117.71,2011-06-28 09:10:00,164,United Kingdom
13066,2,322.0,48,470.8,235.4,2011-11-15 12:57:00,24,United Kingdom
15963,2,298.0,26,470.76,235.38,2011-11-20 11:33:00,19,United Kingdom
17254,3,398.0,129,470.73,156.91,2011-12-05 12:46:00,4,United Kingdom
18083,1,270.0,36,470.73,470.73,2010-11-07 11:44:00,397,United Kingdom
14819,4,173.0,52,470.16,117.54,2011-10-06 13:41:00,64,United Kingdom
14058,2,211.0,23,469.19,234.59,2010-09-03 09:31:00,462,United Kingdom
14369,2,255.0,24,469.13,234.56,2010-03-07 15:47:00,642,United Kingdom
15387,1,335.0,20,468.65,468.65,2010-08-04 16:05:00,492,United Kingdom
12554,1,240.0,26,468.5,468.5,2010-09-17 12:29:00,448,Spain
13171,3,229.0,37,468.41,156.14,2011-11-18 10:27:00,21,United Kingdom
14335,2,379.0,55,468.26,234.13,2011-11-23 13:41:00,16,Germany
14491,2,179.0,17,468.13,234.07,2011-06-17 15:22:00,175,United Kingdom
17344,2,213.0,64,468.11,234.05,2011-10-24 12:56:00,46,United Kingdom
14727,3,468.0,43,467.93,155.98,2011-03-10 14:45:00,274,United Kingdom
17294,2,297.0,17,467.79,233.9,2010-02-08 16:12:00,669,United Kingdom
17187,2,426.0,21,467.71,233.86,2011-04-27 12:39:00,226,United Kingdom
14029,2,198.0,15,467.66,233.83,2011-10-07 14:46:00,63,United Kingdom
16390,3,122.0,16,467.5,155.83,2010-06-21 10:11:00,536,United Kingdom
14148,2,223.0,15,466.29,233.15,2011-04-20 12:02:00,233,United Kingdom
13248,2,305.0,25,465.68,232.84,2011-08-07 12:40:00,124,United Kingdom
15036,3,327.0,107,465.55,155.18,2011-09-28 15:42:00,72,United Kingdom
13698,2,231.0,31,465.53,232.77,2010-04-22 11:52:00,596,United Kingdom
17181,3,484.0,28,465.37,155.12,2011-10-13 14:48:00,57,United Kingdom
17140,1,302.0,16,465.32,465.32,2011-04-06 13:33:00,247,United Kingdom
13928,4,129.0,23,464.57,116.14,2011-11-29 10:33:00,10,United Kingdom
17040,2,189.0,15,463.25,231.62,2011-07-25 10:19:00,137,United Kingdom
14627,1,284.0,29,462.75,462.75,2010-11-25 16:32:00,379,United Kingdom
14331,2,252.0,27,462.66,231.33,2011-08-07 13:17:00,124,United Kingdom
18031,1,300.0,49,462.1,462.1,2010-11-26 11:00:00,378,United Kingdom
13624,1,820.0,22,462.08,462.08,2010-11-16 13:43:00,388,United Kingdom
18284,1,494.0,28,461.68,461.68,2010-10-04 11:33:00,431,United Kingdom
14575,1,176.0,71,460.71,460.71,2010-08-08 14:51:00,488,United Kingdom
15540,2,444.0,31,460.68,230.34,2011-11-28 13:51:00,11,United Kingdom
12491,1,260.0,25,460.4,460.4,2011-11-01 12:18:00,38,France
16310,2,270.0,26,460.08,230.04,2010-10-21 14:47:00,414,United Kingdom
14118,1,97.0,15,458.45,458.45,2010-10-07 11:59:00,428,United Kingdom
13957,3,157.0,21,458.25,152.75,2010-10-18 10:02:00,417,United Kingdom
14011,2,644.0,32,457.82,228.91,2010-08-16 15:31:00,480,United Kingdom
15121,2,199.0,28,457.72,228.86,2011-10-20 14:51:00,50,United Kingdom
16069,1,138.0,25,457.7,457.7,2010-10-18 10:32:00,417,United Kingdom
12375,2,178.0,14,457.5,228.75,2011-11-29 10:36:00,10,Finland
12564,1,133.0,21,456.9,456.9,2011-03-23 14:55:00,261,France
14296,2,314.0,27,456.4,228.2,2010-10-14 14:14:00,421,United Kingdom
16039,2,409.0,27,456.4,228.2,2010-10-12 10:44:00,423,United Kingdom
12999,3,342.0,25,455.88,151.96,2011-05-27 13:24:00,196,United Kingdom
15585,1,320.0,31,455.3,455.3,2011-06-16 08:38:00,176,United Kingdom
16765,2,311.0,52,454.75,227.37,2011-02-18 15:41:00,294,United Kingdom
17067,3,322.0,8,454.54,151.51,2009-12-15 08:39:00,724,United Kingdom
12459,1,258.0,23,454.36,454.36,2010-04-13 14:53:00,605,Spain
15475,1,319.0,29,454.11,454.11,2011-09-23 15:20:00,77,United Kingdom
17564,3,146.0,38,454.01,151.34,2011-11-15 13:27:00,24,United Kingdom
17376,4,244.0,41,453.64,113.41,2011-09-30 12:36:00,70,United Kingdom
18158,2,354.0,24,453.4,226.7,2011-11-30 16:19:00,9,United Kingdom
16481,1,201.0,16,453.38,453.38,2010-01-26 13:09:00,682,United Kingdom
12729,1,233.0,26,453.01,453.01,2011-08-18 11:40:00,113,France
14184,1,127.0,24,452.89,452.89,2011-10-04 12:43:00,66,United Kingdom
15418,2,266.0,64,452.32,226.16,2010-10-10 13:38:00,425,United Kingdom
18100,1,440.0,30,451.56,451.56,2010-06-07 14:19:00,550,United Kingdom
15802,1,1.0,1,451.42,451.42,2011-07-20 11:38:00,142,United Kingdom
15961,1,154.0,42,451.29,451.29,2010-11-25 15:59:00,379,United Kingdom
12831,3,303.0,16,451.11,150.37,2011-03-22 13:02:00,262,United Kingdom
15124,4,462.0,30,450.82,112.71,2011-11-17 10:09:00,22,United Kingdom
16870,1,278.0,28,450.16,450.16,2010-08-27 13:53:00,469,United Kingdom
13150,3,171.0,7,449.97,149.99,2010-08-12 12:59:00,484,United Kingdom
14784,3,363.0,25,449.93,149.98,2011-11-13 13:30:00,26,United Kingdom
13877,3,478.0,23,449.68,149.89,2011-09-14 15:49:00,86,United Kingdom
13489,4,560.0,11,449.52,112.38,2011-08-26 13:16:00,105,United Kingdom
15126,2,273.0,25,449.49,224.74,2010-06-21 12:31:00,536,United Kingdom
12448,1,243.0,22,449.45,449.45,2011-10-26 13:46:00,44,Spain
15739,1,472.0,8,449.12,449.12,2011-10-04 13:42:00,66,United Kingdom
16939,3,232.0,38,449.0,149.67,2010-08-08 12:24:00,488,United Kingdom
14761,3,206.0,21,447.92,149.31,2011-10-12 12:10:00,58,United Kingdom
14780,2,310.0,26,447.68,223.84,2011-10-16 12:46:00,54,United Kingdom
18201,1,191.0,27,447.53,447.53,2009-12-17 08:55:00,722,United Kingdom
13754,3,315.0,16,447.05,149.02,2011-07-11 11:51:00,151,United Kingdom
16095,1,265.0,30,447.05,447.05,2010-09-09 16:54:00,456,United Kingdom
16921,3,299.0,78,446.67,148.89,2011-10-09 16:22:00,61,United Kingdom
14149,1,218.0,28,446.62,446.62,2011-05-03 09:44:00,220,United Kingdom
17370,4,540.0,31,446.18,111.54,2011-09-28 10:14:00,72,United Kingdom
17070,2,234.0,102,445.32,222.66,2011-08-17 17:01:00,114,United Kingdom
14010,2,177.0,20,445.15,222.57,2010-05-23 13:00:00,565,United Kingdom
14328,1,1.0,1,445.05,445.05,2010-09-27 16:01:00,438,United Kingdom
18134,2,128.0,27,445.0,222.5,2010-04-20 14:02:00,598,United Kingdom
12788,4,194.0,20,444.9,111.23,2010-09-02 14:21:00,463,Netherlands
18270,3,209.0,17,444.55,148.18,2011-11-01 13:57:00,38,United Kingdom
14638,1,166.0,16,443.6,443.6,2011-10-20 10:10:00,50,United Kingdom
16424,2,212.0,10,443.06,221.53,2011-06-01 13:40:00,191,United Kingdom
16404,1,157.0,23,443.05,443.05,2011-09-30 14:55:00,70,United Kingdom
18222,1,335.0,19,443.0,443.0,2011-09-08 10:45:00,92,United Kingdom
14093,1,406.0,95,442.85,442.85,2011-11-27 16:27:00,12,United Kingdom
14996,2,404.0,37,442.29,221.15,2010-08-15 13:44:00,481,United Kingdom
17699,2,208.0,17,442.0,221.0,2010-08-20 09:39:00,476,United Kingdom
13738,1,240.0,88,440.93,440.93,2010-11-08 15:23:00,396,United Kingdom
16932,3,229.0,116,440.71,146.9,2011-10-17 14:12:00,53,United Kingdom
12579,1,285.0,29,440.42,440.42,2011-09-22 17:15:00,78,France
18233,1,4.0,1,440.0,440.0,2011-01-18 08:44:00,325,United Kingdom
13954,2,150.0,24,439.92,219.96,2011-12-08 12:50:00,1,United Kingdom
16025,1,338.0,28,439.66,439.66,2011-11-10 11:45:00,29,United Kingdom
14979,1,213.0,42,439.46,439.46,2009-12-04 12:54:00,735,United Kingdom
16968,2,326.0,31,439.43,219.72,2011-12-05 15:02:00,4,United Kingdom
13086,1,155.0,47,439.33,439.33,2010-11-22 10:28:00,382,United Kingdom
17718,2,274.0,22,439.18,219.59,2011-04-21 13:39:00,232,United Kingdom
13432,2,217.0,98,439.1,219.55,2010-05-17 13:18:00,571,United Kingdom
13358,1,285.0,29,439.03,439.03,2011-03-16 11:52:00,268,United Kingdom
13964,2,228.0,22,438.9,219.45,2010-11-17 13:53:00,387,United Kingdom
17729,1,247.0,23,438.65,438.65,2010-04-22 15:03:00,596,United Kingdom
15859,1,174.0,22,438.46,438.46,2010-10-03 12:52:00,432,United Kingdom
17807,3,262.0,88,437.87,145.96,2010-11-09 16:21:00,395,United Kingdom
12552,2,88.0,20,437.82,218.91,2011-11-01 10:02:00,38,Italy
14846,1,193.0,12,437.4,437.4,2010-10-08 17:07:00,427,United Kingdom
15553,1,451.0,51,437.23,437.23,2011-10-10 14:02:00,60,United Kingdom
16888,3,147.0,44,437.15,145.72,2010-11-04 12:39:00,400,United Kingdom
12672,2,138.0,22,437.05,218.53,2011-01-14 09:20:00,329,France
14877,2,171.0,57,437.0,218.5,2010-10-17 13:09:00,418,United Kingdom
17178,1,101.0,31,436.71,436.71,2009-12-08 16:20:00,731,United Kingdom
14123,1,234.0,24,436.18,436.18,2009-12-06 15:35:00,733,United Kingdom
16084,1,216.0,38,436.18,436.18,2011-02-13 16:05:00,299,United Kingdom
16166,2,173.0,18,435.83,217.92,2010-10-07 15:44:00,428,United Kingdom
18110,2,186.0,58,435.43,217.71,2011-11-20 12:34:00,19,United Kingdom
12445,2,206.0,24,434.98,217.49,2011-11-17 18:43:00,22,Spain
15323,3,188.0,29,434.6,144.87,2010-05-26 10:01:00,562,United Kingdom
14910,4,238.0,25,434.35,108.59,2011-12-07 10:06:00,2,United Kingdom
14238,3,189.0,13,434.23,144.74,2011-01-17 14:40:00,326,United Kingdom
14581,2,309.0,59,433.8,216.9,2011-11-23 12:39:00,16,United Kingdom
18029,1,253.0,18,433.77,433.77,2010-03-07 15:30:00,642,United Kingdom
12493,2,207.0,20,433.74,216.87,2011-06-27 10:17:00,165,France
15613,1,700.0,27,433.72,433.72,2010-04-08 12:51:00,610,United Kingdom
16522,2,212.0,16,433.36,216.68,2010-09-30 10:54:00,435,United Kingdom
17687,1,210.0,26,432.68,432.68,2010-10-15 12:30:00,420,United Kingdom
16604,2,175.0,10,432.45,216.23,2010-05-26 09:10:00,562,United Kingdom
16236,1,184.0,20,432.2,432.2,2011-09-22 14:10:00,78,United Kingdom
16881,1,600.0,1,432.0,432.0,2011-10-04 10:33:00,66,United Kingdom
14042,1,180.0,21,431.98,431.98,2009-12-14 15:07:00,725,United Kingdom
15488,5,251.0,10,431.92,86.38,2011-09-08 10:11:00,92,United Kingdom
17842,1,89.0,18,430.69,430.69,2010-04-16 14:23:00,602,United Kingdom
12452,2,185.0,21,430.57,215.29,2011-11-23 10:28:00,16,Switzerland
12795,1,68.0,14,430.48,430.48,2011-11-21 10:27:00,18,Portugal
12827,3,197.0,19,430.15,143.38,2011-12-04 12:17:00,5,United Kingdom
15450,1,376.0,30,429.84,429.84,2011-11-09 17:11:00,30,United Kingdom
15461,2,230.0,1,429.7,214.85,2010-09-05 12:31:00,460,United Kingdom
15230,2,351.0,23,429.6,214.8,2011-04-14 14:39:00,239,United Kingdom
13413,6,455.0,38,429.44,71.57,2010-03-10 12:17:00,639,United Kingdom
15915,1,451.0,105,429.21,429.21,2010-11-03 11:13:00,401,United Kingdom
15888,3,139.0,33,429.16,143.05,2011-09-20 12:30:00,80,United Kingdom
16324,3,282.0,100,428.68,142.89,2011-08-03 12:58:00,128,United Kingdom
18089,1,95.0,9,428.45,428.45,2010-09-19 11:57:00,446,United Kingdom
17285,2,140.0,41,428.34,214.17,2010-03-21 13:38:00,628,United Kingdom
15545,2,238.0,78,428.05,214.02,2011-10-16 13:24:00,54,United Kingdom
15360,1,223.0,13,427.93,427.93,2011-10-31 09:35:00,39,United Kingdom
12740,1,342.0,27,427.6,427.6,2011-10-07 10:44:00,63,France
18285,1,145.0,12,427.0,427.0,2010-02-17 10:24:00,660,United Kingdom
17740,6,222.0,5,426.9,71.15,2010-11-15 16:33:00,389,United Kingdom
18152,1,75.0,10,426.69,426.69,2010-03-03 15:26:00,646,United Kingdom
15930,1,139.0,21,426.63,426.63,2011-10-03 14:52:00,67,United Kingdom
14288,1,188.0,16,426.6,426.6,2011-05-10 13:22:00,213,United Kingdom
15966,1,275.0,27,426.53,426.53,2010-09-15 10:44:00,450,United Kingdom
15217,1,190.0,28,426.24,426.24,2010-05-25 13:51:00,563,United Kingdom
13703,2,128.0,36,425.56,212.78,2011-01-25 13:10:00,318,United Kingdom
17103,1,471.0,32,424.3,424.3,2009-12-17 14:08:00,722,United Kingdom
16541,1,173.0,38,424.03,424.03,2009-12-04 13:22:00,735,United Kingdom
16913,3,229.0,18,423.91,141.3,2011-02-22 12:56:00,290,United Kingdom
15504,4,148.0,42,423.85,105.96,2011-09-19 13:45:00,81,United Kingdom
17330,4,122.0,7,423.8,105.95,2011-11-17 08:56:00,22,United Kingdom
14097,2,352.0,39,422.86,211.43,2010-08-15 14:20:00,481,United Kingdom
13374,2,135.0,17,422.8,211.4,2010-10-21 10:04:00,414,United Kingdom
16137,1,210.0,28,422.7,422.7,2010-01-28 15:04:00,680,United Kingdom
16689,2,330.0,12,422.6,211.3,2011-09-25 11:39:00,75,United Kingdom
18240,1,126.0,6,422.58,422.58,2011-10-24 13:06:00,46,United Kingdom
16149,3,598.0,30,422.22,140.74,2011-12-05 11:29:00,4,United Kingdom
17232,2,203.0,30,421.52,210.76,2011-12-07 12:21:00,2,United Kingdom
17601,2,299.0,69,421.48,210.74,2011-04-14 18:02:00,239,United Kingdom
13574,1,316.0,84,421.25,421.25,2010-10-24 13:28:00,411,United Kingdom
16773,3,252.0,53,421.24,140.41,2011-10-13 14:37:00,57,United Kingdom
14757,1,160.0,19,420.5,420.5,2011-09-25 14:36:00,75,United Kingdom
15206,4,162.0,3,420.3,105.07,2011-11-29 13:41:00,10,United Kingdom
15894,2,283.0,35,420.29,210.14,2011-03-31 13:50:00,253,United Kingdom
15711,2,199.0,25,420.25,210.13,2010-06-01 12:14:00,556,United Kingdom
18128,1,221.0,42,420.04,420.04,2010-06-20 13:19:00,537,United Kingdom
13672,3,138.0,13,419.92,139.97,2011-02-11 13:53:00,301,United Kingdom
13442,3,115.0,33,419.87,139.96,2010-02-10 14:03:00,667,United Kingdom
13096,1,6.0,1,419.7,419.7,2010-11-10 14:08:00,394,United Kingdom
14124,1,1618.0,4,419.58,419.58,2011-09-16 13:32:00,84,United Kingdom
13079,6,158.0,11,419.18,69.86,2011-12-05 16:53:00,4,United Kingdom
15262,3,218.0,22,418.82,139.61,2011-01-20 12:16:00,323,United Kingdom
12593,3,206.0,14,418.1,139.37,2011-08-23 12:43:00,108,France
13073,2,261.0,25,418.08,209.04,2010-10-24 14:06:00,411,United Kingdom
15968,1,253.0,70,418.05,418.05,2010-11-16 13:04:00,388,United Kingdom
17701,1,109.0,24,417.95,417.95,2011-04-01 12:25:00,252,United Kingdom
17855,1,394.0,17,417.94,417.94,2010-12-02 09:44:00,372,United Kingdom
16629,2,493.0,58,417.73,208.86,2011-09-27 10:34:00,73,United Kingdom
16832,5,179.0,19,417.61,83.52,2011-06-08 15:36:00,184,United Kingdom
14762,2,428.0,28,417.57,208.78,2011-03-21 08:20:00,263,United Kingdom
12833,1,156.0,24,417.38,417.38,2011-07-17 13:46:00,145,United Kingdom
17258,2,188.0,46,417.3,208.65,2010-11-08 12:37:00,396,United Kingdom
16816,4,274.0,28,417.06,104.27,2011-08-28 14:16:00,103,United Kingdom
15935,2,115.0,12,416.86,208.43,2011-04-14 13:27:00,239,United Kingdom
16957,2,172.0,15,416.64,208.32,2011-04-14 13:56:00,239,United Kingdom
15011,2,289.0,17,416.6,208.3,2010-11-09 11:10:00,395,United Kingdom
16355,1,179.0,47,416.35,416.35,2010-11-29 14:21:00,375,United Kingdom
16356,6,190.0,27,415.87,69.31,2011-05-26 11:51:00,197,United Kingdom
12930,2,252.0,20,415.8,207.9,2011-09-22 15:18:00,78,United Kingdom
12608,1,323.0,16,415.79,415.79,2010-10-31 10:49:00,404,United Kingdom
15725,1,221.0,32,415.25,415.25,2011-11-24 14:51:00,15,United Kingdom
14333,1,58.0,15,415.2,415.2,2011-10-03 10:38:00,67,United Kingdom
16752,1,108.0,9,415.0,415.0,2010-12-02 12:18:00,372,United Kingdom
13565,3,260.0,45,414.8,138.27,2011-11-20 14:33:00,19,United Kingdom
18278,2,140.0,22,414.2,207.1,2011-09-27 11:58:00,73,United Kingdom
13002,3,201.0,19,414.13,138.04,2011-01-25 15:18:00,318,United Kingdom
17052,1,261.0,72,413.75,413.75,2011-11-11 14:50:00,28,United Kingdom
13669,3,393.0,13,413.55,137.85,2011-10-20 09:32:00,50,United Kingdom
14082,2,246.0,48,413.36,206.68,2010-12-10 11:02:00,364,United Kingdom
17767,2,198.0,35,413.05,206.53,2011-11-24 14:42:00,15,United Kingdom
17662,2,184.0,14,412.92,206.46,2010-02-16 09:38:00,661,United Kingdom
14620,2,214.0,26,412.78,206.39,2011-05-18 11:58:00,205,United Kingdom
18050,2,250.0,22,412.06,206.03,2010-12-15 14:25:00,359,United Kingdom
13827,3,141.0,83,412.05,137.35,2011-10-13 12:38:00,57,United Kingdom
16272,1,224.0,25,411.7,411.7,2011-08-15 10:54:00,116,United Kingdom
16815,2,238.0,66,410.97,205.49,2010-09-12 10:59:00,453,United Kingdom
15960,4,258.0,24,410.95,102.74,2010-11-30 15:57:00,374,United Kingdom
15099,1,343.0,23,410.48,410.48,2011-09-16 13:13:00,84,United Kingdom
17598,1,126.0,10,409.98,409.98,2010-11-23 17:43:00,381,United Kingdom
14348,1,183.0,18,409.57,409.57,2011-03-24 16:23:00,260,United Kingdom
15225,1,226.0,23,409.4,409.4,2011-04-19 14:51:00,234,United Kingdom
16864,2,283.0,17,409.25,204.63,2010-10-01 16:16:00,434,United Kingdom
16243,2,110.0,49,409.1,204.55,2011-11-06 12:32:00,33,United Kingdom
13686,3,378.0,27,409.04,136.35,2011-06-10 09:10:00,182,United Kingdom
12974,2,104.0,27,408.95,204.48,2011-05-26 09:33:00,197,United Kingdom
15446,3,267.0,90,406.95,135.65,2010-11-28 11:59:00,376,United Kingdom
12353,2,212.0,23,406.76,203.38,2011-05-19 17:47:00,204,Bahrain
16632,2,256.0,22,406.4,203.2,2010-08-11 11:39:00,485,United Kingdom
17000,2,305.0,26,406.3,203.15,2010-11-08 13:35:00,396,United Kingdom
15280,3,513.0,48,406.22,135.41,2011-06-20 17:14:00,172,United Kingdom
15342,1,283.0,24,406.09,406.09,2011-08-02 10:19:00,129,United Kingdom
12741,2,214.0,16,406.07,203.04,2010-06-28 14:36:00,529,USA
18111,1,232.0,27,405.85,405.85,2010-04-29 12:58:00,589,United Kingdom
12922,1,370.0,28,405.38,405.38,2011-07-01 15:35:00,161,United Kingdom
13143,1,198.0,23,405.1,405.1,2010-05-04 12:22:00,584,United Kingdom
13640,1,108.0,4,405.0,405.0,2010-04-07 15:33:00,611,United Kingdom
15941,1,60.0,6,405.0,405.0,2010-03-12 14:45:00,637,United Kingdom
17379,1,663.0,71,404.66,404.66,2011-11-28 13:56:00,11,United Kingdom
16319,1,72.0,3,404.4,404.4,2011-05-06 11:27:00,217,United Kingdom
16484,2,200.0,25,404.3,202.15,2011-06-19 12:06:00,173,United Kingdom
12498,3,159.0,21,403.7,134.57,2011-11-18 12:53:00,21,Germany
14678,1,179.0,24,403.39,403.39,2010-05-09 14:32:00,579,United Kingdom
17785,3,227.0,48,403.38,134.46,2011-10-17 13:43:00,53,United Kingdom
17431,1,292.0,41,403.3,403.3,2011-01-30 14:36:00,313,United Kingdom
13530,1,272.0,18,402.98,402.98,2010-03-15 14:10:00,634,United Kingdom
14172,3,88.0,38,402.72,134.24,2010-04-13 13:26:00,605,United Kingdom
16315,2,143.0,21,402.71,201.36,2011-01-13 11:57:00,330,United Kingdom
15037,2,301.0,40,402.51,201.25,2010-11-28 13:05:00,376,United Kingdom
15501,2,206.0,64,402.5,201.25,2010-10-31 11:15:00,404,United Kingdom
17094,2,212.0,18,402.2,201.1,2011-01-21 13:09:00,322,United Kingdom
16998,5,104.0,2,402.0,80.4,2011-07-13 09:44:00,149,United Kingdom
16893,2,182.0,80,401.77,200.88,2010-12-08 12:06:00,366,United Kingdom
18048,3,258.0,56,401.73,133.91,2011-05-20 14:58:00,203,United Kingdom
14494,3,210.0,17,401.46,133.82,2011-11-14 09:21:00,25,United Kingdom
14736,2,164.0,70,401.08,200.54,2010-08-11 15:21:00,485,United Kingdom
14471,2,187.0,38,400.95,200.48,2010-04-27 17:12:00,591,United Kingdom
17403,2,194.0,45,400.57,200.29,2011-11-03 15:18:00,36,United Kingdom
17168,1,220.0,21,400.2,400.2,2010-07-29 12:33:00,498,United Kingdom
14358,2,338.0,21,400.06,200.03,2010-11-15 15:51:00,389,United Kingdom
18164,1,184.0,24,399.65,399.65,2011-11-02 12:56:00,37,United Kingdom
16538,3,257.0,35,399.62,133.21,2010-06-16 16:59:00,541,United Kingdom
13252,2,134.0,19,399.3,199.65,2010-11-10 16:00:00,394,United Kingdom
15522,2,573.0,47,398.84,199.42,2011-11-07 11:26:00,32,United Kingdom
17830,3,92.0,18,398.7,132.9,2011-12-08 12:28:00,1,United Kingdom
12508,2,272.0,57,398.27,199.14,2011-11-13 15:37:00,26,France
13352,1,321.0,24,397.98,397.98,2011-10-10 13:55:00,60,United Kingdom
15577,5,121.0,58,397.98,79.6,2011-07-11 17:03:00,151,United Kingdom
15429,2,380.0,77,397.35,198.68,2011-11-13 12:28:00,26,United Kingdom
17789,2,199.0,27,397.15,198.58,2011-03-03 13:14:00,281,United Kingdom
12824,1,232.0,25,397.12,397.12,2011-10-11 12:49:00,59,United Kingdom
13673,2,119.0,47,396.92,198.46,2011-11-21 12:11:00,18,United Kingdom
17486,1,191.0,24,396.87,396.87,2011-03-23 14:00:00,261,United Kingdom
13597,2,231.0,17,396.71,198.36,2010-11-04 14:54:00,400,United Kingdom
15883,2,223.0,42,396.48,198.24,2011-12-07 17:05:00,2,United Kingdom
17918,3,352.0,34,396.39,132.13,2010-07-27 11:51:00,500,United Kingdom
18067,1,189.0,36,396.33,396.33,2011-10-30 15:58:00,40,United Kingdom
13879,1,204.0,25,395.5,395.5,2010-03-04 10:49:00,645,United Kingdom
17286,3,371.0,89,395.48,131.83,2011-11-18 12:47:00,21,United Kingdom
13083,3,307.0,19,395.43,131.81,2011-12-05 15:01:00,4,United Kingdom
17617,1,255.0,18,395.33,395.33,2010-05-30 12:48:00,558,United Kingdom
12677,2,176.0,13,395.1,197.55,2010-06-02 14:30:00,555,France
16207,1,140.0,19,394.38,394.38,2011-11-14 13:51:00,25,United Kingdom
15386,1,446.0,31,394.14,394.14,2011-06-06 13:47:00,186,United Kingdom
12499,1,302.0,27,393.72,393.72,2010-05-28 15:12:00,560,Germany
17300,2,467.0,37,393.64,196.82,2010-11-14 10:56:00,390,United Kingdom
15345,1,81.0,20,393.54,393.54,2011-10-25 11:28:00,45,United Kingdom
15437,2,177.0,56,393.45,196.73,2011-03-22 13:11:00,262,United Kingdom
16868,3,116.0,47,393.39,131.13,2010-11-10 13:17:00,394,United Kingdom
13584,3,363.0,74,392.45,130.82,2011-02-06 12:49:00,306,United Kingdom
17563,2,256.0,27,392.38,196.19,2010-05-10 14:54:00,578,United Kingdom
16827,5,125.0,10,392.13,78.43,2010-11-11 14:04:00,393,United Kingdom
16783,1,163.0,25,391.95,391.95,2010-09-29 11:53:00,436,United Kingdom
13966,1,772.0,21,390.86,390.86,2010-09-30 13:08:00,435,United Kingdom
14072,1,65.0,19,390.85,390.85,2010-02-11 12:31:00,666,United Kingdom
14706,1,263.0,25,390.69,390.69,2010-03-31 11:09:00,618,United Kingdom
17753,4,128.0,63,390.56,97.64,2010-09-01 15:49:00,464,United Kingdom
17614,1,238.0,97,390.07,390.07,2011-10-13 16:01:00,57,United Kingdom
14197,1,143.0,20,390.05,390.05,2010-10-25 10:01:00,410,United Kingdom
17936,1,262.0,68,389.84,389.84,2011-12-04 13:32:00,5,United Kingdom
17116,1,392.0,47,389.78,389.78,2010-03-01 16:29:00,648,United Kingdom
18024,2,184.0,21,389.78,194.89,2011-07-10 12:40:00,152,United Kingdom
14752,1,260.0,5,389.64,389.64,2011-10-27 11:55:00,43,United Kingdom
13345,1,141.0,20,389.5,389.5,2011-02-25 09:01:00,287,United Kingdom
17479,1,266.0,18,389.26,389.26,2010-03-17 09:26:00,632,United Kingdom
12690,1,106.0,16,389.01,389.01,2011-05-18 09:09:00,205,France
17595,2,229.0,68,388.79,194.39,2011-11-27 16:08:00,12,United Kingdom
18227,2,22.0,6,388.75,194.38,2011-05-06 12:23:00,217,United Kingdom
15592,1,354.0,24,388.58,388.58,2011-10-24 08:59:00,46,United Kingdom
13896,1,149.0,21,388.55,388.55,2010-03-24 08:55:00,625,United Kingdom
13899,2,156.0,19,388.52,194.26,2011-11-23 13:40:00,16,United Kingdom
17357,2,153.0,41,388.14,194.07,2011-11-15 16:30:00,24,United Kingdom
17771,4,373.0,63,387.41,96.85,2011-10-14 11:43:00,56,United Kingdom
16148,2,250.0,9,386.62,193.31,2011-02-16 14:01:00,296,United Kingdom
14779,3,84.0,40,386.15,128.72,2011-03-04 12:42:00,280,United Kingdom
16492,1,235.0,23,385.56,385.56,2010-06-17 08:20:00,540,United Kingdom
12973,1,31.0,6,385.55,385.55,2010-10-22 10:14:00,413,United Kingdom
12889,4,124.0,25,385.46,96.37,2010-11-23 16:08:00,381,United Kingdom
12829,3,550.0,17,385.3,128.43,2011-01-07 11:13:00,336,United Kingdom
17804,3,195.0,82,385.23,128.41,2010-11-28 14:01:00,376,United Kingdom
14826,2,152.0,10,385.2,192.6,2010-05-07 09:00:00,581,United Kingdom
17711,2,246.0,22,385.1,192.55,2011-11-29 11:40:00,10,United Kingdom
17772,3,122.0,94,384.77,128.26,2011-11-29 11:05:00,10,United Kingdom
17171,2,225.0,25,384.59,192.3,2011-02-23 16:37:00,289,United Kingdom
16433,2,214.0,33,384.52,192.26,2011-11-11 14:09:00,28,United Kingdom
17250,2,168.0,55,384.52,192.26,2011-12-06 12:15:00,3,United Kingdom
17012,1,268.0,34,384.16,384.16,2009-12-14 17:34:00,725,United Kingdom
16982,1,182.0,22,384.06,384.06,2011-10-10 12:28:00,60,United Kingdom
14598,2,354.0,83,384.04,192.02,2011-10-26 13:19:00,44,United Kingdom
15155,1,192.0,24,383.97,383.97,2010-11-21 12:59:00,383,United Kingdom
13792,3,156.0,23,383.95,127.98,2011-10-04 14:31:00,66,United Kingdom
12515,1,131.0,16,383.7,383.7,2010-12-21 15:43:00,353,Italy
15440,3,197.0,50,383.68,127.89,2011-10-16 12:16:00,54,United Kingdom
12547,3,309.0,13,383.58,127.86,2011-05-26 12:38:00,197,Spain
12832,2,195.0,27,383.03,191.52,2011-11-07 13:30:00,32,United Kingdom
13817,2,211.0,20,382.98,191.49,2011-11-10 17:49:00,29,Germany
14767,1,117.0,18,382.81,382.81,2010-08-22 14:54:00,474,United Kingdom
17568,1,283.0,61,382.79,382.79,2010-03-16 16:45:00,633,United Kingdom
16988,2,158.0,20,382.67,191.34,2011-12-04 16:02:00,5,United Kingdom
13997,3,146.0,36,382.31,127.44,2010-07-08 18:06:00,519,United Kingdom
13657,2,209.0,16,382.14,191.07,2011-11-29 12:32:00,10,United Kingdom
14908,2,182.0,14,381.9,190.95,2011-09-26 12:56:00,74,United Kingdom
16304,1,228.0,25,381.66,381.66,2010-01-14 08:30:00,694,United Kingdom
15090,1,208.0,23,381.32,381.32,2011-02-04 14:03:00,308,United Kingdom
17393,2,238.0,45,381.15,190.57,2010-10-25 11:10:00,410,United Kingdom
17903,1,142.0,44,381.09,381.09,2010-11-10 15:39:00,394,United Kingdom
12796,1,182.0,7,381.0,381.0,2010-03-21 15:49:00,628,Netherlands
17573,3,308.0,24,380.6,126.87,2011-11-10 13:01:00,29,United Kingdom
16930,3,341.0,47,380.55,126.85,2011-11-13 16:13:00,26,United Kingdom
14731,3,256.0,38,380.02,126.67,2011-10-23 15:54:00,47,United Kingdom
16577,1,142.0,23,380.0,380.0,2010-02-11 09:45:00,666,United Kingdom
17783,3,439.0,91,379.91,126.64,2011-09-28 16:07:00,72,United Kingdom
14200,1,140.0,21,379.2,379.2,2010-04-01 13:01:00,617,United Kingdom
18162,1,335.0,45,379.16,379.16,2009-12-07 13:24:00,732,United Kingdom
16909,1,436.0,18,379.14,379.14,2011-09-28 16:45:00,72,United Kingdom
13372,1,159.0,23,378.64,378.64,2011-09-11 12:46:00,89,United Kingdom
17078,2,788.0,28,378.2,189.1,2011-11-03 19:17:00,36,United Kingdom
12651,4,265.0,30,377.75,94.44,2011-01-09 12:46:00,334,France
12941,1,381.0,27,377.49,377.49,2009-12-15 13:12:00,724,United Kingdom
17736,3,238.0,24,377.44,125.81,2011-11-30 15:36:00,9,United Kingdom
17717,1,344.0,26,376.92,376.92,2010-10-14 12:54:00,421,United Kingdom
16544,4,150.0,8,376.7,94.18,2010-07-08 11:11:00,519,United Kingdom
17489,2,428.0,28,376.64,188.32,2011-10-12 08:56:00,58,United Kingdom
14353,3,344.0,18,376.5,125.5,2011-05-08 16:06:00,215,United Kingdom
14531,1,260.0,29,376.34,376.34,2010-08-17 10:16:00,479,United Kingdom
13688,1,130.0,5,375.5,375.5,2010-03-14 14:11:00,635,United Kingdom
17912,6,216.0,48,375.5,62.58,2011-02-02 14:25:00,310,United Kingdom
14448,2,104.0,20,375.35,187.68,2011-11-30 13:50:00,9,United Kingdom
14294,1,190.0,23,375.34,375.34,2010-10-28 16:25:00,407,United Kingdom
17810,2,119.0,51,374.81,187.4,2010-02-09 10:47:00,668,United Kingdom
14067,2,361.0,51,374.7,187.35,2011-10-07 10:21:00,63,United Kingdom
13545,2,257.0,54,374.64,187.32,2010-11-14 11:27:00,390,United Kingdom
13351,1,117.0,16,373.94,373.94,2011-10-04 12:55:00,66,United Kingdom
13283,4,204.0,19,373.36,93.34,2011-10-11 09:50:00,59,United Kingdom
17437,1,284.0,52,373.17,373.17,2010-06-28 11:11:00,529,United Kingdom
15337,1,200.0,21,373.02,373.02,2010-10-24 15:29:00,411,United Kingdom
13197,1,204.0,19,373.01,373.01,2010-04-09 09:14:00,609,United Kingdom
14981,2,241.0,20,372.92,186.46,2011-04-07 13:45:00,246,United Kingdom
12895,2,210.0,22,372.8,186.4,2011-10-28 13:51:00,42,United Kingdom
12544,1,136.0,19,372.7,372.7,2011-11-03 16:15:00,36,Spain
15989,2,171.0,81,372.51,186.26,2010-11-29 12:03:00,375,United Kingdom
12981,2,242.0,12,372.22,186.11,2011-11-10 12:00:00,29,United Kingdom
13164,2,120.0,7,372.2,186.1,2010-05-19 13:52:00,569,United Kingdom
17245,2,307.0,24,371.63,185.82,2011-05-19 10:43:00,204,United Kingdom
18155,3,266.0,19,371.62,123.87,2011-09-25 13:32:00,75,United Kingdom
15472,1,251.0,76,371.56,371.56,2011-08-18 15:17:00,113,United Kingdom
14950,1,136.0,19,371.2,371.2,2011-11-20 13:48:00,19,United Kingdom
15975,1,243.0,24,371.01,371.01,2011-09-16 13:33:00,84,United Kingdom
15063,1,56.0,5,370.8,370.8,2011-05-10 13:25:00,213,United Kingdom
15765,1,335.0,25,370.63,370.63,2010-02-11 10:25:00,666,United Kingdom
14168,2,147.0,11,370.45,185.23,2010-10-15 10:49:00,420,United Kingdom
15458,2,300.0,13,370.44,185.22,2011-11-14 13:08:00,25,United Kingdom
17792,2,151.0,45,370.05,185.02,2010-08-29 14:30:00,467,United Kingdom
16758,1,203.0,22,369.34,369.34,2011-10-05 14:47:00,65,United Kingdom
14888,1,184.0,20,369.2,369.2,2011-05-16 14:58:00,207,United Kingdom
15477,1,216.0,2,368.4,368.4,2010-02-28 10:37:00,649,United Kingdom
16448,2,179.0,45,367.87,183.94,2011-05-25 16:28:00,198,United Kingdom
14018,1,224.0,13,367.15,367.15,2010-03-04 14:23:00,645,United Kingdom
13187,4,375.0,51,367.01,91.75,2011-01-06 18:57:00,337,United Kingdom
14962,4,123.0,14,366.91,91.73,2011-03-14 09:42:00,270,United Kingdom
14244,1,814.0,16,366.42,366.42,2010-02-17 11:40:00,660,United Kingdom
12899,1,108.0,17,366.4,366.4,2010-10-22 09:53:00,413,United Kingdom
17911,1,223.0,39,366.23,366.23,2011-11-30 14:52:00,9,United Kingdom
16974,2,70.0,5,365.5,182.75,2010-07-05 10:18:00,522,United Kingdom
15029,1,234.0,10,365.1,365.1,2010-03-30 12:16:00,619,United Kingdom
17536,3,201.0,16,364.83,121.61,2011-06-15 13:23:00,177,United Kingdom
14886,1,160.0,18,364.8,364.8,2011-04-01 08:56:00,252,United Kingdom
15949,2,284.0,12,364.72,182.36,2011-11-23 09:09:00,16,United Kingdom
15343,1,84.0,21,364.5,364.5,2011-09-13 13:55:00,87,United Kingdom
14528,1,278.0,18,364.22,364.22,2011-11-02 17:09:00,37,United Kingdom
16509,1,64.0,13,363.7,363.7,2011-02-16 09:25:00,296,United Kingdom
14253,2,88.0,11,363.4,181.7,2010-08-03 14:55:00,493,United Kingdom
16078,2,200.0,39,362.99,181.5,2011-03-01 09:47:00,283,United Kingdom
16378,3,267.0,22,362.95,120.98,2011-04-06 15:07:00,247,United Kingdom
13962,3,160.0,23,362.8,120.93,2011-11-18 08:47:00,21,United Kingdom
14840,2,179.0,20,362.71,181.36,2011-03-17 12:00:00,267,United Kingdom
14122,3,114.0,12,362.42,120.81,2010-10-29 15:11:00,406,United Kingdom
17339,3,188.0,10,362.36,120.79,2011-09-06 13:29:00,94,United Kingdom
18119,1,250.0,29,362.24,362.24,2010-12-07 11:59:00,367,United Kingdom
16052,1,282.0,34,362.06,362.06,2011-10-16 15:13:00,54,United Kingdom
16259,3,162.0,75,361.94,120.65,2010-10-25 14:27:00,410,United Kingdom
13844,1,196.0,20,361.62,361.62,2011-11-28 13:21:00,11,United Kingdom
16305,1,256.0,22,361.22,361.22,2011-07-24 12:18:00,138,United Kingdom
13274,1,199.0,19,360.85,360.85,2010-10-26 13:48:00,409,United Kingdom
18091,1,539.0,25,360.85,360.85,2010-04-25 13:18:00,593,United Kingdom
17945,3,244.0,66,360.35,120.12,2010-01-12 11:40:00,696,United Kingdom
18208,1,82.0,17,360.08,360.08,2010-05-23 11:54:00,565,United Kingdom
13298,1,96.0,2,360.0,360.0,2011-12-08 13:11:00,1,United Kingdom
15008,2,1500.0,6,360.0,180.0,2010-08-16 13:09:00,480,United Kingdom
13181,1,171.0,19,359.69,359.69,2010-11-23 15:05:00,381,United Kingdom
17660,2,268.0,75,359.47,179.73,2011-07-21 13:37:00,141,United Kingdom
14926,2,204.0,2,359.4,179.7,2010-11-23 07:13:00,381,United Kingdom
14919,1,129.0,13,359.35,359.35,2010-06-18 13:06:00,539,United Kingdom
15120,1,296.0,21,358.82,358.82,2011-07-29 09:48:00,133,United Kingdom
15863,5,164.0,74,358.7,71.74,2011-11-14 12:49:00,25,United Kingdom
18003,1,299.0,23,358.61,358.61,2010-11-28 15:09:00,376,United Kingdom
17948,1,144.0,1,358.56,358.56,2011-07-15 12:58:00,147,United Kingdom
16856,3,171.0,16,358.49,119.5,2011-11-25 08:59:00,14,United Kingdom
17748,1,111.0,17,358.15,358.15,2010-06-30 13:49:00,527,United Kingdom
13228,1,200.0,2,358.0,358.0,2011-09-19 14:28:00,81,United Kingdom
16606,2,148.0,16,357.66,178.83,2010-10-31 13:57:00,404,United Kingdom
15595,1,144.0,4,357.6,357.6,2010-08-09 12:27:00,487,United Kingdom
12495,1,130.0,17,357.4,357.4,2010-03-09 10:53:00,640,Sweden
17967,2,198.0,59,357.29,178.65,2010-12-03 11:19:00,371,United Kingdom
16971,1,72.0,40,357.21,357.21,2011-11-01 15:06:00,38,United Kingdom
18040,2,148.0,18,357.2,178.6,2011-11-20 14:20:00,19,United Kingdom
18273,4,140.0,1,357.0,89.25,2011-12-07 13:16:00,2,United Kingdom
13234,2,162.0,56,356.95,178.47,2010-02-05 11:41:00,672,United Kingdom
14500,3,117.0,6,356.85,118.95,2011-09-12 16:45:00,88,United Kingdom
17200,4,367.0,25,356.71,89.18,2010-11-17 13:04:00,387,United Kingdom
15840,2,396.0,26,355.56,177.78,2011-10-12 09:08:00,58,United Kingdom
12617,1,213.0,39,355.53,355.53,2011-11-10 14:39:00,29,France
12996,1,122.0,22,355.5,355.5,2010-11-29 09:27:00,375,United Kingdom
16920,1,81.0,23,355.45,355.45,2010-10-24 14:07:00,411,United Kingdom
14268,1,147.0,19,354.85,354.85,2010-08-26 10:45:00,470,United Kingdom
15986,2,368.0,25,354.42,177.21,2011-11-09 15:17:00,30,United Kingdom
12888,2,76.0,4,354.12,177.06,2011-05-09 16:02:00,214,United Kingdom
12845,4,204.0,26,354.09,88.52,2011-03-17 13:34:00,267,United Kingdom
12715,1,197.0,20,353.86,353.86,2011-08-25 15:22:00,106,Sweden
17252,2,193.0,86,353.86,176.93,2011-08-15 09:45:00,116,United Kingdom
16323,2,146.0,4,353.66,176.83,2011-05-27 14:48:00,196,United Kingdom
13210,1,316.0,22,353.48,353.48,2011-09-07 08:18:00,93,United Kingdom
13343,1,135.0,19,353.43,353.43,2011-06-15 12:24:00,177,United Kingdom
14804,1,121.0,12,353.27,353.27,2011-12-01 11:20:00,8,United Kingdom
16382,2,167.0,42,353.1,176.55,2010-10-27 16:23:00,408,United Kingdom
16690,4,209.0,12,353.03,88.26,2011-09-28 15:02:00,72,United Kingdom
17780,3,158.0,76,352.91,117.64,2010-02-10 13:43:00,667,United Kingdom
17196,1,168.0,84,352.9,352.9,2010-10-08 11:31:00,427,United Kingdom
13765,1,297.0,17,352.82,352.82,2010-02-24 13:46:00,653,United Kingdom
16857,1,168.0,11,352.8,352.8,2010-09-23 10:49:00,442,United Kingdom
15334,3,274.0,67,351.67,117.22,2011-07-06 11:22:00,156,United Kingdom
12566,1,265.0,19,351.65,351.65,2011-09-14 14:30:00,86,Germany
16192,1,208.0,11,351.3,351.3,2009-12-04 12:28:00,735,United Kingdom
13923,1,185.0,20,351.13,351.13,2011-10-17 12:33:00,53,United Kingdom
16263,1,200.0,19,351.01,351.01,2010-10-12 14:52:00,423,United Kingdom
14252,1,111.0,10,350.99,350.99,2010-11-23 13:36:00,381,United Kingdom
13332,1,179.0,21,350.9,350.9,2011-11-25 13:30:00,14,United Kingdom
13281,1,201.0,22,350.85,350.85,2010-09-26 16:03:00,439,United Kingdom
17835,3,348.0,45,350.64,116.88,2011-12-07 11:48:00,2,United Kingdom
17795,2,341.0,43,350.39,175.2,2011-06-13 12:36:00,179,United Kingdom
16476,1,187.0,24,350.35,350.35,2010-10-04 10:29:00,431,United Kingdom
12532,1,153.0,16,349.83,349.83,2011-11-09 13:47:00,30,France
13670,1,282.0,25,349.7,349.7,2011-09-25 15:25:00,75,United Kingdom
13887,1,147.0,19,349.55,349.55,2011-05-19 17:22:00,204,United Kingdom
13550,1,454.0,40,349.51,349.51,2010-11-21 15:24:00,383,United Kingdom
18090,1,321.0,47,349.4,349.4,2010-10-14 12:32:00,421,United Kingdom
18250,1,199.0,21,349.27,349.27,2011-02-02 13:16:00,310,United Kingdom
14545,1,236.0,23,349.25,349.25,2010-02-03 15:23:00,674,United Kingdom
13790,1,748.0,45,348.8,348.8,2011-12-05 15:48:00,4,United Kingdom
17577,2,179.0,20,348.75,174.37,2010-03-04 13:01:00,645,United Kingdom
15282,1,395.0,27,348.59,348.59,2010-05-18 16:27:00,570,United Kingdom
12760,1,198.0,21,347.8,347.8,2010-09-10 08:50:00,455,Netherlands
17668,2,93.0,14,347.75,173.88,2011-12-08 13:25:00,1,United Kingdom
15085,1,169.0,9,347.54,347.54,2009-12-10 11:47:00,729,United Kingdom
16006,2,211.0,75,347.17,173.58,2011-05-12 13:12:00,211,United Kingdom
12441,1,242.0,11,347.1,347.1,2010-12-08 10:45:00,366,France
13062,1,343.0,11,346.98,346.98,2011-06-01 15:12:00,191,United Kingdom
12411,1,138.0,22,346.9,346.9,2010-10-26 09:25:00,409,Australia
16423,1,230.0,18,346.12,346.12,2011-11-15 09:21:00,24,United Kingdom
15781,3,180.0,20,345.46,115.15,2011-11-14 14:57:00,25,United Kingdom
14724,1,187.0,40,345.25,345.25,2010-04-28 13:26:00,590,United Kingdom
13774,1,192.0,22,345.0,345.0,2011-09-19 12:06:00,81,United Kingdom
14633,1,96.0,20,344.9,344.9,2011-03-18 17:07:00,266,United Kingdom
18199,1,99.0,20,344.75,344.75,2010-01-25 11:32:00,683,United Kingdom
15519,2,116.0,34,344.61,172.31,2010-11-21 14:35:00,383,United Kingdom
17569,1,159.0,29,344.14,344.14,2011-01-11 14:15:00,332,United Kingdom
13068,2,200.0,1,344.0,172.0,2011-11-29 15:00:00,10,United Kingdom
16990,2,200.0,1,344.0,172.0,2011-05-05 08:30:00,218,United Kingdom
15047,1,222.0,22,343.62,343.62,2011-03-15 10:49:00,269,United Kingdom
15520,1,314.0,18,343.5,343.5,2011-12-08 10:58:00,1,United Kingdom
18081,3,195.0,14,343.45,114.48,2011-11-03 16:30:00,36,United Kingdom
13519,2,133.0,19,343.21,171.61,2011-09-22 18:24:00,78,United Kingdom
18047,2,138.0,74,342.69,171.34,2010-11-23 13:11:00,381,United Kingdom
16851,3,271.0,17,342.45,114.15,2011-12-05 13:32:00,4,United Kingdom
14989,1,200.0,18,342.4,342.4,2010-02-16 10:40:00,661,United Kingdom
17833,1,145.0,28,342.36,342.36,2009-12-16 13:40:00,723,United Kingdom
16826,1,158.0,22,341.7,341.7,2011-10-19 14:05:00,51,United Kingdom
17542,3,324.0,57,341.7,113.9,2011-03-15 11:45:00,269,United Kingdom
16585,2,151.0,16,341.59,170.8,2010-04-25 10:34:00,593,United Kingdom
13347,1,205.0,8,341.36,341.36,2011-09-30 13:28:00,70,United Kingdom
17917,3,187.0,77,341.28,113.76,2011-10-25 13:20:00,45,United Kingdom
17928,3,222.0,27,341.24,113.75,2011-10-25 13:52:00,45,United Kingdom
16044,1,170.0,19,340.84,340.84,2010-09-30 18:12:00,435,United Kingdom
15818,1,284.0,11,340.5,340.5,2010-04-30 12:58:00,588,United Kingdom
12900,1,139.0,13,340.33,340.33,2010-10-13 15:17:00,422,United Kingdom
12698,1,111.0,16,339.75,339.75,2010-04-28 15:51:00,590,Germany
13737,1,125.0,29,339.6,339.6,2011-05-23 16:32:00,200,United Kingdom
14203,1,80.0,16,339.34,339.34,2010-11-07 13:35:00,397,United Kingdom
17697,1,93.0,19,338.95,338.95,2011-04-17 15:40:00,236,United Kingdom
17839,1,285.0,50,338.8,338.8,2011-10-28 17:27:00,42,United Kingdom
14630,1,111.0,21,338.65,338.65,2010-08-12 16:38:00,484,United Kingdom
17776,2,277.0,74,338.56,169.28,2010-11-18 12:14:00,386,United Kingdom
14799,2,495.0,20,338.15,169.08,2011-10-19 16:16:00,51,United Kingdom
17296,1,216.0,32,338.13,338.13,2009-12-09 14:01:00,730,United Kingdom
12869,1,144.0,35,337.67,337.67,2010-01-27 12:10:00,681,United Kingdom
15942,1,232.0,14,337.44,337.44,2011-07-29 09:01:00,133,United Kingdom
12780,1,285.0,20,337.4,337.4,2010-04-20 09:40:00,598,Netherlands
13930,2,274.0,15,337.34,168.67,2011-10-13 09:45:00,57,United Kingdom
18269,1,152.0,7,337.2,337.2,2010-12-08 13:53:00,366,United Kingdom
17973,1,176.0,15,337.04,337.04,2011-10-19 10:34:00,51,United Kingdom
17488,1,136.0,18,336.5,336.5,2010-03-08 14:07:00,641,United Kingdom
17914,1,473.0,72,336.43,336.43,2011-12-06 11:58:00,3,United Kingdom
15619,1,136.0,3,336.4,336.4,2011-11-29 08:14:00,10,United Kingdom
13482,2,187.0,20,336.09,168.05,2011-04-21 17:03:00,232,United Kingdom
16273,2,46.0,15,336.04,168.02,2010-03-01 13:24:00,648,United Kingdom
14196,1,142.0,6,335.52,335.52,2011-08-25 10:25:00,106,United Kingdom
16063,1,262.0,23,335.32,335.32,2011-03-24 14:56:00,260,United Kingdom
14094,1,177.0,41,335.22,335.22,2010-09-26 11:58:00,439,United Kingdom
12489,1,105.0,15,334.93,334.93,2011-01-07 13:13:00,336,France
17821,1,162.0,6,334.62,334.62,2010-10-29 13:20:00,406,United Kingdom
12350,1,197.0,17,334.4,334.4,2011-02-02 16:01:00,310,Norway
17607,1,269.0,22,333.81,333.81,2010-11-28 13:11:00,376,United Kingdom
13216,1,297.0,5,333.74,333.74,2011-03-17 12:18:00,267,United Kingdom
14241,2,242.0,12,333.7,166.85,2011-06-09 11:46:00,183,United Kingdom
14957,2,105.0,27,333.29,166.64,2011-03-31 17:59:00,253,United Kingdom
16234,3,170.0,13,333.18,111.06,2010-08-20 14:33:00,476,United Kingdom
14137,1,462.0,11,332.7,332.7,2010-01-13 12:30:00,695,United Kingdom
13904,2,332.0,24,332.64,166.32,2011-11-02 13:41:00,37,United Kingdom
16850,1,249.0,19,332.41,332.41,2011-01-10 11:09:00,333,United Kingdom
16803,1,245.0,24,332.3,332.3,2011-10-05 14:28:00,65,United Kingdom
16452,2,199.0,14,332.17,166.08,2010-03-19 12:39:00,630,United Kingdom
17647,3,82.0,12,331.66,110.55,2011-10-05 15:38:00,65,United Kingdom
15512,4,235.0,29,331.58,82.9,2011-07-07 10:20:00,155,United Kingdom
17435,1,195.0,15,331.35,331.35,2010-10-24 13:55:00,411,United Kingdom
16030,1,283.0,28,331.24,331.24,2011-02-03 11:28:00,309,United Kingdom
13981,1,234.0,22,331.14,331.14,2010-10-20 10:03:00,415,United Kingdom
16478,3,224.0,15,331.0,110.33,2011-11-14 15:51:00,25,United Kingdom
15878,2,243.0,47,330.77,165.39,2010-05-27 12:17:00,561,United Kingdom
17309,3,193.0,33,330.59,110.2,2011-09-05 15:20:00,95,United Kingdom
14517,2,91.0,17,330.45,165.23,2011-11-06 14:20:00,33,United Kingdom
17301,2,229.0,107,330.43,165.22,2011-11-18 13:43:00,21,United Kingdom
12807,1,145.0,16,330.35,330.35,2010-11-21 14:21:00,383,Sweden
13010,2,323.0,10,330.12,165.06,2010-11-30 15:09:00,374,United Kingdom
15130,1,197.0,22,330.11,330.11,2011-06-23 10:15:00,169,United Kingdom
12850,1,200.0,2,330.0,330.0,2010-09-20 12:26:00,445,United Kingdom
18186,1,338.0,11,329.58,329.58,2009-12-17 10:22:00,722,United Kingdom
17518,2,267.0,71,329.42,164.71,2010-10-10 12:40:00,425,United Kingdom
16436,3,239.0,37,329.34,109.78,2010-02-09 13:19:00,668,United Kingdom
17154,1,490.0,23,329.34,329.34,2011-09-25 13:42:00,75,United Kingdom
15153,1,198.0,22,329.25,329.25,2011-11-08 17:09:00,31,United Kingdom
15979,1,450.0,22,329.22,329.22,2010-04-16 11:35:00,602,United Kingdom
16286,2,101.0,17,328.95,164.48,2010-08-19 14:48:00,477,United Kingdom
14012,1,160.0,11,328.8,328.8,2011-03-07 12:26:00,277,United Kingdom
16855,2,164.0,19,328.4,164.2,2011-11-16 12:03:00,23,United Kingdom
15213,2,272.0,22,328.35,164.17,2011-01-25 12:21:00,318,United Kingdom
14747,1,84.0,18,328.2,328.2,2011-04-04 14:09:00,249,United Kingdom
16318,1,199.0,19,328.15,328.15,2011-11-04 13:05:00,35,United Kingdom
15709,2,169.0,26,327.85,163.92,2011-03-01 10:38:00,283,United Kingdom
15735,1,206.0,19,327.68,327.68,2010-10-14 13:38:00,421,United Kingdom
13498,1,362.0,17,327.38,327.38,2009-12-09 15:26:00,730,United Kingdom
12804,2,271.0,60,327.02,163.51,2010-08-31 11:58:00,465,Netherlands
16322,2,231.0,28,326.75,163.38,2011-12-08 15:41:00,1,United Kingdom
12460,1,170.0,18,326.65,326.65,2010-09-09 13:51:00,456,Belgium
14070,1,86.0,40,326.55,326.55,2010-01-24 12:27:00,684,United Kingdom
13646,2,79.0,58,326.25,163.12,2010-11-05 12:13:00,399,United Kingdom
17843,2,276.0,58,326.23,163.12,2011-02-09 15:33:00,303,United Kingdom
17439,1,370.0,8,325.74,325.74,2010-02-22 12:48:00,655,United Kingdom
13661,1,118.0,17,325.24,325.24,2010-04-15 14:58:00,603,United Kingdom
15670,2,132.0,19,325.2,162.6,2011-02-16 10:50:00,296,United Kingdom
13801,1,168.0,23,324.8,324.8,2011-10-04 10:15:00,66,United Kingdom
15982,1,131.0,45,324.51,324.51,2010-04-13 15:47:00,605,United Kingdom
12946,1,149.0,20,324.45,324.45,2010-09-29 10:14:00,436,United Kingdom
16685,2,396.0,60,324.24,162.12,2011-10-09 13:58:00,61,United Kingdom
18261,2,146.0,19,324.24,162.12,2011-10-27 15:36:00,43,United Kingdom
13834,2,221.0,15,324.19,162.1,2010-05-12 10:27:00,576,United Kingdom
15869,3,274.0,29,323.66,107.89,2011-03-07 17:23:00,277,United Kingdom
17440,4,282.0,4,323.58,80.9,2011-07-06 11:54:00,156,United Kingdom
13025,1,241.0,13,323.39,323.39,2009-12-08 10:02:00,731,United Kingdom
16195,1,123.0,16,323.25,323.25,2009-12-16 14:09:00,723,United Kingdom
17793,1,232.0,49,323.04,323.04,2011-11-14 14:24:00,25,United Kingdom
14263,1,171.0,16,322.93,322.93,2010-10-12 14:09:00,423,United Kingdom
16627,1,162.0,20,322.8,322.8,2011-09-21 14:38:00,79,United Kingdom
14832,1,1.0,1,322.69,322.69,2010-03-19 15:14:00,630,United Kingdom
16342,4,157.0,10,322.41,80.6,2011-09-25 14:36:00,75,United Kingdom
14424,1,48.0,1,322.08,322.08,2011-11-22 11:48:00,17,United Kingdom
17326,2,140.0,82,321.95,160.97,2010-10-27 15:38:00,408,United Kingdom
15726,1,123.0,23,321.91,321.91,2010-11-14 16:12:00,390,United Kingdom
13111,1,180.0,12,321.88,321.88,2009-12-21 09:00:00,718,United Kingdom
17471,1,153.0,19,321.65,321.65,2010-08-22 11:53:00,474,United Kingdom
15770,1,67.0,18,321.45,321.45,2010-04-06 11:47:00,612,United Kingdom
14823,3,88.0,56,321.43,107.14,2011-06-12 13:12:00,180,United Kingdom
17182,2,54.0,4,321.3,160.65,2010-10-13 10:09:00,422,United Kingdom
15236,1,269.0,15,321.05,321.05,2011-02-14 10:52:00,298,United Kingdom
15432,2,92.0,16,320.76,160.38,2011-11-16 16:30:00,23,United Kingdom
18117,1,618.0,68,320.72,320.72,2011-11-14 12:47:00,25,United Kingdom
14622,1,146.0,21,320.58,320.58,2011-06-08 12:42:00,184,United Kingdom
17991,3,100.0,37,320.55,106.85,2011-04-28 15:58:00,225,United Kingdom
13986,1,430.0,12,320.46,320.46,2011-11-22 15:00:00,17,United Kingdom
16683,1,190.0,18,320.25,320.25,2010-06-24 10:36:00,533,United Kingdom
13942,1,1000.0,1,320.0,320.0,2010-06-23 12:35:00,534,United Kingdom
13843,1,145.0,18,319.75,319.75,2010-11-23 17:48:00,381,United Kingdom
16674,2,188.0,89,319.61,159.81,2011-10-16 11:31:00,54,United Kingdom
16967,1,333.0,21,319.02,319.02,2011-06-03 14:24:00,189,United Kingdom
17229,2,185.0,39,318.76,159.38,2011-09-04 13:56:00,96,United Kingdom
15682,2,222.0,25,318.24,159.12,2010-04-19 15:30:00,599,United Kingdom
14703,1,183.0,22,318.17,318.17,2011-11-25 09:23:00,14,United Kingdom
18253,1,128.0,7,317.88,317.88,2010-03-07 12:38:00,642,United Kingdom
17267,2,159.0,37,317.62,158.81,2011-08-04 17:22:00,127,United Kingdom
15616,1,137.0,13,317.11,317.11,2010-09-27 13:10:00,438,United Kingdom
17689,2,300.0,17,317.08,158.54,2010-11-16 13:22:00,388,United Kingdom
16761,1,341.0,13,316.62,316.62,2011-09-04 11:15:00,96,United Kingdom
15204,1,258.0,9,316.58,316.58,2010-12-17 13:49:00,357,United Kingdom
12529,1,192.0,21,316.48,316.48,2010-06-29 13:10:00,528,France
13494,1,162.0,18,316.26,316.26,2011-02-01 11:58:00,311,United Kingdom
15196,2,131.0,34,316.25,158.13,2010-10-03 10:50:00,432,United Kingdom
17408,3,163.0,7,316.09,105.36,2011-06-29 12:53:00,163,United Kingdom
12614,1,76.0,20,315.6,315.6,2011-03-07 10:22:00,277,Germany
15042,2,238.0,9,315.45,157.73,2011-05-24 16:25:00,199,United Kingdom
16091,2,154.0,16,315.06,157.53,2011-07-08 08:45:00,154,United Kingdom
17121,1,106.0,12,314.74,314.74,2010-11-02 11:47:00,402,United Kingdom
14991,1,191.0,21,314.67,314.67,2010-10-05 13:01:00,430,United Kingdom
18206,1,246.0,19,314.66,314.66,2010-06-04 13:47:00,553,United Kingdom
13660,1,137.0,39,314.59,314.59,2010-11-04 16:10:00,400,United Kingdom
12650,1,254.0,20,314.44,314.44,2011-12-06 16:34:00,3,France
18070,1,86.0,9,314.1,314.1,2010-02-08 13:28:00,669,United Kingdom
15873,4,1152.0,3,313.92,78.48,2010-07-28 12:41:00,499,United Kingdom
13087,1,86.0,15,313.64,313.64,2009-12-13 15:16:00,726,United Kingdom
16582,1,164.0,6,313.62,313.62,2011-08-18 17:02:00,113,United Kingdom
12665,3,165.0,13,313.6,104.53,2011-01-19 08:34:00,324,Germany
17882,2,134.0,47,313.46,156.73,2010-11-25 14:40:00,379,United Kingdom
13845,1,182.0,9,312.98,312.98,2011-10-06 08:25:00,64,United Kingdom
15162,1,74.0,12,312.9,312.9,2009-12-08 13:14:00,731,United Kingdom
13905,1,135.0,12,312.65,312.65,2009-12-07 11:41:00,732,United Kingdom
15318,1,642.0,33,312.62,312.62,2011-12-06 11:30:00,3,United Kingdom
13226,2,179.0,28,312.46,156.23,2011-03-11 14:35:00,273,United Kingdom
12834,1,110.0,18,312.38,312.38,2011-03-02 09:49:00,282,United Kingdom
14951,1,311.0,20,311.69,311.69,2011-09-21 15:15:00,79,United Kingdom
12852,1,149.0,17,311.55,311.55,2011-02-18 08:47:00,294,United Kingdom
13990,1,190.0,16,311.3,311.3,2011-05-10 15:19:00,213,United Kingdom
12898,2,240.0,27,310.96,155.48,2010-09-02 08:08:00,463,United Kingdom
15724,3,117.0,17,310.85,103.62,2011-05-22 14:40:00,201,United Kingdom
13400,1,284.0,23,310.83,310.83,2010-05-06 09:00:00,582,United Kingdom
16328,1,141.0,16,310.83,310.83,2010-05-25 14:02:00,563,United Kingdom
13847,1,96.0,19,310.72,310.72,2009-12-20 10:41:00,719,United Kingdom
12738,1,296.0,11,310.7,310.7,2010-12-02 18:27:00,372,Germany
16439,1,74.0,9,310.7,310.7,2009-12-17 14:22:00,722,United Kingdom
15185,1,666.0,21,310.62,310.62,2011-09-30 14:06:00,70,United Kingdom
14848,1,260.0,11,310.56,310.56,2010-10-31 12:22:00,404,United Kingdom
14181,2,122.0,48,310.55,155.28,2010-10-25 08:27:00,410,United Kingdom
15308,1,175.0,19,310.47,310.47,2011-03-10 13:08:00,274,United Kingdom
15188,1,233.0,23,310.43,310.43,2009-12-14 13:30:00,725,United Kingdom
13315,1,232.0,22,310.26,310.26,2010-01-19 15:34:00,689,United Kingdom
14749,1,403.0,18,310.15,310.15,2010-08-17 12:36:00,479,United Kingdom
13628,1,106.0,16,310.14,310.14,2010-02-01 14:44:00,676,United Kingdom
17383,2,162.0,51,309.99,155.0,2011-12-05 17:36:00,4,United Kingdom
15699,1,113.0,18,309.65,309.65,2011-11-22 08:26:00,17,United Kingdom
16373,2,119.0,25,309.49,154.74,2010-11-22 15:50:00,382,United Kingdom
12884,1,43.0,7,309.05,309.05,2011-09-12 13:10:00,88,United Kingdom
15010,1,184.0,20,308.94,308.94,2011-11-04 12:42:00,35,United Kingdom
16956,1,114.0,16,308.74,308.74,2011-11-22 08:56:00,17,United Kingdom
16194,1,140.0,8,308.6,308.6,2010-11-29 13:28:00,375,United Kingdom
14927,1,196.0,20,308.2,308.2,2010-11-08 12:30:00,396,United Kingdom
16524,2,260.0,50,308.14,154.07,2010-09-19 13:37:00,446,United Kingdom
15302,1,102.0,15,308.0,308.0,2009-12-09 13:11:00,730,United Kingdom
13289,1,119.0,16,307.95,307.95,2009-12-16 11:53:00,723,United Kingdom
15778,1,101.0,17,307.95,307.95,2010-10-04 15:10:00,431,United Kingdom
16123,1,170.0,16,307.78,307.78,2011-10-19 09:18:00,51,United Kingdom
13529,2,74.0,15,307.76,153.88,2011-09-22 09:15:00,78,United Kingdom
15454,2,148.0,35,307.69,153.85,2010-12-12 14:21:00,362,United Kingdom
14777,1,212.0,16,307.56,307.56,2010-11-01 12:50:00,403,United Kingdom
13060,1,123.0,15,307.53,307.53,2011-03-31 11:37:00,253,United Kingdom
17120,1,120.0,18,307.46,307.46,2011-04-20 15:21:00,233,United Kingdom
13932,1,72.0,16,307.4,307.4,2011-02-18 12:02:00,294,United Kingdom
15374,2,290.0,8,307.32,153.66,2011-08-03 09:59:00,128,United Kingdom
14783,1,262.0,17,307.3,307.3,2010-02-18 16:16:00,659,United Kingdom
17721,1,107.0,11,307.21,307.21,2010-02-18 15:18:00,659,United Kingdom
13036,1,38.0,6,307.1,307.1,2010-01-24 11:35:00,684,United Kingdom
13142,1,258.0,23,307.09,307.09,2011-11-20 16:07:00,19,United Kingdom
15087,1,470.0,15,306.94,306.94,2011-03-03 10:34:00,281,United Kingdom
17551,1,150.0,39,306.84,306.84,2010-12-15 14:12:00,359,United Kingdom
16649,1,82.0,20,306.58,306.58,2010-07-07 15:41:00,520,United Kingdom
13718,2,173.0,9,306.55,153.28,2011-04-07 13:24:00,246,United Kingdom
18059,3,258.0,17,306.46,102.15,2011-11-16 16:49:00,23,United Kingdom
17077,1,36.0,1,306.0,306.0,2010-05-10 16:36:00,578,United Kingdom
15135,2,84.0,17,305.68,152.84,2011-04-14 19:16:00,239,United Kingdom
16796,1,186.0,18,305.62,305.62,2011-09-11 14:01:00,89,United Kingdom
16181,1,152.0,11,305.54,305.54,2011-09-27 13:38:00,73,United Kingdom
14990,2,130.0,41,305.42,152.71,2010-04-06 13:54:00,612,United Kingdom
13383,1,288.0,1,305.28,305.28,2010-06-14 11:45:00,543,United Kingdom
15893,1,288.0,1,305.28,305.28,2010-08-15 11:12:00,481,United Kingdom
13667,1,154.0,82,305.02,305.02,2011-07-13 15:42:00,149,United Kingdom
15163,2,186.0,29,304.47,152.24,2011-11-21 13:10:00,18,United Kingdom
14043,2,153.0,37,304.25,152.13,2010-08-05 18:18:00,491,United Kingdom
16217,2,91.0,13,304.25,152.13,2011-04-18 13:31:00,235,United Kingdom
18185,1,183.0,17,304.25,304.25,2011-04-04 13:42:00,249,United Kingdom
17688,1,114.0,19,304.2,304.2,2010-11-11 10:41:00,393,United Kingdom
16489,2,38.0,4,303.7,151.85,2010-11-24 14:40:00,380,United Kingdom
14791,1,127.0,19,303.63,303.63,2010-04-12 10:24:00,606,United Kingdom
14806,2,423.0,17,303.43,151.72,2011-09-25 15:32:00,75,United Kingdom
17207,1,241.0,55,303.22,303.22,2010-02-25 19:08:00,652,United Kingdom
18255,2,201.0,16,303.15,151.58,2011-09-11 13:16:00,89,United Kingdom
15060,4,263.0,81,303.09,75.77,2011-12-01 13:47:00,8,United Kingdom
16425,1,199.0,21,302.7,302.7,2011-02-10 14:30:00,302,United Kingdom
18165,1,254.0,10,302.46,302.46,2011-06-15 13:23:00,177,United Kingdom
17506,1,139.0,14,302.2,302.2,2011-09-25 11:39:00,75,United Kingdom
15054,2,198.0,105,302.1,151.05,2011-11-27 15:02:00,12,United Kingdom
15242,1,196.0,4,302.04,302.04,2010-10-13 15:33:00,422,United Kingdom
16297,1,206.0,20,301.9,301.9,2011-03-16 08:29:00,268,United Kingdom
13773,2,174.0,19,301.54,150.77,2010-11-08 11:49:00,396,United Kingdom
15667,1,240.0,13,301.32,301.32,2011-10-31 10:56:00,39,United Kingdom
15148,1,187.0,20,301.29,301.29,2011-11-29 08:21:00,10,United Kingdom
13625,1,144.0,21,301.26,301.26,2010-04-22 10:50:00,596,United Kingdom
16437,2,197.0,17,301.25,150.63,2010-11-23 16:59:00,381,United Kingdom
12351,1,261.0,21,300.93,300.93,2010-11-29 15:23:00,375,Unspecified
16479,2,102.0,35,300.83,150.42,2011-11-29 13:40:00,10,United Kingdom
16050,3,388.0,19,300.7,100.23,2011-06-19 11:44:00,173,United Kingdom
17556,2,184.0,13,300.67,150.34,2011-05-18 10:48:00,205,United Kingdom
14797,1,99.0,16,300.31,300.31,2010-07-20 14:07:00,507,United Kingdom
17766,2,155.0,21,299.61,149.8,2010-11-23 14:29:00,381,United Kingdom
12864,2,447.0,5,299.57,149.79,2011-07-24 13:03:00,138,United Kingdom
13346,6,180.0,4,299.4,49.9,2010-09-03 11:41:00,462,United Kingdom
17898,4,251.0,48,299.18,74.8,2011-09-15 14:56:00,85,United Kingdom
12595,1,271.0,19,299.02,299.02,2010-07-23 09:10:00,504,Germany
17124,1,130.0,31,298.89,298.89,2011-06-07 14:02:00,185,United Kingdom
15609,1,148.0,16,298.48,298.48,2011-06-08 13:00:00,184,United Kingdom
17824,1,408.0,13,298.4,298.4,2011-10-19 14:14:00,51,United Kingdom
12881,1,21.0,7,298.0,298.0,2011-03-09 11:44:00,275,United Kingdom
18018,4,186.0,43,297.99,74.5,2011-08-23 17:37:00,108,United Kingdom
14835,2,180.0,1,297.0,148.5,2010-06-29 10:08:00,528,United Kingdom
13708,1,306.0,49,296.88,296.88,2011-03-13 13:46:00,271,United Kingdom
14985,2,260.0,78,296.75,148.37,2011-05-25 14:29:00,198,United Kingdom
17627,1,676.0,10,296.36,296.36,2010-08-18 11:27:00,478,United Kingdom
13751,1,152.0,9,296.25,296.25,2011-02-24 15:56:00,288,United Kingdom
13504,1,178.0,22,295.93,295.93,2011-10-06 13:20:00,64,United Kingdom
15962,1,235.0,43,295.83,295.83,2010-09-16 13:48:00,449,United Kingdom
14269,1,123.0,16,295.73,295.73,2010-09-26 12:53:00,439,United Kingdom
14614,1,189.0,19,295.13,295.13,2010-11-18 13:04:00,386,United Kingdom
16252,1,158.0,21,295.09,295.09,2010-11-22 11:57:00,382,United Kingdom
16579,1,119.0,14,295.05,295.05,2010-10-10 11:58:00,425,United Kingdom
17057,1,129.0,48,294.74,294.74,2010-04-22 19:21:00,596,United Kingdom
15041,2,197.0,98,294.02,147.01,2011-06-22 16:16:00,170,United Kingdom
17927,1,108.0,10,294.0,294.0,2009-12-18 11:03:00,721,United Kingdom
15718,1,95.0,18,293.79,293.79,2010-06-17 16:20:00,540,United Kingdom
14192,1,218.0,14,293.74,293.74,2010-11-16 17:44:00,388,United Kingdom
15928,1,164.0,11,293.53,293.53,2010-02-21 15:16:00,656,United Kingdom
17710,1,158.0,20,293.5,293.5,2010-10-12 07:49:00,423,United Kingdom
17441,1,245.0,21,293.35,293.35,2009-12-07 13:32:00,732,United Kingdom
16721,1,172.0,37,292.47,292.47,2011-03-22 16:08:00,262,United Kingdom
16543,1,317.0,18,292.21,292.21,2010-04-27 11:38:00,591,United Kingdom
13739,2,76.0,6,292.2,146.1,2011-11-21 13:35:00,18,United Kingdom
13449,1,222.0,19,291.88,291.88,2011-11-16 08:28:00,23,United Kingdom
17907,1,1046.0,13,291.76,291.76,2010-03-09 12:33:00,640,United Kingdom
16615,1,211.0,19,291.5,291.5,2010-03-23 15:13:00,626,United Kingdom
18182,1,167.0,10,291.13,291.13,2010-09-02 14:25:00,463,United Kingdom
15391,1,109.0,12,289.87,289.87,2010-05-04 15:04:00,584,United Kingdom
16897,2,73.0,37,289.78,144.89,2011-02-13 15:02:00,299,United Kingdom
13796,1,218.0,22,289.7,289.7,2010-07-28 14:45:00,499,United Kingdom
14433,1,134.0,72,289.6,289.6,2010-08-31 12:35:00,465,United Kingdom
14162,2,142.0,25,289.36,144.68,2011-06-19 11:36:00,173,United Kingdom
17501,2,160.0,18,288.6,144.3,2011-05-03 09:47:00,220,United Kingdom
16808,2,196.0,21,288.42,144.21,2011-09-01 19:34:00,99,United Kingdom
13616,2,175.0,31,288.1,144.05,2010-05-20 12:59:00,568,United Kingdom
16432,1,276.0,8,287.4,287.4,2011-10-06 13:59:00,64,United Kingdom
17497,2,59.0,7,287.25,143.63,2010-11-14 14:17:00,390,United Kingdom
13508,2,180.0,27,287.05,143.52,2011-04-10 11:58:00,243,United Kingdom
13909,2,302.0,35,286.6,143.3,2010-10-12 17:22:00,423,United Kingdom
14183,2,61.0,27,286.29,143.14,2010-10-24 14:45:00,411,United Kingdom
14660,2,228.0,24,285.74,142.87,2011-09-14 11:34:00,86,United Kingdom
14402,1,240.0,8,285.6,285.6,2010-02-25 13:20:00,652,United Kingdom
17636,1,182.0,20,285.56,285.56,2011-11-20 14:40:00,19,United Kingdom
16890,3,243.0,17,285.41,95.14,2010-08-20 11:23:00,476,United Kingdom
12487,1,174.0,2,285.3,285.3,2009-12-09 11:36:00,730,Sweden
17355,1,257.0,28,285.11,285.11,2010-11-18 13:18:00,386,United Kingdom
16429,1,9.0,2,284.55,284.55,2011-08-25 13:54:00,106,United Kingdom
15445,2,118.0,12,284.5,142.25,2011-03-20 15:06:00,264,United Kingdom
17359,2,237.0,36,284.46,142.23,2011-11-28 14:37:00,11,United Kingdom
15354,3,3.0,1,284.4,94.8,2010-04-15 16:24:00,603,United Kingdom
12851,2,160.0,71,284.13,142.07,2011-09-04 12:41:00,96,United Kingdom
13121,1,252.0,50,283.73,283.73,2011-03-15 16:47:00,269,United Kingdom
15662,2,145.0,12,283.73,141.87,2010-02-16 16:47:00,661,United Kingdom
15338,1,150.0,56,283.43,283.43,2010-01-31 14:25:00,677,United Kingdom
15936,2,211.0,16,282.79,141.4,2010-11-25 16:39:00,379,United Kingdom
13511,1,60.0,5,282.76,282.76,2010-02-01 12:10:00,676,United Kingdom
12771,1,104.0,15,282.3,282.3,2010-08-11 11:51:00,485,Portugal
17247,1,106.0,53,282.19,282.19,2011-11-24 15:21:00,15,United Kingdom
17072,1,218.0,20,282.05,282.05,2010-03-24 16:33:00,625,United Kingdom
16557,2,111.0,11,281.85,140.93,2011-11-15 14:04:00,24,United Kingdom
13326,1,140.0,13,281.76,281.76,2010-10-03 16:00:00,432,United Kingdom
13679,3,102.0,44,281.26,93.75,2010-08-03 12:13:00,493,United Kingdom
18042,2,69.0,13,281.15,140.58,2011-10-17 11:49:00,53,United Kingdom
15772,1,110.0,16,280.88,280.88,2010-10-17 13:33:00,418,United Kingdom
13080,4,193.0,17,280.73,70.18,2011-06-13 14:59:00,179,United Kingdom
14242,2,123.0,13,280.55,140.28,2011-04-19 11:46:00,234,United Kingdom
13606,3,279.0,40,280.54,93.51,2011-11-10 17:46:00,29,United Kingdom
13581,2,119.0,32,280.53,140.27,2011-02-03 14:41:00,309,United Kingdom
15556,1,236.0,31,279.77,279.77,2011-11-15 16:08:00,24,United Kingdom
17264,1,227.0,70,279.59,279.59,2010-10-11 12:52:00,424,United Kingdom
17786,2,200.0,57,278.74,139.37,2011-09-15 12:51:00,85,United Kingdom
14764,1,190.0,6,278.3,278.3,2011-10-24 11:54:00,46,United Kingdom
14303,2,218.0,21,277.94,138.97,2010-10-28 15:37:00,407,United Kingdom
16334,1,211.0,54,277.48,277.48,2010-08-04 16:38:00,492,United Kingdom
15355,2,45.0,9,277.05,138.53,2011-11-10 13:44:00,29,United Kingdom
13272,2,96.0,15,276.56,138.28,2011-11-08 14:00:00,31,United Kingdom
12750,1,137.0,15,275.88,275.88,2011-08-03 09:13:00,128,Poland
13399,3,120.0,10,275.4,91.8,2010-09-01 13:59:00,464,United Kingdom
16313,2,165.0,16,274.15,137.08,2011-12-06 13:02:00,3,United Kingdom
12789,3,36.0,5,273.35,91.12,2011-10-05 13:34:00,65,Netherlands
13307,3,140.0,15,273.34,91.11,2011-08-11 17:14:00,120,United Kingdom
13861,2,225.0,21,273.26,136.63,2010-10-06 14:20:00,429,United Kingdom
15964,1,94.0,20,272.96,272.96,2010-02-14 15:30:00,663,United Kingdom
17498,1,394.0,17,272.22,272.22,2011-09-25 12:25:00,75,United Kingdom
13917,2,228.0,16,272.04,136.02,2011-10-21 09:56:00,49,United Kingdom
14816,1,5.0,4,271.85,271.85,2011-05-26 13:16:00,197,United Kingdom
17292,2,131.0,14,271.75,135.88,2010-08-24 17:14:00,472,United Kingdom
14436,2,297.0,11,271.7,135.85,2011-09-02 10:13:00,98,United Kingdom
16089,2,122.0,42,271.44,135.72,2010-11-18 13:51:00,386,United Kingdom
13058,3,52.0,5,271.4,90.47,2011-11-15 12:43:00,24,United Kingdom
15943,2,183.0,12,271.29,135.64,2010-02-28 12:49:00,649,United Kingdom
13837,2,183.0,17,271.24,135.62,2011-05-12 12:10:00,211,United Kingdom
17278,2,195.0,17,271.24,135.62,2011-04-12 13:10:00,241,United Kingdom
18238,1,114.0,14,270.92,270.92,2010-07-12 12:51:00,515,United Kingdom
13533,3,204.0,61,270.79,90.26,2011-06-10 11:54:00,182,United Kingdom
14520,2,146.0,3,270.6,135.3,2011-12-08 09:46:00,1,United Kingdom
16757,2,180.0,13,270.48,135.24,2011-01-25 11:59:00,318,United Kingdom
12558,1,196.0,11,269.96,269.96,2011-12-02 10:41:00,7,USA
18267,1,135.0,17,269.37,269.37,2010-02-05 08:43:00,672,United Kingdom
12751,1,189.0,61,268.27,268.27,2010-09-21 12:49:00,444,Brazil
18254,1,188.0,16,267.9,267.9,2010-05-07 14:37:00,581,United Kingdom
14039,2,192.0,10,267.28,133.64,2011-11-06 13:48:00,33,United Kingdom
15408,1,106.0,34,267.18,267.18,2011-03-20 15:02:00,264,United Kingdom
15503,2,136.0,112,267.15,133.58,2010-12-12 10:57:00,362,United Kingdom
15320,1,326.0,36,267.13,267.13,2011-10-26 13:27:00,44,United Kingdom
15517,1,293.0,27,267.03,267.03,2011-04-20 14:02:00,233,United Kingdom
15423,3,198.0,13,266.89,88.96,2011-11-01 14:01:00,38,United Kingdom
14863,1,132.0,11,266.76,266.76,2011-11-10 15:04:00,29,United Kingdom
16502,2,251.0,41,266.5,133.25,2010-03-29 13:44:00,620,United Kingdom
14392,1,114.0,14,266.4,266.4,2010-10-03 12:56:00,432,United Kingdom
15119,1,88.0,14,266.4,266.4,2011-04-08 09:08:00,245,United Kingdom
12962,2,129.0,15,266.39,133.2,2011-12-02 15:55:00,7,United Kingdom
15019,1,159.0,64,266.0,266.0,2011-03-18 12:35:00,266,United Kingdom
16074,1,39.0,23,265.25,265.25,2010-11-14 13:19:00,390,United Kingdom
13973,1,109.0,11,264.7,264.7,2011-02-25 15:21:00,287,United Kingdom
13128,1,31.0,1,263.5,263.5,2010-03-18 15:08:00,631,United Kingdom
12892,1,140.0,18,263.38,263.38,2010-11-08 09:51:00,396,United Kingdom
17808,4,143.0,29,262.64,65.66,2010-06-09 10:44:00,548,United Kingdom
13331,1,54.0,12,262.4,262.4,2010-11-03 08:04:00,401,United Kingdom
14526,1,179.0,41,262.4,262.4,2010-11-15 13:32:00,389,United Kingdom
17910,1,121.0,25,261.7,261.7,2009-12-13 16:04:00,726,United Kingdom
12655,1,80.0,16,261.35,261.35,2010-10-12 09:17:00,423,France
17385,1,201.0,42,261.11,261.11,2011-11-25 11:02:00,14,United Kingdom
13189,2,842.0,29,260.68,130.34,2011-11-21 10:39:00,18,United Kingdom
15014,2,151.0,29,260.17,130.08,2011-10-27 20:07:00,43,United Kingdom
17901,3,38.0,22,260.08,86.69,2011-11-10 17:29:00,29,United Kingdom
17022,2,180.0,16,260.0,130.0,2011-11-08 17:09:00,31,United Kingdom
16733,1,112.0,12,259.68,259.68,2010-06-28 10:12:00,529,United Kingdom
17125,1,291.0,34,259.35,259.35,2011-10-20 14:41:00,50,United Kingdom
13127,1,127.0,15,259.17,259.17,2011-09-23 10:26:00,77,United Kingdom
17558,1,54.0,28,259.17,259.17,2010-11-11 14:36:00,393,United Kingdom
17219,2,188.0,43,259.13,129.57,2011-11-08 11:25:00,31,United Kingdom
15536,1,242.0,16,259.09,259.09,2010-10-26 16:31:00,409,United Kingdom
16381,2,112.0,60,258.7,129.35,2010-11-09 09:56:00,395,United Kingdom
13683,1,180.0,10,258.6,258.6,2010-09-08 10:00:00,457,United Kingdom
13227,1,99.0,9,257.7,257.7,2011-05-22 11:47:00,201,United Kingdom
16542,2,142.0,13,257.32,128.66,2011-10-17 10:47:00,53,United Kingdom
15852,3,60.0,31,257.26,85.75,2011-06-06 11:22:00,186,United Kingdom
14483,2,193.0,13,257.1,128.55,2011-03-03 10:26:00,281,United Kingdom
15404,1,334.0,16,257.06,257.06,2010-11-29 11:03:00,375,United Kingdom
14166,2,84.0,39,256.85,128.43,2010-07-22 19:42:00,505,United Kingdom
14876,2,162.0,12,256.7,128.35,2010-07-06 14:57:00,521,United Kingdom
14274,1,178.0,15,256.6,256.6,2010-01-22 12:51:00,686,United Kingdom
12430,1,117.0,11,256.4,256.4,2011-10-27 15:09:00,43,Norway
13806,1,56.0,10,256.38,256.38,2011-10-07 11:43:00,63,United Kingdom
17896,1,288.0,2,256.32,256.32,2011-11-16 13:59:00,23,United Kingdom
13250,2,108.0,17,256.04,128.02,2010-09-05 11:33:00,460,United Kingdom
13825,2,182.0,38,255.59,127.8,2010-03-28 11:02:00,621,United Kingdom
14881,1,316.0,17,255.4,255.4,2011-11-20 11:06:00,19,United Kingdom
16911,2,161.0,30,255.25,127.62,2010-03-14 12:18:00,635,United Kingdom
12746,1,97.0,17,254.55,254.55,2010-06-17 10:41:00,540,United Kingdom
12604,2,201.0,15,254.18,127.09,2011-09-21 14:08:00,79,France
15923,1,244.0,21,254.16,254.16,2010-12-02 12:16:00,372,United Kingdom
17992,1,131.0,49,254.13,254.13,2010-11-15 13:04:00,389,United Kingdom
14765,3,135.0,38,254.11,84.7,2011-11-10 19:53:00,29,United Kingdom
17626,1,202.0,18,254.0,254.0,2010-04-16 12:15:00,602,United Kingdom
16845,1,167.0,20,253.88,253.88,2010-03-31 13:09:00,618,United Kingdom
17210,1,243.0,47,253.37,253.37,2010-11-12 12:15:00,392,United Kingdom
15035,1,245.0,26,252.73,252.73,2011-09-11 11:08:00,89,United Kingdom
13251,1,215.0,25,252.68,252.68,2010-11-02 13:20:00,402,United Kingdom
16908,1,61.0,20,252.59,252.59,2009-12-17 13:35:00,722,United Kingdom
15552,2,166.0,29,252.52,126.26,2011-05-06 14:47:00,217,United Kingdom
13404,2,111.0,11,252.49,126.24,2011-12-08 15:37:00,1,United Kingdom
13645,1,158.0,5,252.1,252.1,2011-08-11 16:11:00,120,United Kingdom
16453,2,139.0,15,251.71,125.85,2010-06-27 12:46:00,530,United Kingdom
16976,1,88.0,2,251.52,251.52,2011-03-17 16:33:00,267,United Kingdom
14501,2,161.0,9,251.21,125.61,2011-06-09 12:02:00,183,United Kingdom
18266,1,138.0,14,251.1,251.1,2010-10-01 15:33:00,434,United Kingdom
16962,1,158.0,15,251.04,251.04,2010-10-26 11:36:00,409,United Kingdom
15231,1,190.0,14,250.26,250.26,2010-03-28 15:12:00,621,United Kingdom
17303,1,144.0,53,250.04,250.04,2010-12-13 13:32:00,361,United Kingdom
15510,1,2.0,1,250.0,250.0,2011-01-13 12:10:00,330,United Kingdom
18002,4,72.0,52,249.92,62.48,2010-11-29 10:57:00,375,United Kingdom
18005,2,93.0,52,249.72,124.86,2011-12-06 11:51:00,3,United Kingdom
15884,2,158.0,14,249.7,124.85,2010-10-03 15:55:00,432,United Kingdom
13747,2,68.0,4,249.4,124.7,2010-12-01 10:37:00,373,United Kingdom
12563,1,113.0,13,249.24,249.24,2010-10-27 09:52:00,408,Italy
16508,1,106.0,42,248.8,248.8,2010-03-19 13:41:00,630,United Kingdom
13061,1,107.0,10,248.61,248.61,2011-09-28 16:04:00,72,United Kingdom
13592,4,84.0,15,247.96,61.99,2011-11-04 09:49:00,35,United Kingdom
15293,1,178.0,19,247.5,247.5,2010-02-12 11:54:00,665,United Kingdom
18072,1,288.0,18,247.44,247.44,2011-06-07 10:44:00,185,United Kingdom
13349,1,225.0,16,247.32,247.32,2011-11-29 08:07:00,10,United Kingdom
14658,2,47.0,27,247.15,123.58,2011-12-04 15:35:00,5,United Kingdom
14654,1,273.0,27,246.86,246.86,2009-12-01 12:57:00,738,United Kingdom
15697,1,127.0,14,246.75,246.75,2010-01-19 09:10:00,689,United Kingdom
13943,1,94.0,15,246.54,246.54,2010-05-11 11:30:00,577,United Kingdom
15378,2,130.0,8,246.5,123.25,2010-09-03 11:30:00,462,United Kingdom
15495,1,194.0,20,246.5,246.5,2010-11-25 13:46:00,379,United Kingdom
15783,1,212.0,14,246.3,246.3,2011-11-29 09:50:00,10,United Kingdom
18153,1,200.0,17,246.22,246.22,2010-02-18 15:50:00,659,United Kingdom
16778,2,194.0,16,245.94,122.97,2011-09-26 13:48:00,74,United Kingdom
14325,1,320.0,18,245.48,245.48,2010-05-19 09:20:00,569,United Kingdom
14281,1,45.0,7,245.15,245.15,2010-10-27 14:45:00,408,United Kingdom
12660,1,127.0,13,245.1,245.1,2011-11-28 13:26:00,11,France
15118,1,1440.0,1,244.8,244.8,2011-07-28 14:54:00,134,United Kingdom
16528,1,171.0,17,244.41,244.41,2011-12-06 12:45:00,3,United Kingdom
14694,1,193.0,15,244.31,244.31,2010-04-01 19:46:00,617,United Kingdom
13551,2,36.0,5,244.2,122.1,2011-01-24 14:46:00,319,United Kingdom
17892,3,109.0,27,244.1,81.37,2011-10-14 16:49:00,56,United Kingdom
13676,2,104.0,13,243.9,121.95,2010-06-18 17:30:00,539,United Kingdom
16793,1,146.0,16,243.84,243.84,2011-10-13 15:08:00,57,United Kingdom
13886,1,126.0,16,243.56,243.56,2011-09-29 13:17:00,71,United Kingdom
15543,2,169.0,50,242.84,121.42,2011-02-24 15:26:00,288,United Kingdom
16215,1,104.0,14,242.35,242.35,2011-09-20 10:18:00,80,United Kingdom
17915,1,191.0,27,242.13,242.13,2010-06-06 13:22:00,551,United Kingdom
17009,1,336.0,10,242.06,242.06,2010-06-06 16:01:00,551,United Kingdom
13445,1,198.0,7,241.9,241.9,2010-03-23 15:34:00,626,United Kingdom
13582,2,106.0,10,241.68,120.84,2010-11-15 11:34:00,389,United Kingdom
13275,2,140.0,48,241.66,120.83,2010-11-21 12:09:00,383,United Kingdom
15776,1,138.0,18,241.62,241.62,2011-07-29 13:46:00,133,United Kingdom
14774,1,99.0,13,241.45,241.45,2010-06-29 12:26:00,528,United Kingdom
14523,1,251.0,12,241.09,241.09,2011-08-23 13:13:00,108,United Kingdom
16427,2,156.0,8,241.06,120.53,2011-03-21 17:10:00,263,United Kingdom
13674,1,102.0,14,240.68,240.68,2010-10-03 10:41:00,432,United Kingdom
15286,1,55.0,3,240.55,240.55,2011-10-21 11:08:00,49,United Kingdom
15336,1,84.0,15,240.5,240.5,2010-11-03 12:39:00,401,United Kingdom
15931,1,118.0,14,239.9,239.9,2010-10-07 16:46:00,428,United Kingdom
15690,2,408.0,19,239.76,119.88,2011-12-05 15:59:00,4,United Kingdom
17055,1,87.0,24,239.55,239.55,2010-09-20 12:21:00,445,United Kingdom
13570,1,161.0,27,239.49,239.49,2011-04-10 13:36:00,243,United Kingdom
13789,1,258.0,18,239.46,239.46,2010-11-16 15:31:00,388,United Kingdom
17684,1,145.0,15,239.41,239.41,2011-10-27 11:10:00,43,United Kingdom
12663,2,181.0,9,239.4,119.7,2010-03-25 09:40:00,624,Germany
17981,1,260.0,17,239.12,239.12,2010-10-25 10:40:00,410,United Kingdom
12561,1,177.0,16,238.85,238.85,2011-02-10 11:39:00,302,Germany
12718,1,203.0,19,238.25,238.25,2011-09-29 16:38:00,71,France
16280,1,101.0,16,238.05,238.05,2009-12-14 15:49:00,725,United Kingdom
14982,1,125.0,39,237.78,237.78,2010-05-16 15:52:00,572,United Kingdom
17877,1,98.0,12,237.61,237.61,2011-06-22 13:00:00,170,United Kingdom
14458,1,328.0,46,237.42,237.42,2010-11-24 12:43:00,380,United Kingdom
14586,1,444.0,19,237.36,237.36,2011-03-08 10:04:00,276,United Kingdom
15457,1,132.0,56,237.07,237.07,2011-03-22 15:31:00,262,United Kingdom
16740,1,116.0,30,236.81,236.81,2010-11-09 13:34:00,395,United Kingdom
12732,1,111.0,12,236.26,236.26,2011-06-13 11:33:00,179,France
13608,1,113.0,31,236.2,236.2,2010-06-17 12:28:00,540,United Kingdom
13088,1,76.0,19,236.11,236.11,2010-10-18 15:35:00,417,United Kingdom
16026,1,243.0,30,236.09,236.09,2011-10-27 13:53:00,43,United Kingdom
17093,1,114.0,13,235.88,235.88,2010-04-26 10:22:00,592,United Kingdom
17872,1,176.0,15,235.87,235.87,2010-11-23 12:02:00,381,United Kingdom
16046,1,248.0,22,235.78,235.78,2010-05-26 13:18:00,562,United Kingdom
17993,1,112.0,60,235.19,235.19,2010-04-01 14:23:00,617,United Kingdom
12392,1,73.0,7,234.75,234.75,2010-04-27 14:04:00,591,Australia
17868,1,91.0,18,234.65,234.65,2010-11-18 18:55:00,386,United Kingdom
13114,1,74.0,16,234.38,234.38,2009-12-09 09:56:00,730,United Kingdom
14473,2,88.0,7,234.34,117.17,2011-09-26 15:10:00,74,United Kingdom
17060,1,216.0,5,234.24,234.24,2011-03-18 13:27:00,266,United Kingdom
12736,1,173.0,4,234.0,234.0,2011-01-11 07:57:00,332,France
13009,1,120.0,4,234.0,234.0,2010-02-05 12:22:00,672,United Kingdom
13348,1,136.0,14,233.76,233.76,2011-10-06 17:28:00,64,United Kingdom
14153,1,312.0,17,233.4,233.4,2010-08-13 14:35:00,483,United Kingdom
15294,1,97.0,15,233.35,233.35,2010-10-25 11:45:00,410,United Kingdom
13129,2,296.0,10,233.25,116.63,2010-09-13 13:47:00,452,United Kingdom
14995,2,103.0,53,233.23,116.62,2011-11-01 11:39:00,38,United Kingdom
16302,1,158.0,11,233.22,233.22,2011-08-05 09:44:00,126,United Kingdom
15451,2,79.0,56,233.21,116.61,2010-10-01 13:40:00,434,United Kingdom
13678,1,924.0,16,232.6,232.6,2011-07-11 10:14:00,151,United Kingdom
18213,1,232.0,15,232.48,232.48,2011-04-17 10:21:00,236,United Kingdom
16408,1,227.0,45,231.93,231.93,2010-04-27 14:08:00,591,United Kingdom
17151,1,42.0,4,231.9,231.9,2009-12-04 14:56:00,735,United Kingdom
13619,2,84.0,39,231.69,115.85,2010-06-13 11:39:00,544,United Kingdom
17136,1,256.0,14,231.68,231.68,2010-02-15 13:13:00,662,United Kingdom
18279,1,630.0,13,231.34,231.34,2010-07-08 14:48:00,519,United Kingdom
15487,1,144.0,14,231.32,231.32,2010-01-29 12:07:00,679,United Kingdom
15001,2,81.0,44,230.86,115.43,2010-11-10 13:51:00,394,United Kingdom
18030,2,67.0,8,230.65,115.32,2011-12-05 16:37:00,4,United Kingdom
15866,1,126.0,43,230.53,230.53,2011-08-30 14:09:00,101,United Kingdom
17261,1,98.0,43,230.44,230.44,2010-07-18 11:49:00,509,United Kingdom
13960,2,142.0,11,230.22,115.11,2011-11-18 15:27:00,21,United Kingdom
18197,1,166.0,9,230.1,230.1,2010-05-13 10:46:00,575,United Kingdom
14069,2,59.0,37,230.06,115.03,2010-07-13 12:12:00,514,United Kingdom
14314,2,332.0,10,229.8,114.9,2011-08-25 10:39:00,106,United Kingdom
14017,1,73.0,14,229.75,229.75,2010-05-17 14:52:00,571,United Kingdom
12812,1,164.0,15,229.64,229.64,2011-10-26 09:54:00,44,Japan
13403,3,114.0,9,229.5,76.5,2011-11-22 08:28:00,17,United Kingdom
14596,1,79.0,50,229.47,229.47,2010-03-23 12:13:00,626,United Kingdom
17185,3,119.0,38,229.46,76.49,2010-04-27 12:15:00,591,United Kingdom
15528,1,123.0,26,229.33,229.33,2011-03-30 16:14:00,254,United Kingdom
17743,1,96.0,3,229.2,229.2,2010-09-17 14:54:00,448,United Kingdom
15273,1,216.0,1,228.96,228.96,2010-04-19 11:31:00,599,United Kingdom
17347,1,216.0,1,228.96,228.96,2011-09-14 13:12:00,86,United Kingdom
13146,1,154.0,16,228.91,228.91,2011-11-13 15:29:00,26,United Kingdom
17989,1,329.0,26,228.83,228.83,2010-11-25 13:49:00,379,United Kingdom
17066,1,93.0,17,228.34,228.34,2009-12-13 13:24:00,726,United Kingdom
16760,1,168.0,17,228.0,228.0,2010-10-05 15:55:00,430,United Kingdom
15566,2,153.0,9,227.87,113.94,2010-11-12 12:11:00,392,United Kingdom
14363,2,105.0,8,227.47,113.74,2010-11-02 17:01:00,402,United Kingdom
18021,2,169.0,32,227.06,113.53,2010-07-18 10:52:00,509,United Kingdom
18132,1,216.0,60,226.9,226.9,2010-07-23 16:54:00,504,United Kingdom
13651,3,62.0,14,226.85,75.62,2011-11-04 14:59:00,35,United Kingdom
16540,1,114.0,25,226.7,226.7,2010-10-21 17:22:00,414,United Kingdom
14718,1,202.0,11,226.42,226.42,2010-10-25 13:07:00,410,United Kingdom
16666,2,367.0,42,225.94,112.97,2011-11-20 14:01:00,19,United Kingdom
14357,1,148.0,39,225.77,225.77,2011-10-27 16:23:00,43,United Kingdom
16622,1,44.0,12,225.4,225.4,2010-06-14 10:44:00,543,United Kingdom
16587,1,71.0,13,225.15,225.15,2011-04-21 15:51:00,232,United Kingdom
16346,1,289.0,15,224.51,224.51,2010-11-19 15:55:00,385,United Kingdom
15175,1,454.0,23,224.14,224.14,2011-09-29 11:31:00,71,United Kingdom
12914,1,336.0,9,223.98,223.98,2010-11-04 12:28:00,400,United Kingdom
16753,1,189.0,34,223.92,223.92,2011-10-12 13:14:00,58,United Kingdom
14928,1,268.0,21,223.91,223.91,2010-03-22 09:14:00,627,United Kingdom
16562,1,264.0,34,223.86,223.86,2010-08-20 11:45:00,476,United Kingdom
13926,1,104.0,11,223.85,223.85,2011-11-16 13:16:00,23,United Kingdom
18131,1,552.0,4,222.96,222.96,2010-03-18 08:48:00,631,United Kingdom
12887,1,100.0,13,222.4,222.4,2010-11-21 11:18:00,383,United Kingdom
15897,2,261.0,17,222.05,111.03,2011-05-29 13:50:00,194,United Kingdom
15788,1,115.0,14,221.83,221.83,2010-07-19 12:48:00,508,United Kingdom
14445,1,83.0,32,221.65,221.65,2010-09-10 11:09:00,455,United Kingdom
17087,1,113.0,12,221.53,221.53,2009-12-02 10:41:00,737,United Kingdom
14960,2,221.0,23,221.27,110.64,2011-12-01 12:54:00,8,United Kingdom
13419,1,275.0,16,221.06,221.06,2011-10-07 12:49:00,63,United Kingdom
15790,1,114.0,34,220.85,220.85,2011-11-29 14:53:00,10,United Kingdom
12821,2,162.0,13,220.8,110.4,2011-05-09 15:51:00,214,United Kingdom
16482,1,346.0,18,220.62,220.62,2011-11-24 12:33:00,15,United Kingdom
13033,2,98.0,12,220.55,110.27,2010-12-17 14:23:00,357,United Kingdom
18007,1,252.0,46,220.32,220.32,2010-11-12 11:08:00,392,United Kingdom
18114,1,55.0,28,220.1,220.1,2011-02-22 13:20:00,290,United Kingdom
13454,1,198.0,23,219.87,219.87,2010-03-08 14:40:00,641,United Kingdom
13992,3,154.0,10,219.5,73.17,2011-11-09 15:23:00,30,United Kingdom
14074,1,228.0,6,219.4,219.4,2010-03-26 13:55:00,623,United Kingdom
15096,1,120.0,11,219.39,219.39,2011-10-28 10:27:00,42,United Kingdom
12799,1,137.0,15,219.35,219.35,2010-06-28 15:57:00,529,Japan
14271,2,149.0,38,219.13,109.57,2011-04-28 12:47:00,225,United Kingdom
12702,1,53.0,12,219.0,219.0,2011-11-20 10:36:00,19,Germany
15086,2,95.0,10,218.53,109.27,2010-05-24 12:27:00,564,United Kingdom
17619,1,127.0,71,218.52,218.52,2011-01-31 14:18:00,312,United Kingdom
12574,1,61.0,11,218.45,218.45,2011-01-28 09:20:00,315,France
17217,2,95.0,27,218.0,109.0,2011-04-19 17:19:00,234,United Kingdom
15591,3,58.0,6,217.9,72.63,2010-05-06 09:23:00,582,United Kingdom
16874,1,81.0,31,217.74,217.74,2010-11-25 13:08:00,379,United Kingdom
16035,1,33.0,21,217.73,217.73,2010-05-28 15:09:00,560,United Kingdom
15490,1,85.0,22,217.6,217.6,2010-10-05 13:11:00,430,United Kingdom
13271,1,253.0,79,217.38,217.38,2011-11-02 14:31:00,37,United Kingdom
15295,1,151.0,50,217.24,217.24,2010-02-23 13:03:00,654,United Kingdom
15554,1,74.0,14,217.2,217.2,2011-03-07 09:00:00,277,United Kingdom
13423,1,141.0,12,217.03,217.03,2010-10-07 09:02:00,428,United Kingdom
15401,2,93.0,14,216.95,108.48,2010-09-13 13:42:00,452,United Kingdom
15460,1,109.0,53,216.76,216.76,2010-12-20 16:08:00,354,United Kingdom
17902,1,526.0,24,216.4,216.4,2010-06-11 12:25:00,546,United Kingdom
15604,1,159.0,17,216.39,216.39,2011-10-18 14:47:00,52,United Kingdom
13858,1,75.0,11,216.17,216.17,2011-10-13 16:17:00,57,United Kingdom
16179,1,99.0,11,215.83,215.83,2011-10-10 09:41:00,60,United Kingdom
15052,1,82.0,27,215.78,215.78,2011-01-24 15:52:00,319,United Kingdom
14476,1,132.0,17,215.7,215.7,2011-03-27 15:39:00,257,United Kingdom
16189,2,134.0,9,215.48,107.74,2011-11-24 11:47:00,15,United Kingdom
14376,1,50.0,17,215.46,215.46,2010-01-25 15:36:00,683,United Kingdom
18157,1,146.0,25,215.35,215.35,2010-05-17 14:09:00,571,United Kingdom
14635,1,118.0,15,215.22,215.22,2010-09-12 10:47:00,453,United Kingdom
14106,1,24.0,1,214.8,214.8,2009-12-02 14:09:00,737,United Kingdom
16338,1,94.0,11,214.8,214.8,2011-07-05 13:56:00,157,United Kingdom
14361,1,251.0,14,214.71,214.71,2010-05-10 12:29:00,578,United Kingdom
15558,1,86.0,23,214.13,214.13,2010-03-10 15:25:00,639,United Kingdom
14601,1,168.0,7,213.96,213.96,2011-11-29 09:48:00,10,United Kingdom
13621,1,343.0,19,213.85,213.85,2011-08-15 08:26:00,116,United Kingdom
17153,1,104.0,14,213.78,213.78,2011-11-15 13:42:00,24,United Kingdom
13411,1,72.0,17,213.55,213.55,2011-08-24 13:57:00,107,United Kingdom
16591,1,41.0,10,213.5,213.5,2011-10-02 10:43:00,68,United Kingdom
13724,1,130.0,39,213.01,213.01,2010-03-12 15:28:00,637,United Kingdom
13691,1,145.0,54,212.78,212.78,2010-11-08 17:34:00,396,United Kingdom
12961,1,180.0,37,211.99,211.99,2010-11-25 16:44:00,379,United Kingdom
12470,1,95.0,23,211.95,211.95,2010-01-19 11:01:00,689,Unspecified
14843,1,132.0,9,211.8,211.8,2010-09-29 12:39:00,436,United Kingdom
15703,1,66.0,5,211.5,211.5,2011-03-20 10:51:00,264,United Kingdom
12995,1,108.0,3,211.32,211.32,2011-09-15 15:44:00,85,United Kingdom
14992,1,145.0,27,210.5,210.5,2010-09-23 17:48:00,442,United Kingdom
17271,1,117.0,46,210.39,210.39,2009-12-03 13:49:00,736,United Kingdom
13532,1,129.0,66,210.31,210.31,2011-11-06 12:25:00,33,United Kingdom
17484,2,339.0,14,209.57,104.79,2010-05-12 15:41:00,576,United Kingdom
13828,1,311.0,15,209.49,209.49,2011-11-17 16:02:00,22,United Kingdom
13056,1,158.0,18,209.48,209.48,2010-06-06 14:10:00,551,United Kingdom
14003,1,149.0,16,209.41,209.41,2009-12-07 08:53:00,732,United Kingdom
15112,1,72.0,7,209.4,209.4,2010-04-07 14:17:00,611,United Kingdom
16487,2,163.0,28,209.4,104.7,2010-05-11 13:38:00,577,United Kingdom
17026,3,132.0,4,208.98,69.66,2011-06-07 14:28:00,185,United Kingdom
15327,1,116.0,10,208.75,208.75,2011-10-18 11:55:00,52,United Kingdom
13290,1,1.0,1,208.63,208.63,2010-09-27 16:29:00,438,United Kingdom
15741,2,70.0,11,208.62,104.31,2010-09-07 16:21:00,458,United Kingdom
16914,1,121.0,25,208.46,208.46,2011-11-03 15:27:00,36,United Kingdom
16457,1,140.0,9,208.36,208.36,2011-05-05 13:19:00,218,United Kingdom
15212,2,84.0,7,208.28,104.14,2011-04-12 13:45:00,241,United Kingdom
12848,1,58.0,16,208.0,208.0,2010-02-02 12:45:00,675,United Kingdom
16964,2,49.0,6,207.85,103.93,2009-12-06 12:53:00,733,United Kingdom
16866,3,60.0,10,207.74,69.25,2011-07-22 10:06:00,140,United Kingdom
13099,1,288.0,1,207.36,207.36,2011-09-01 17:40:00,99,United Kingdom
15925,1,93.0,12,207.15,207.15,2011-05-29 15:35:00,194,United Kingdom
15820,1,128.0,17,206.98,206.98,2011-01-24 12:00:00,319,United Kingdom
18126,1,144.0,52,206.83,206.83,2011-10-10 12:19:00,60,United Kingdom
17166,2,78.0,11,206.34,103.17,2011-11-01 09:46:00,38,United Kingdom
14964,1,143.0,13,206.21,206.21,2011-04-06 14:13:00,247,United Kingdom
14519,2,82.0,38,206.09,103.05,2010-01-25 11:18:00,683,United Kingdom
15914,2,149.0,13,205.99,102.99,2010-11-26 16:10:00,378,United Kingdom
16090,1,65.0,18,205.91,205.91,2010-03-25 13:05:00,624,United Kingdom
14278,1,131.0,13,205.83,205.83,2010-10-26 12:07:00,409,United Kingdom
17670,1,110.0,11,205.7,205.7,2011-04-26 09:12:00,227,United Kingdom
16490,1,113.0,13,205.41,205.41,2010-09-29 16:30:00,436,United Kingdom
14602,1,80.0,31,205.36,205.36,2010-02-21 15:47:00,656,United Kingdom
15307,1,37.0,12,205.3,205.3,2011-09-05 11:38:00,95,United Kingdom
12400,1,91.0,11,205.25,205.25,2010-10-21 13:45:00,414,Australia
15758,1,47.0,9,205.25,205.25,2011-11-15 10:48:00,24,United Kingdom
17112,1,134.0,44,205.17,205.17,2010-07-25 11:14:00,502,United Kingdom
15319,1,175.0,16,204.5,204.5,2011-03-01 12:48:00,283,United Kingdom
16901,1,42.0,23,204.26,204.26,2009-12-10 16:30:00,729,United Kingdom
14468,1,164.0,12,204.24,204.24,2009-12-06 12:21:00,733,United Kingdom
17206,1,76.0,7,204.24,204.24,2011-10-17 13:25:00,53,United Kingdom
13017,1,48.0,1,204.0,204.0,2011-12-02 15:53:00,7,United Kingdom
17394,1,241.0,4,203.87,203.87,2011-05-04 13:22:00,219,United Kingdom
17891,1,393.0,34,203.86,203.86,2011-06-30 20:08:00,162,United Kingdom
15020,1,112.0,27,203.42,203.42,2010-11-25 13:29:00,379,United Kingdom
17074,1,19.0,4,203.05,203.05,2010-05-26 12:04:00,562,United Kingdom
15459,2,121.0,6,202.83,101.42,2010-10-18 15:25:00,417,United Kingdom
18169,1,61.0,9,202.65,202.65,2011-10-10 12:18:00,60,United Kingdom
12416,1,132.0,11,202.56,202.56,2010-02-21 10:19:00,656,Australia
14892,1,79.0,13,202.35,202.35,2010-01-18 08:58:00,690,United Kingdom
14385,3,159.0,13,202.11,67.37,2011-11-30 15:36:00,9,United Kingdom
16937,1,126.0,49,202.1,202.1,2010-07-28 17:56:00,499,United Kingdom
13284,1,91.0,13,201.19,201.19,2011-01-13 09:23:00,330,United Kingdom
16965,1,291.0,26,201.19,201.19,2011-04-27 12:08:00,226,United Kingdom
18281,2,146.0,17,201.14,100.57,2011-06-12 10:53:00,180,United Kingdom
13556,2,134.0,8,200.82,100.41,2010-10-06 16:44:00,429,United Kingdom
14330,1,103.0,13,200.63,200.63,2010-03-26 09:10:00,623,United Kingdom
17693,1,231.0,16,200.47,200.47,2011-07-25 15:48:00,137,United Kingdom
13133,3,55.0,12,200.45,66.82,2011-03-11 10:31:00,273,United Kingdom
13944,1,153.0,35,200.43,200.43,2010-02-24 15:02:00,653,United Kingdom
14782,1,114.0,6,200.1,200.1,2011-01-24 11:12:00,319,United Kingdom
15593,1,60.0,5,199.8,199.8,2011-09-30 11:46:00,70,United Kingdom
13322,1,117.0,25,199.48,199.48,2011-11-22 14:21:00,17,United Kingdom
14521,1,211.0,17,199.45,199.45,2010-08-05 16:35:00,491,United Kingdom
17184,2,73.0,14,198.41,99.21,2010-05-19 14:24:00,569,United Kingdom
12581,1,161.0,15,197.71,197.71,2011-10-31 08:56:00,39,Germany
17778,1,214.0,10,197.7,197.7,2010-02-16 12:44:00,661,United Kingdom
14185,1,6.0,3,197.65,197.65,2011-01-12 13:52:00,331,United Kingdom
14789,1,116.0,6,197.64,197.64,2011-11-11 08:59:00,28,United Kingdom
12927,1,145.0,11,197.31,197.31,2010-11-10 10:02:00,394,United Kingdom
14830,1,169.0,39,197.13,197.13,2011-10-17 14:29:00,53,United Kingdom
15234,1,196.0,14,197.0,197.0,2011-03-08 08:53:00,276,United Kingdom
13436,1,76.0,12,196.89,196.89,2011-12-08 10:33:00,1,United Kingdom
15746,1,178.0,28,196.88,196.88,2011-07-28 15:21:00,134,United Kingdom
13978,2,315.0,14,196.79,98.4,2011-11-25 11:36:00,14,United Kingdom
16112,4,574.0,15,195.74,48.94,2011-07-19 14:28:00,143,United Kingdom
13757,1,54.0,8,195.55,195.55,2010-02-03 12:37:00,674,United Kingdom
17010,1,118.0,11,195.36,195.36,2011-11-21 14:49:00,18,United Kingdom
14666,1,161.0,14,195.25,195.25,2011-11-15 12:57:00,24,United Kingdom
15612,2,52.0,4,195.15,97.58,2011-11-03 14:52:00,36,United Kingdom
14405,1,100.0,2,195.0,195.0,2010-11-18 11:40:00,386,United Kingdom
13671,1,107.0,61,194.95,194.95,2010-11-10 10:50:00,394,United Kingdom
14100,1,64.0,24,194.9,194.9,2011-07-25 11:01:00,137,United Kingdom
17468,3,184.0,8,194.8,64.93,2011-11-29 15:33:00,10,United Kingdom
17065,2,82.0,6,194.7,97.35,2010-03-12 11:41:00,637,United Kingdom
17475,1,178.0,14,194.37,194.37,2011-09-21 14:55:00,79,United Kingdom
16299,1,107.0,12,193.65,193.65,2010-08-19 17:46:00,477,United Kingdom
16695,2,185.0,30,193.15,96.57,2010-05-27 12:36:00,561,United Kingdom
14801,1,175.0,56,193.14,193.14,2011-10-09 15:24:00,61,United Kingdom
13568,1,70.0,41,192.85,192.85,2011-06-19 14:42:00,173,United Kingdom
17257,2,188.0,14,192.73,96.37,2010-09-29 12:51:00,436,United Kingdom
12522,2,194.0,11,192.72,96.36,2011-10-31 15:30:00,39,Germany
14768,2,52.0,4,192.6,96.3,2011-11-22 12:54:00,17,United Kingdom
15729,3,47.0,10,192.55,64.18,2011-05-11 12:36:00,212,United Kingdom
18028,1,133.0,4,192.05,192.05,2010-05-05 13:28:00,583,United Kingdom
15909,1,98.0,7,191.94,191.94,2011-06-19 10:38:00,173,United Kingdom
14279,2,46.0,3,191.86,95.93,2010-07-07 08:42:00,520,United Kingdom
17904,1,63.0,33,191.67,191.67,2011-11-18 12:57:00,21,United Kingdom
15692,1,138.0,12,191.04,191.04,2011-11-11 14:12:00,28,United Kingdom
15954,1,119.0,20,190.75,190.75,2010-04-29 13:35:00,589,United Kingdom
14728,1,68.0,14,190.58,190.58,2010-10-22 15:57:00,413,United Kingdom
15688,1,95.0,26,190.57,190.57,2010-10-17 12:06:00,418,United Kingdom
15412,1,108.0,10,190.53,190.53,2011-06-21 15:24:00,171,United Kingdom
18020,1,67.0,12,190.48,190.48,2010-06-14 12:31:00,543,United Kingdom
14617,2,81.0,7,190.47,95.24,2010-11-02 11:41:00,402,United Kingdom
13766,1,137.0,16,190.35,190.35,2010-08-01 14:25:00,495,United Kingdom
13972,2,187.0,15,190.25,95.13,2011-09-30 11:54:00,70,United Kingdom
17885,1,167.0,50,190.19,190.19,2011-11-27 14:40:00,12,United Kingdom
18046,1,44.0,26,189.63,189.63,2010-02-28 11:36:00,649,United Kingdom
13826,1,82.0,10,189.5,189.5,2011-06-16 13:48:00,176,United Kingdom
13387,1,125.0,71,189.44,189.44,2010-10-18 14:07:00,417,United Kingdom
18045,1,142.0,43,189.4,189.4,2011-10-25 13:07:00,45,United Kingdom
16673,1,101.0,19,188.83,188.83,2010-01-29 14:22:00,679,United Kingdom
16277,1,33.0,23,188.69,188.69,2009-12-06 11:27:00,733,United Kingdom
14697,2,181.0,22,188.61,94.3,2011-05-05 15:39:00,218,United Kingdom
17283,1,179.0,15,188.46,188.46,2010-11-26 11:53:00,378,United Kingdom
16051,1,80.0,12,188.44,188.44,2010-01-27 09:38:00,681,United Kingdom
13063,1,116.0,12,188.4,188.4,2010-08-16 12:27:00,480,United Kingdom
12893,1,96.0,27,188.14,188.14,2011-11-09 12:34:00,30,United Kingdom
17781,2,34.0,12,188.02,94.01,2011-07-03 16:00:00,159,United Kingdom
14131,1,118.0,45,187.87,187.87,2010-03-01 11:59:00,648,United Kingdom
17279,1,48.0,8,187.83,187.83,2011-10-13 11:58:00,57,United Kingdom
15072,1,164.0,13,187.52,187.52,2010-08-17 15:46:00,479,United Kingdom
13852,1,85.0,11,187.35,187.35,2010-04-08 09:06:00,610,United Kingdom
18013,2,285.0,31,187.29,93.65,2011-07-07 14:11:00,155,United Kingdom
16267,1,198.0,7,186.66,186.66,2010-04-27 14:10:00,591,United Kingdom
18063,2,48.0,2,186.6,93.3,2010-11-14 10:46:00,390,United Kingdom
17215,1,104.0,11,186.15,186.15,2010-09-01 13:39:00,464,United Kingdom
16388,1,83.0,13,186.05,186.05,2010-02-24 10:20:00,653,United Kingdom
15567,1,223.0,7,186.01,186.01,2011-11-21 10:48:00,18,United Kingdom
12641,1,72.0,10,185.9,185.9,2011-08-16 13:26:00,115,Sweden
14812,1,136.0,36,185.8,185.8,2010-04-20 12:13:00,598,United Kingdom
17840,1,138.0,44,185.72,185.72,2010-09-22 12:24:00,443,United Kingdom
17574,1,77.0,8,185.65,185.65,2011-04-11 09:47:00,242,United Kingdom
16559,1,73.0,17,185.2,185.2,2010-11-07 13:52:00,397,United Kingdom
14879,1,104.0,27,185.06,185.06,2010-01-24 11:35:00,684,United Kingdom
16097,1,87.0,10,185.05,185.05,2011-04-13 13:47:00,240,United Kingdom
14677,1,139.0,14,184.91,184.91,2010-04-26 09:48:00,592,United Kingdom
17803,1,98.0,27,184.66,184.66,2010-11-12 13:53:00,392,United Kingdom
14059,1,128.0,8,183.6,183.6,2011-03-18 10:06:00,266,United Kingdom
17820,1,112.0,39,183.56,183.56,2010-11-30 17:43:00,374,United Kingdom
13460,2,286.0,16,183.44,91.72,2011-11-10 17:17:00,29,United Kingdom
14119,2,177.0,11,183.37,91.69,2010-11-29 10:33:00,375,United Kingdom
14983,1,90.0,30,183.2,183.2,2010-01-19 17:32:00,689,United Kingdom
17798,1,142.0,43,183.09,183.09,2010-05-07 11:42:00,581,United Kingdom
16819,2,253.0,17,182.59,91.3,2010-08-31 17:37:00,465,United Kingdom
14941,1,80.0,7,182.1,182.1,2010-05-10 11:30:00,578,United Kingdom
17587,1,68.0,42,181.66,181.66,2010-03-21 14:16:00,628,United Kingdom
12934,1,31.0,2,181.65,181.65,2009-12-03 10:51:00,736,United Kingdom
16822,1,171.0,11,181.39,181.39,2010-01-22 14:22:00,686,United Kingdom
15359,8,145.0,10,181.35,22.67,2010-02-15 10:47:00,662,United Kingdom
16594,1,64.0,53,181.09,181.09,2011-09-25 14:08:00,75,United Kingdom
15292,1,56.0,24,180.94,180.94,2011-05-22 15:00:00,201,United Kingdom
14858,1,105.0,11,180.75,180.75,2010-07-22 10:51:00,505,United Kingdom
12622,1,69.0,11,180.1,180.1,2011-04-21 16:39:00,232,Germany
18234,1,80.0,30,179.6,179.6,2010-06-06 11:22:00,551,United Kingdom
14945,1,156.0,11,179.4,179.4,2010-10-22 11:26:00,413,United Kingdom
16640,1,146.0,13,179.4,179.4,2010-11-07 10:48:00,397,United Kingdom
18147,2,203.0,7,179.34,89.67,2011-10-25 11:46:00,45,United Kingdom
15895,1,94.0,11,179.17,179.17,2011-07-13 10:27:00,149,United Kingdom
14705,1,100.0,1,179.0,179.0,2011-05-25 12:39:00,198,United Kingdom
15209,1,94.0,13,178.98,178.98,2009-12-09 17:26:00,730,United Kingdom
15139,2,208.0,13,178.96,89.48,2011-04-14 11:39:00,239,United Kingdom
16691,2,92.0,11,178.83,89.41,2010-10-17 15:03:00,418,United Kingdom
17170,2,152.0,8,178.68,89.34,2010-11-30 15:55:00,374,United Kingdom
17879,1,45.0,6,178.52,178.52,2011-06-19 12:36:00,173,United Kingdom
12686,1,214.0,7,178.28,178.28,2010-12-03 09:51:00,371,France
17253,1,43.0,18,178.26,178.26,2011-11-21 12:59:00,18,United Kingdom
18282,2,103.0,12,178.05,89.03,2011-12-02 11:43:00,7,United Kingdom
12858,1,63.0,36,177.92,177.92,2010-11-21 12:55:00,383,United Kingdom
16403,1,114.0,10,177.5,177.5,2011-01-31 13:39:00,312,United Kingdom
13618,1,246.0,13,177.34,177.34,2011-06-19 11:09:00,173,United Kingdom
12618,1,96.0,11,177.31,177.31,2011-11-18 11:10:00,21,Italy
13072,1,69.0,7,177.15,177.15,2011-03-18 08:12:00,266,United Kingdom
16285,1,60.0,31,176.9,176.9,2010-03-03 16:03:00,646,United Kingdom
17036,1,76.0,12,176.9,176.9,2010-11-21 14:26:00,383,United Kingdom
13746,1,83.0,9,176.69,176.69,2010-10-22 11:55:00,413,United Kingdom
17947,1,168.0,9,176.68,176.68,2011-11-02 13:05:00,37,United Kingdom
14287,3,261.0,9,176.63,58.88,2011-12-01 13:25:00,8,United Kingdom
12509,1,55.0,7,176.5,176.5,2011-02-28 14:45:00,284,France
18054,1,96.0,11,176.5,176.5,2010-11-12 08:18:00,392,United Kingdom
18175,1,70.0,7,176.1,176.1,2010-02-02 10:25:00,675,United Kingdom
18274,1,88.0,11,175.92,175.92,2011-11-09 17:03:00,30,United Kingdom
13547,1,82.0,44,175.53,175.53,2010-10-27 14:14:00,408,United Kingdom
14486,2,90.0,4,175.5,87.75,2010-07-16 09:42:00,511,United Kingdom
18166,1,90.0,10,175.5,175.5,2010-03-26 12:26:00,623,United Kingdom
13007,1,59.0,11,175.25,175.25,2010-05-09 10:38:00,579,United Kingdom
16144,1,16.0,1,175.2,175.2,2011-04-07 10:09:00,246,United Kingdom
17331,1,16.0,1,175.2,175.2,2011-08-08 11:55:00,123,United Kingdom
17108,1,31.0,9,174.95,174.95,2010-02-14 12:22:00,663,United Kingdom
14495,3,68.0,7,174.8,58.27,2011-10-20 12:28:00,50,United Kingdom
18010,1,60.0,14,174.8,174.8,2011-03-28 12:27:00,256,United Kingdom
13560,1,64.0,32,174.37,174.37,2011-12-02 13:11:00,7,United Kingdom
14518,1,278.0,16,174.37,174.37,2011-10-06 14:43:00,64,United Kingdom
16731,1,127.0,40,174.05,174.05,2010-03-01 15:05:00,648,United Kingdom
15335,1,80.0,34,173.97,173.97,2011-10-17 12:50:00,53,United Kingdom
15684,3,77.0,9,173.95,57.98,2010-06-10 18:51:00,547,United Kingdom
14674,1,103.0,14,173.66,173.66,2010-07-18 14:25:00,509,United Kingdom
15565,2,60.0,8,173.16,86.58,2011-10-20 14:33:00,50,United Kingdom
16741,1,81.0,11,173.06,173.06,2010-03-24 15:15:00,625,United Kingdom
16599,1,159.0,12,172.8,172.8,2010-11-19 12:45:00,385,United Kingdom
13195,1,83.0,43,172.38,172.38,2010-10-21 13:07:00,414,United Kingdom
13690,1,67.0,9,172.25,172.25,2011-10-11 15:03:00,59,United Kingdom
12442,1,182.0,12,172.06,172.06,2011-12-06 14:22:00,3,Spain
15515,1,131.0,7,171.81,171.81,2010-11-17 13:39:00,387,United Kingdom
14536,1,40.0,18,171.8,171.8,2011-03-25 12:21:00,259,United Kingdom
17983,1,108.0,23,171.71,171.71,2010-11-09 13:24:00,395,United Kingdom
17575,1,72.0,5,171.7,171.7,2010-02-10 13:48:00,667,United Kingdom
16312,1,53.0,10,171.15,171.15,2010-10-03 14:15:00,432,United Kingdom
15403,2,492.0,6,170.88,85.44,2010-08-05 12:21:00,491,United Kingdom
14811,1,74.0,28,170.5,170.5,2010-11-17 13:09:00,387,United Kingdom
15256,2,92.0,6,170.4,85.2,2011-07-14 11:47:00,148,United Kingdom
17922,1,49.0,8,170.4,170.4,2010-06-14 16:32:00,543,United Kingdom
14860,1,232.0,11,170.32,170.32,2011-11-20 14:17:00,19,United Kingdom
14218,1,160.0,12,169.48,169.48,2011-10-28 10:00:00,42,United Kingdom
18004,1,78.0,32,169.47,169.47,2010-12-12 13:47:00,362,United Kingdom
16002,1,70.0,42,169.21,169.21,2010-03-24 13:08:00,625,United Kingdom
15647,1,124.0,11,169.0,169.0,2010-10-20 15:09:00,415,United Kingdom
12367,1,173.0,11,168.9,168.9,2011-12-05 16:48:00,4,Denmark
12768,1,102.0,10,168.69,168.69,2010-09-15 12:08:00,450,Korea
14578,1,240.0,24,168.63,168.63,2011-12-06 17:18:00,3,United Kingdom
17367,1,150.0,33,168.4,168.4,2011-04-15 14:21:00,238,United Kingdom
18099,1,149.0,19,168.31,168.31,2011-08-04 15:52:00,127,United Kingdom
17737,2,108.0,8,168.24,84.12,2011-11-30 15:16:00,9,United Kingdom
12551,1,100.0,10,168.0,168.0,2010-12-17 11:23:00,357,Spain
18088,1,109.0,35,167.67,167.67,2011-10-09 13:41:00,61,United Kingdom
17559,1,270.0,12,167.62,167.62,2010-07-15 12:02:00,512,United Kingdom
18037,15,37.0,31,167.42,11.16,2011-07-08 13:39:00,154,United Kingdom
17586,1,68.0,8,167.4,167.4,2010-03-30 13:12:00,619,United Kingdom
13609,1,19.0,7,167.35,167.35,2010-04-25 13:26:00,593,United Kingdom
16405,2,187.0,3,167.25,83.63,2011-02-10 15:24:00,302,United Kingdom
15166,1,140.0,12,167.16,167.16,2010-08-29 12:31:00,467,United Kingdom
18107,1,66.0,38,167.13,167.13,2010-09-23 13:03:00,442,United Kingdom
17875,1,98.0,25,167.1,167.1,2010-01-20 15:30:00,688,United Kingdom
15509,1,72.0,26,166.51,166.51,2010-11-24 14:48:00,380,United Kingdom
18014,1,68.0,29,166.42,166.42,2011-11-11 15:28:00,28,United Kingdom
13967,2,66.0,4,166.3,83.15,2011-07-17 12:02:00,145,United Kingdom
17650,1,150.0,8,166.08,166.08,2011-11-18 14:52:00,21,United Kingdom
14485,1,71.0,44,165.75,165.75,2011-11-01 12:25:00,38,United Kingdom
13903,1,103.0,10,165.45,165.45,2010-11-04 17:44:00,400,United Kingdom
13470,2,100.0,7,165.0,82.5,2011-09-01 14:57:00,99,United Kingdom
15316,1,100.0,1,165.0,165.0,2011-01-17 11:34:00,326,United Kingdom
16663,1,100.0,1,165.0,165.0,2009-12-10 13:12:00,729,United Kingdom
13191,1,115.0,58,164.69,164.69,2010-02-19 17:02:00,658,United Kingdom
15904,1,84.0,30,164.68,164.68,2011-12-01 14:50:00,8,United Kingdom
17535,1,136.0,13,164.4,164.4,2011-03-04 15:20:00,280,United Kingdom
13603,1,164.0,27,164.34,164.34,2011-11-13 15:57:00,26,United Kingdom
17318,1,60.0,17,164.28,164.28,2009-12-14 13:11:00,725,United Kingdom
17417,1,76.0,16,164.18,164.18,2010-06-09 10:00:00,548,United Kingdom
14516,1,68.0,35,163.92,163.92,2010-07-11 14:07:00,516,United Kingdom
16662,1,36.0,28,163.8,163.8,2010-11-10 16:56:00,394,United Kingdom
18200,1,111.0,29,163.8,163.8,2011-08-25 18:45:00,106,United Kingdom
14955,1,74.0,30,163.77,163.77,2009-12-07 11:35:00,732,United Kingdom
14354,2,210.0,9,163.62,81.81,2011-12-04 11:32:00,5,United Kingdom
15474,1,56.0,19,163.1,163.1,2010-04-23 11:14:00,595,United Kingdom
16517,1,96.0,17,162.7,162.7,2011-03-07 13:50:00,277,United Kingdom
18174,2,80.0,1,162.5,81.25,2011-12-02 16:56:00,7,United Kingdom
12954,1,83.0,10,162.45,162.45,2010-03-11 10:16:00,638,United Kingdom
15733,1,62.0,10,162.3,162.3,2011-03-02 09:05:00,282,United Kingdom
15534,1,63.0,8,162.25,162.25,2009-12-14 12:48:00,725,United Kingdom
16443,1,96.0,1,162.24,162.24,2010-07-07 11:57:00,520,United Kingdom
12661,1,216.0,11,162.0,162.0,2010-09-29 16:46:00,436,Sweden
17971,1,62.0,21,161.94,161.94,2010-06-09 14:04:00,548,United Kingdom
17600,1,144.0,13,161.67,161.67,2011-11-22 09:43:00,17,United Kingdom
14571,1,57.0,30,161.65,161.65,2010-10-10 15:06:00,425,United Kingdom
15499,1,60.0,40,161.6,161.6,2009-12-16 12:17:00,723,United Kingdom
16113,1,176.0,30,161.38,161.38,2011-06-09 16:16:00,183,United Kingdom
13714,1,50.0,30,161.35,161.35,2010-08-31 13:57:00,465,United Kingdom
14362,1,100.0,37,161.2,161.2,2011-11-17 15:08:00,22,United Kingdom
13779,1,53.0,27,161.13,161.13,2010-07-12 11:24:00,515,United Kingdom
13701,1,80.0,9,161.0,161.0,2010-09-19 12:39:00,446,United Kingdom
14089,1,134.0,13,161.0,161.0,2011-10-14 10:38:00,56,United Kingdom
13229,1,63.0,10,160.95,160.95,2011-04-28 12:07:00,225,United Kingdom
17953,1,99.0,20,160.82,160.82,2010-06-17 15:08:00,540,United Kingdom
17605,1,71.0,13,160.75,160.75,2010-04-28 14:45:00,590,United Kingdom
17202,1,55.0,8,160.65,160.65,2010-10-15 11:25:00,420,United Kingdom
17487,1,37.0,8,160.55,160.55,2009-12-11 15:06:00,728,United Kingdom
15229,1,114.0,9,160.5,160.5,2010-05-02 13:50:00,586,United Kingdom
14814,1,96.0,28,160.46,160.46,2010-05-07 14:10:00,581,United Kingdom
16645,1,117.0,14,160.39,160.39,2009-12-04 09:49:00,735,United Kingdom
18146,2,153.0,10,160.35,80.18,2011-07-22 12:08:00,140,United Kingdom
12966,1,75.0,10,160.18,160.18,2011-11-30 12:38:00,9,United Kingdom
13420,2,101.0,8,159.85,79.93,2011-07-13 08:48:00,149,United Kingdom
13302,2,12.0,3,159.2,79.6,2011-07-07 17:56:00,155,United Kingdom
16213,1,48.0,6,159.0,159.0,2011-09-22 10:03:00,78,United Kingdom
18224,1,69.0,10,158.95,158.95,2011-03-21 10:30:00,263,United Kingdom
13125,1,54.0,20,158.57,158.57,2010-07-04 11:58:00,523,United Kingdom
15548,1,64.0,23,158.09,158.09,2010-04-23 12:20:00,595,United Kingdom
15348,1,84.0,9,158.04,158.04,2011-09-28 13:17:00,72,United Kingdom
14318,1,152.0,9,158.02,158.02,2010-09-05 15:32:00,460,United Kingdom
17751,1,147.0,31,157.86,157.86,2010-10-14 13:57:00,421,United Kingdom
14207,1,36.0,2,157.8,157.8,2010-01-21 09:33:00,687,United Kingdom
14822,1,94.0,9,157.7,157.7,2010-08-11 12:52:00,485,United Kingdom
16687,1,141.0,8,157.63,157.63,2010-11-14 11:46:00,390,United Kingdom
12894,1,33.0,21,157.35,157.35,2010-05-13 14:47:00,575,United Kingdom
16371,1,108.0,11,157.2,157.2,2010-09-17 12:09:00,448,United Kingdom
17128,1,76.0,14,157.09,157.09,2011-01-09 12:02:00,334,United Kingdom
17118,1,154.0,10,157.02,157.02,2011-01-26 12:19:00,317,United Kingdom
15007,1,69.0,12,156.91,156.91,2011-07-03 16:00:00,159,United Kingdom
15742,1,51.0,41,156.87,156.87,2010-03-30 15:25:00,619,United Kingdom
13830,1,47.0,11,156.85,156.85,2010-05-07 12:24:00,581,United Kingdom
14406,1,77.0,8,156.75,156.75,2011-08-12 16:54:00,119,United Kingdom
16578,1,108.0,9,156.6,156.6,2010-03-23 15:11:00,626,United Kingdom
15438,1,59.0,25,156.58,156.58,2011-07-31 14:19:00,131,United Kingdom
15263,1,89.0,12,156.51,156.51,2011-08-25 10:26:00,106,United Kingdom
13051,2,72.0,4,155.8,77.9,2010-05-10 09:14:00,578,United Kingdom
17899,1,171.0,29,155.8,155.8,2011-07-03 14:58:00,159,United Kingdom
17832,1,208.0,61,155.37,155.37,2011-10-21 11:43:00,49,United Kingdom
14368,1,36.0,8,155.0,155.0,2011-01-24 09:52:00,319,United Kingdom
14046,1,460.0,14,154.99,154.99,2011-02-28 14:48:00,284,United Kingdom
17698,1,93.0,8,154.95,154.95,2011-03-24 11:34:00,260,United Kingdom
15740,1,152.0,9,154.88,154.88,2011-10-21 14:29:00,49,United Kingdom
15226,1,71.0,8,154.41,154.41,2011-02-02 11:41:00,310,United Kingdom
13490,1,25.0,8,154.25,154.25,2010-02-23 14:48:00,654,United Kingdom
17517,1,102.0,11,153.94,153.94,2011-02-04 11:48:00,308,United Kingdom
15560,2,72.0,10,153.52,76.76,2010-11-07 10:15:00,397,United Kingdom
15431,1,84.0,2,153.24,153.24,2010-07-25 12:44:00,502,United Kingdom
12602,1,162.0,12,153.12,153.12,2011-10-12 11:22:00,58,France
16248,1,78.0,7,152.94,152.94,2011-10-09 11:32:00,61,United Kingdom
16507,1,116.0,37,152.76,152.76,2010-05-16 12:56:00,572,United Kingdom
18138,1,38.0,8,152.65,152.65,2011-02-17 14:51:00,295,United Kingdom
18113,1,144.0,1,152.64,152.64,2010-12-06 12:31:00,368,United Kingdom
14066,1,45.0,7,152.55,152.55,2011-03-18 12:21:00,266,United Kingdom
17327,2,59.0,3,152.35,76.18,2010-10-26 09:54:00,409,United Kingdom
13653,1,72.0,9,152.2,152.2,2010-08-09 08:19:00,487,United Kingdom
16617,1,91.0,5,151.85,151.85,2011-04-18 10:35:00,235,United Kingdom
18076,1,164.0,8,151.49,151.49,2010-11-24 14:02:00,380,United Kingdom
13697,1,177.0,12,151.3,151.3,2011-11-01 09:14:00,38,United Kingdom
16337,1,87.0,10,151.05,151.05,2011-11-03 10:03:00,36,United Kingdom
14073,1,130.0,13,151.04,151.04,2011-11-07 15:49:00,32,United Kingdom
12959,1,109.0,8,150.95,150.95,2010-08-12 17:20:00,484,United Kingdom
14980,1,79.0,24,150.68,150.68,2009-12-02 14:09:00,737,United Kingdom
15991,1,41.0,6,150.55,150.55,2010-06-23 15:50:00,534,United Kingdom
14084,1,306.0,7,150.5,150.5,2010-07-15 14:36:00,512,United Kingdom
15775,2,260.0,9,150.5,75.25,2011-04-08 12:56:00,245,United Kingdom
14845,1,600.0,1,150.0,150.0,2010-04-19 10:19:00,599,United Kingdom
17234,1,55.0,14,149.89,149.89,2011-06-10 11:20:00,182,United Kingdom
13257,1,33.0,7,149.75,149.75,2010-09-29 14:58:00,436,United Kingdom
17946,2,75.0,18,149.58,74.79,2011-04-20 17:00:00,233,United Kingdom
18038,1,85.0,25,149.41,149.41,2010-06-01 15:59:00,556,United Kingdom
17390,1,49.0,12,149.3,149.3,2010-10-15 11:29:00,420,United Kingdom
15435,1,54.0,29,149.29,149.29,2011-11-17 16:39:00,22,United Kingdom
13003,3,103.0,4,149.05,49.68,2011-08-26 10:50:00,105,United Kingdom
17549,2,210.0,5,148.86,74.43,2011-11-16 09:59:00,23,United Kingdom
15526,2,24.0,4,148.44,74.22,2011-11-06 15:04:00,33,United Kingdom
15283,3,27.0,9,148.33,49.44,2010-11-14 14:54:00,390,United Kingdom
17592,1,38.0,13,148.3,148.3,2009-12-01 10:49:00,738,United Kingdom
13457,2,96.0,9,148.22,74.11,2010-01-20 08:48:00,688,United Kingdom
17859,1,127.0,23,148.21,148.21,2011-02-08 10:32:00,304,United Kingdom
13578,1,127.0,9,147.66,147.66,2010-10-26 13:44:00,409,United Kingdom
15479,1,38.0,9,147.4,147.4,2009-12-06 15:08:00,733,United Kingdom
14098,1,104.0,21,147.35,147.35,2011-11-03 10:13:00,36,United Kingdom
16724,1,69.0,17,147.35,147.35,2010-10-31 11:40:00,404,United Kingdom
17794,2,46.0,7,147.3,73.65,2010-01-22 10:18:00,686,United Kingdom
17030,1,146.0,11,146.87,146.87,2011-10-07 08:49:00,63,United Kingdom
14683,1,386.0,21,146.56,146.56,2010-04-30 17:18:00,588,United Kingdom
15496,1,98.0,22,146.14,146.14,2010-03-18 13:16:00,631,United Kingdom
18137,2,59.0,26,145.99,73.0,2010-06-06 14:18:00,551,United Kingdom
12565,1,80.0,9,145.92,145.92,2011-02-24 10:34:00,288,Saudi Arabia
13866,1,57.0,7,145.67,145.67,2011-09-26 14:54:00,74,United Kingdom
15937,1,73.0,7,145.35,145.35,2011-10-06 15:48:00,64,United Kingdom
17199,1,304.0,8,145.12,145.12,2010-05-06 13:53:00,582,United Kingdom
14972,2,40.0,20,145.07,72.54,2011-08-03 14:54:00,128,United Kingdom
16598,1,73.0,10,145.05,145.05,2011-02-27 11:42:00,285,United Kingdom
15902,1,124.0,18,145.01,145.01,2010-11-24 16:57:00,380,United Kingdom
16852,2,56.0,9,144.91,72.46,2011-11-29 13:22:00,10,United Kingdom
17938,1,53.0,29,144.29,144.29,2010-10-15 14:27:00,420,United Kingdom
14109,1,88.0,9,144.2,144.2,2011-09-28 10:18:00,72,United Kingdom
15816,2,54.0,11,144.15,72.08,2010-06-15 13:36:00,542,United Kingdom
12587,1,51.0,4,144.0,144.0,2011-12-02 12:47:00,7,Finland
17186,2,200.0,1,144.0,72.0,2011-10-24 10:20:00,46,United Kingdom
12387,1,134.0,9,143.94,143.94,2010-10-20 16:27:00,415,Australia
14604,1,88.0,20,143.86,143.86,2010-03-16 13:00:00,633,United Kingdom
14574,1,63.0,11,143.7,143.7,2009-12-07 12:42:00,732,United Kingdom
15705,1,62.0,6,143.1,143.1,2011-05-22 15:37:00,201,United Kingdom
17149,1,18.0,6,143.1,143.1,2010-09-14 14:56:00,451,United Kingdom
15761,1,31.0,5,143.05,143.05,2010-09-23 09:33:00,442,United Kingdom
14386,1,54.0,7,142.4,142.4,2011-02-16 09:45:00,296,United Kingdom
14041,1,94.0,21,141.41,141.41,2011-03-18 13:25:00,266,United Kingdom
17273,1,133.0,12,141.12,141.12,2010-10-11 15:57:00,424,United Kingdom
12636,1,1.0,1,141.0,141.0,2009-12-01 09:55:00,738,USA
17959,1,49.0,2,140.75,140.75,2010-04-26 14:12:00,592,United Kingdom
14773,1,53.0,10,140.55,140.55,2010-04-26 10:29:00,592,United Kingdom
15388,1,88.0,10,140.54,140.54,2011-03-14 13:53:00,270,Canada
15702,2,103.0,30,140.39,70.2,2010-08-20 14:50:00,476,Nigeria
13483,1,160.0,10,140.34,140.34,2011-10-05 11:53:00,65,United Kingdom
15324,1,74.0,8,140.22,140.22,2010-01-07 14:37:00,701,United Kingdom
13839,1,25.0,7,139.95,139.95,2010-08-10 13:52:00,486,United Kingdom
15848,1,46.0,34,139.94,139.94,2010-03-28 10:54:00,621,United Kingdom
16840,2,117.0,9,139.85,69.93,2010-04-15 15:48:00,603,United Kingdom
16483,1,44.0,19,139.35,139.35,2011-05-31 13:08:00,192,United Kingdom
14772,1,82.0,9,139.26,139.26,2011-08-19 15:04:00,112,United Kingdom
14707,2,96.0,1,139.2,69.6,2010-09-30 11:37:00,435,United Kingdom
18209,1,58.0,8,139.1,139.1,2011-11-11 12:07:00,28,United Kingdom
13273,1,153.0,16,138.98,138.98,2011-08-18 14:02:00,113,United Kingdom
12902,1,66.0,10,138.68,138.68,2011-03-20 12:06:00,264,United Kingdom
13716,1,138.0,21,138.28,138.28,2011-03-15 13:49:00,269,United Kingdom
17982,1,117.0,13,138.18,138.18,2010-01-28 09:38:00,680,United Kingdom
15663,1,106.0,9,138.14,138.14,2011-08-25 15:50:00,106,United Kingdom
12512,2,99.0,31,138.03,69.02,2011-10-04 14:55:00,66,Israel
16396,1,80.0,8,137.8,137.8,2010-08-20 14:17:00,476,United Kingdom
13279,1,73.0,9,137.75,137.75,2011-09-22 17:24:00,78,United Kingdom
15836,1,26.0,10,137.37,137.37,2011-10-20 17:13:00,50,United Kingdom
13907,1,68.0,4,136.8,136.8,2010-01-17 12:22:00,691,United Kingdom
16237,1,57.0,7,136.65,136.65,2010-09-28 17:02:00,437,United Kingdom
16289,1,97.0,21,136.31,136.31,2010-09-03 14:02:00,462,United Kingdom
16651,1,60.0,6,136.2,136.2,2010-05-02 11:46:00,586,United Kingdom
17972,1,37.0,30,136.04,136.04,2011-04-12 12:16:00,241,United Kingdom
16876,1,181.0,32,136.01,136.01,2010-11-01 11:59:00,403,United Kingdom
14366,1,16.0,1,136.0,136.0,2010-07-02 17:23:00,525,United Kingdom
16462,3,16.0,1,136.0,45.33,2011-09-27 10:24:00,73,United Kingdom
12968,1,73.0,5,135.95,135.95,2011-08-19 15:44:00,112,United Kingdom
17583,1,55.0,7,135.95,135.95,2010-05-28 14:24:00,560,United Kingdom
14889,1,90.0,10,135.9,135.9,2011-01-07 15:19:00,336,United Kingdom
15419,1,230.0,8,135.86,135.86,2011-11-15 09:23:00,24,United Kingdom
16114,1,43.0,8,135.75,135.75,2011-06-22 10:13:00,170,United Kingdom
14391,1,168.0,14,135.6,135.6,2010-05-12 09:42:00,576,United Kingdom
13076,1,44.0,9,135.4,135.4,2010-09-08 10:27:00,457,United Kingdom
16665,1,59.0,9,135.4,135.4,2010-12-12 14:03:00,362,United Kingdom
14588,1,62.0,16,135.39,135.39,2010-05-10 15:08:00,578,United Kingdom
13144,2,29.0,6,135.35,67.68,2011-01-11 11:15:00,332,United Kingdom
13702,1,74.0,5,135.18,135.18,2010-09-20 11:40:00,445,United Kingdom
17960,3,60.0,37,135.08,45.03,2011-06-21 14:15:00,171,United Kingdom
13364,1,71.0,10,134.96,134.96,2011-09-29 18:13:00,71,United Kingdom
13119,1,110.0,11,134.9,134.9,2010-02-09 08:38:00,668,United Kingdom
16055,1,22.0,8,134.8,134.8,2011-05-03 09:26:00,220,United Kingdom
14340,1,58.0,6,134.7,134.7,2011-05-05 09:44:00,218,United Kingdom
17826,1,85.0,33,134.59,134.59,2010-11-30 13:23:00,374,United Kingdom
14174,1,94.0,26,134.46,134.46,2011-11-06 13:17:00,33,United Kingdom
15926,1,155.0,7,134.44,134.44,2010-06-15 15:23:00,542,United Kingdom
16486,1,24.0,7,134.36,134.36,2010-06-20 12:16:00,537,United Kingdom
14280,1,52.0,8,134.04,134.04,2011-05-27 10:37:00,196,United Kingdom
16886,1,48.0,8,134.0,134.0,2010-09-09 15:08:00,456,United Kingdom
14349,1,86.0,31,133.5,133.5,2011-11-29 15:39:00,10,United Kingdom
15056,1,81.0,6,133.45,133.45,2010-07-07 15:58:00,520,United Kingdom
17881,1,32.0,8,133.35,133.35,2011-02-08 17:16:00,304,United Kingdom
12467,1,129.0,9,132.8,132.8,2010-10-12 15:41:00,423,USA
17909,1,41.0,8,132.55,132.55,2009-12-02 13:10:00,737,United Kingdom
12964,1,56.0,26,132.24,132.24,2010-09-28 17:47:00,437,United Kingdom
14444,1,180.0,11,132.04,132.04,2010-09-09 18:56:00,456,United Kingdom
14438,1,82.0,9,131.9,131.9,2011-02-06 14:56:00,306,United Kingdom
17565,1,67.0,30,131.83,131.83,2010-05-02 11:54:00,586,United Kingdom
17297,1,67.0,49,131.78,131.78,2011-11-22 14:43:00,17,United Kingdom
17455,1,66.0,8,131.7,131.7,2011-05-20 12:31:00,203,United Kingdom
13586,1,39.0,20,131.53,131.53,2010-06-16 13:47:00,541,United Kingdom
14795,1,17.0,6,131.45,131.45,2011-06-26 13:04:00,166,United Kingdom
14378,1,57.0,9,131.25,131.25,2010-03-28 12:22:00,621,United Kingdom
15409,1,59.0,9,131.25,131.25,2009-12-18 15:35:00,721,United Kingdom
17225,1,36.0,5,131.15,131.15,2010-05-07 11:38:00,581,United Kingdom
16865,1,157.0,15,130.95,130.95,2010-11-03 11:34:00,401,United Kingdom
15844,1,134.0,11,130.74,130.74,2011-10-24 15:19:00,46,United Kingdom
17240,1,108.0,7,130.6,130.6,2010-04-22 15:44:00,596,United Kingdom
16410,1,348.0,5,130.32,130.32,2009-12-05 14:51:00,734,United Kingdom
17818,1,90.0,42,130.18,130.18,2009-12-02 11:34:00,737,United Kingdom
16288,1,19.0,7,129.85,129.85,2010-08-26 14:45:00,470,United Kingdom
15317,1,45.0,5,129.75,129.75,2010-01-31 15:55:00,677,United Kingdom
17762,1,129.0,16,129.75,129.75,2010-09-09 17:40:00,456,United Kingdom
14865,4,300.0,4,129.72,32.43,2011-12-02 16:25:00,7,United Kingdom
17847,2,29.0,9,129.69,64.85,2010-07-12 10:00:00,515,United Kingdom
14999,1,88.0,9,129.48,129.48,2010-04-26 10:47:00,592,United Kingdom
12555,1,1.0,1,129.23,129.23,2010-01-26 16:26:00,682,Spain
13071,1,30.0,12,129.22,129.22,2010-04-06 13:37:00,612,United Kingdom
17056,1,26.0,8,128.6,128.6,2009-12-01 12:55:00,738,United Kingdom
16828,2,59.0,8,128.5,64.25,2011-09-07 15:10:00,93,United Kingdom
17089,1,35.0,4,128.45,128.45,2010-11-18 15:33:00,386,United Kingdom
16251,1,44.0,20,128.31,128.31,2010-07-15 14:55:00,512,United Kingdom
15892,1,46.0,38,128.2,128.2,2010-02-08 16:23:00,669,United Kingdom
13666,5,54.0,19,127.9,25.58,2011-10-10 15:39:00,60,United Kingdom
16397,1,50.0,9,127.88,127.88,2010-03-21 15:36:00,628,United Kingdom
13053,1,47.0,17,127.65,127.65,2010-03-28 11:28:00,621,United Kingdom
15578,1,52.0,13,127.1,127.1,2011-06-30 13:03:00,162,United Kingdom
16973,1,60.0,6,127.0,127.0,2010-11-18 13:56:00,386,United Kingdom
14751,2,65.0,7,126.45,63.23,2010-01-24 13:37:00,684,United Kingdom
15463,1,106.0,7,126.14,126.14,2011-11-10 12:57:00,29,United Kingdom
16294,1,54.0,8,126.05,126.05,2010-08-20 12:01:00,476,United Kingdom
13794,1,63.0,9,126.03,126.03,2010-06-11 12:30:00,546,United Kingdom
17657,1,60.0,7,126.0,126.0,2010-10-05 14:52:00,430,United Kingdom
12814,1,49.0,2,125.92,125.92,2011-08-30 12:11:00,101,Poland
13522,1,44.0,5,125.8,125.8,2011-11-09 15:11:00,30,United Kingdom
16925,1,123.0,18,125.65,125.65,2010-06-17 15:03:00,540,United Kingdom
15017,1,63.0,20,125.58,125.58,2011-11-06 10:33:00,33,United Kingdom
15731,1,122.0,8,125.3,125.3,2010-06-04 10:10:00,553,United Kingdom
13912,1,29.0,7,124.95,124.95,2010-10-12 08:43:00,423,United Kingdom
17148,1,82.0,9,124.88,124.88,2011-10-19 09:59:00,51,United Kingdom
13312,1,41.0,5,124.75,124.75,2010-09-14 14:36:00,451,United Kingdom
14726,1,91.0,15,124.75,124.75,2010-02-23 12:35:00,654,United Kingdom
16849,1,33.0,8,124.57,124.57,2011-06-06 09:16:00,186,United Kingdom
17541,1,46.0,31,124.46,124.46,2010-07-18 11:36:00,509,United Kingdom
17316,1,44.0,35,124.45,124.45,2010-10-15 14:35:00,420,United Kingdom
12773,1,109.0,6,124.25,124.25,2010-05-24 17:30:00,564,Portugal
18000,1,109.0,6,124.25,124.25,2010-05-24 17:34:00,564,United Kingdom
15779,2,20.0,8,124.08,62.04,2010-09-02 16:40:00,463,United Kingdom
13968,1,174.0,8,123.66,123.66,2010-10-12 13:22:00,423,United Kingdom
14187,1,50.0,8,123.5,123.5,2010-08-23 12:06:00,473,United Kingdom
15927,1,69.0,13,123.39,123.39,2010-03-02 13:25:00,647,United Kingdom
16068,1,52.0,34,122.93,122.93,2010-04-25 11:52:00,593,United Kingdom
13876,1,36.0,7,122.7,122.7,2011-10-07 10:22:00,63,United Kingdom
13638,1,93.0,8,122.64,122.64,2011-11-24 10:38:00,15,United Kingdom
14165,1,54.0,23,122.54,122.54,2011-03-09 12:39:00,275,United Kingdom
14076,1,81.0,43,122.47,122.47,2011-08-02 15:19:00,129,United Kingdom
12969,1,55.0,5,122.45,122.45,2010-04-16 10:50:00,602,United Kingdom
13084,1,144.0,2,122.4,122.4,2010-08-05 08:49:00,491,United Kingdom
16073,1,48.0,1,122.4,122.4,2011-02-15 15:41:00,297,United Kingdom
13244,1,38.0,27,121.74,121.74,2011-09-08 11:46:00,92,United Kingdom
13182,1,201.0,11,121.18,121.18,2011-10-25 13:46:00,45,United Kingdom
15049,1,63.0,3,121.17,121.17,2011-03-11 12:13:00,273,United Kingdom
17260,1,23.0,6,120.95,120.95,2010-10-24 13:21:00,411,United Kingdom
17446,2,198.0,6,120.9,60.45,2011-06-16 10:42:00,176,United Kingdom
14884,1,72.0,8,120.6,120.6,2010-02-08 12:56:00,669,United Kingdom
17543,1,62.0,13,120.05,120.05,2010-06-08 12:41:00,549,United Kingdom
18015,1,157.0,46,120.03,120.03,2011-12-05 14:49:00,4,United Kingdom
14259,1,68.0,5,120.0,120.0,2011-07-21 10:44:00,141,United Kingdom
14453,1,49.0,22,119.93,119.93,2011-06-02 14:15:00,190,United Kingdom
15161,1,144.0,33,119.92,119.92,2010-11-16 16:08:00,388,United Kingdom
17177,1,40.0,29,119.5,119.5,2010-07-22 14:53:00,505,United Kingdom
15843,1,27.0,8,118.95,118.95,2011-02-09 10:19:00,303,United Kingdom
17280,1,74.0,6,118.86,118.86,2010-09-27 16:46:00,438,United Kingdom
17079,1,24.0,2,118.8,118.8,2011-09-22 15:34:00,78,United Kingdom
14155,1,25.0,6,118.75,118.75,2011-03-18 14:13:00,266,United Kingdom
13193,1,50.0,22,117.88,117.88,2011-10-09 14:30:00,61,United Kingdom
12929,1,37.0,8,117.85,117.85,2011-02-01 12:08:00,311,United Kingdom
16291,1,1.0,1,117.72,117.72,2010-01-26 16:26:00,682,Portugal
17654,1,41.0,22,117.55,117.55,2011-03-07 13:17:00,277,United Kingdom
16959,1,49.0,7,117.35,117.35,2011-09-13 15:03:00,87,United Kingdom
17117,1,68.0,9,116.2,116.2,2011-02-24 13:54:00,288,United Kingdom
14874,1,148.0,6,116.18,116.18,2010-06-22 14:58:00,535,United Kingdom
13170,1,147.0,29,116.01,116.01,2011-11-13 12:19:00,26,United Kingdom
14143,1,30.0,7,115.8,115.8,2011-07-29 09:48:00,133,United Kingdom
14721,1,59.0,24,115.77,115.77,2010-11-25 13:08:00,379,United Kingdom
13241,1,48.0,40,115.58,115.58,2010-10-24 11:17:00,411,United Kingdom
17208,1,103.0,21,115.35,115.35,2010-11-09 12:50:00,395,United Kingdom
18027,1,78.0,21,115.31,115.31,2011-09-02 10:38:00,98,United Kingdom
18012,1,63.0,13,115.3,115.3,2009-12-16 13:16:00,723,United Kingdom
15352,1,43.0,34,114.95,114.95,2010-06-09 11:28:00,548,United Kingdom
17401,1,34.0,11,114.85,114.85,2010-06-16 16:54:00,541,United Kingdom
15905,1,82.0,22,114.69,114.69,2010-06-14 16:00:00,543,United Kingdom
17933,1,63.0,12,114.69,114.69,2010-03-17 15:11:00,632,United Kingdom
13188,1,25.0,2,114.6,114.6,2011-11-28 15:28:00,11,United Kingdom
14632,1,96.0,8,114.56,114.56,2011-03-22 08:49:00,262,United Kingdom
16247,1,182.0,16,114.56,114.56,2011-06-22 14:23:00,170,United Kingdom
17275,1,72.0,23,114.52,114.52,2010-11-21 13:26:00,383,United Kingdom
14974,1,44.0,17,114.39,114.39,2011-11-02 13:01:00,37,United Kingdom
14652,1,53.0,29,114.18,114.18,2011-09-23 14:21:00,77,United Kingdom
12938,1,140.0,9,114.14,114.14,2011-11-14 11:21:00,25,United Kingdom
14582,1,73.0,6,114.11,114.11,2011-10-30 11:56:00,40,United Kingdom
18148,1,64.0,9,114.1,114.1,2010-03-03 11:40:00,646,United Kingdom
14457,1,88.0,4,113.64,113.64,2011-02-02 09:39:00,310,United Kingdom
18105,1,46.0,18,113.48,113.48,2011-11-02 12:04:00,37,United Kingdom
16821,1,13.0,7,113.35,113.35,2010-11-23 10:04:00,381,United Kingdom
17784,1,72.0,19,112.86,112.86,2010-06-07 16:08:00,550,United Kingdom
14689,1,76.0,13,112.8,112.8,2011-05-15 11:22:00,208,United Kingdom
16697,1,27.0,20,112.75,112.75,2011-04-12 17:12:00,241,United Kingdom
18129,1,48.0,13,112.55,112.55,2011-04-10 14:16:00,243,United Kingdom
15899,1,78.0,4,112.5,112.5,2010-12-06 10:36:00,368,United Kingdom
15610,1,66.0,6,112.46,112.46,2011-10-19 10:36:00,51,United Kingdom
13620,1,74.0,5,112.34,112.34,2010-06-29 15:02:00,528,United Kingdom
17816,6,96.0,41,112.32,18.72,2011-11-03 11:34:00,36,United Kingdom
17893,1,161.0,15,112.25,112.25,2011-04-28 13:50:00,225,United Kingdom
17900,2,73.0,4,112.2,56.1,2011-06-02 14:38:00,190,United Kingdom
12756,1,144.0,4,112.08,112.08,2011-09-14 09:31:00,86,Japan
14750,1,65.0,32,112.03,112.03,2009-12-03 17:57:00,736,United Kingdom
15875,1,76.0,18,111.72,111.72,2010-03-03 16:51:00,646,United Kingdom
16547,1,113.0,25,111.71,111.71,2010-06-11 13:02:00,546,United Kingdom
17957,1,287.0,31,111.68,111.68,2011-10-04 14:58:00,66,United Kingdom
14668,1,49.0,10,111.63,111.63,2010-09-20 15:03:00,445,United Kingdom
18124,1,51.0,20,111.53,111.53,2010-08-24 17:21:00,472,United Kingdom
17304,1,73.0,5,111.5,111.5,2010-06-23 16:23:00,534,United Kingdom
17887,1,30.0,10,111.35,111.35,2011-08-02 17:29:00,129,United Kingdom
18120,1,31.0,17,111.15,111.15,2011-05-09 13:45:00,214,United Kingdom
14464,2,62.0,4,111.0,55.5,2010-05-20 18:00:00,568,United Kingdom
16064,1,56.0,17,111.0,111.0,2009-12-14 16:11:00,725,United Kingdom
12692,1,36.0,13,110.95,110.95,2010-03-12 14:02:00,637,France
14509,1,38.0,25,110.95,110.95,2010-06-23 13:21:00,534,United Kingdom
15537,1,29.0,24,110.92,110.92,2011-06-29 13:10:00,163,United Kingdom
15853,1,135.0,29,110.8,110.8,2011-10-19 10:38:00,51,United Kingdom
18256,1,180.0,10,110.7,110.7,2010-11-17 08:53:00,387,United Kingdom
14787,1,59.0,14,110.65,110.65,2010-08-25 14:38:00,471,United Kingdom
16963,1,35.0,7,110.55,110.55,2011-06-05 13:48:00,187,United Kingdom
14641,1,90.0,7,110.46,110.46,2011-11-18 10:42:00,21,United Kingdom
17836,1,88.0,23,110.21,110.21,2011-10-23 16:13:00,47,United Kingdom
16339,1,23.0,17,109.95,109.95,2011-02-28 13:41:00,284,United Kingdom
15851,1,67.0,8,109.73,109.73,2010-07-01 12:34:00,526,United Kingdom
14033,1,576.0,1,109.44,109.44,2010-06-02 15:10:00,555,United Kingdom
16363,1,52.0,5,109.36,109.36,2011-10-17 14:14:00,53,United Kingdom
16664,1,24.0,8,109.2,109.2,2010-05-19 17:11:00,569,United Kingdom
14345,1,50.0,6,108.98,108.98,2011-11-01 09:51:00,38,United Kingdom
16106,1,74.0,6,108.38,108.38,2011-10-05 10:37:00,65,United Kingdom
14374,1,20.0,7,108.0,108.0,2010-06-16 14:25:00,541,United Kingdom
14661,1,35.0,4,107.95,107.95,2011-11-13 11:51:00,26,United Kingdom
15583,1,63.0,37,107.86,107.86,2010-11-28 15:04:00,376,United Kingdom
13580,1,45.0,5,107.75,107.75,2010-10-29 15:01:00,406,United Kingdom
14943,1,46.0,5,107.62,107.62,2010-02-14 16:04:00,663,United Kingdom
15395,1,17.0,7,107.45,107.45,2011-01-18 12:40:00,325,United Kingdom
16301,1,41.0,6,107.33,107.33,2009-12-03 10:20:00,736,United Kingdom
15328,1,88.0,8,107.24,107.24,2010-10-28 09:05:00,407,United Kingdom
16047,1,1.0,1,107.14,107.14,2010-01-26 16:34:00,682,EIRE
15846,1,79.0,27,107.01,107.01,2010-11-19 14:40:00,385,United Kingdom
16630,1,72.0,4,106.8,106.8,2010-10-28 14:30:00,407,United Kingdom
16082,1,39.0,16,106.75,106.75,2010-02-07 15:16:00,670,United Kingdom
14637,1,100.0,7,106.68,106.68,2010-01-31 15:52:00,677,United Kingdom
15168,1,52.0,5,106.56,106.56,2011-11-14 11:26:00,25,United Kingdom
17791,1,46.0,10,106.1,106.1,2011-11-10 12:09:00,29,United Kingdom
16581,1,134.0,9,105.84,105.84,2011-06-10 10:05:00,182,United Kingdom
18103,1,23.0,10,105.8,105.8,2010-06-08 13:36:00,549,United Kingdom
15642,1,270.0,6,105.78,105.78,2009-12-10 11:51:00,729,United Kingdom
14579,1,56.0,24,105.56,105.56,2010-10-03 14:36:00,432,United Kingdom
15340,1,76.0,7,105.5,105.5,2010-05-27 10:27:00,561,United Kingdom
14027,1,62.0,6,104.82,104.82,2011-10-10 09:01:00,60,United Kingdom
17328,1,86.0,6,104.7,104.7,2010-02-04 17:11:00,673,United Kingdom
16375,2,74.0,11,104.0,52.0,2010-08-26 14:25:00,470,United Kingdom
16896,1,18.0,18,103.95,103.95,2010-06-02 15:40:00,555,United Kingdom
14542,1,19.0,5,103.25,103.25,2011-06-07 08:19:00,185,United Kingdom
15924,1,103.0,14,102.82,102.82,2009-12-08 15:00:00,731,United Kingdom
17467,1,20.0,4,102.6,102.6,2010-11-09 12:58:00,395,United Kingdom
14836,3,45.0,5,102.45,34.15,2011-11-29 16:45:00,10,United Kingdom
13829,1,12.0,1,102.0,102.0,2010-10-14 18:19:00,421,United Kingdom
15486,1,40.0,1,102.0,102.0,2010-06-30 13:15:00,527,United Kingdom
16516,1,58.0,6,101.7,101.7,2011-11-09 14:59:00,30,United Kingdom
18068,1,6.0,1,101.7,101.7,2011-02-23 14:50:00,289,United Kingdom
16944,1,27.0,7,101.36,101.36,2010-04-09 11:03:00,609,United Kingdom
18086,1,106.0,7,101.34,101.34,2011-03-10 13:34:00,274,United Kingdom
18195,1,60.0,5,101.16,101.16,2010-11-17 15:03:00,387,United Kingdom
13011,1,26.0,3,101.1,101.1,2010-12-02 17:22:00,372,United Kingdom
17741,2,114.0,6,101.1,50.55,2010-10-29 11:59:00,406,United Kingdom
16498,2,45.0,15,100.97,50.49,2011-07-01 15:07:00,161,United Kingdom
17493,1,62.0,8,100.91,100.91,2010-11-19 16:57:00,385,United Kingdom
14946,1,22.0,3,100.9,100.9,2011-11-25 13:33:00,14,United Kingdom
17224,1,65.0,8,100.86,100.86,2010-07-26 13:30:00,501,United Kingdom
17427,1,34.0,2,100.8,100.8,2011-09-29 11:29:00,71,United Kingdom
14371,1,34.0,4,100.5,100.5,2011-02-17 16:35:00,295,United Kingdom
15635,1,5.0,2,100.35,100.35,2010-11-09 08:58:00,395,United Kingdom
17570,1,1.0,1,100.0,100.0,2010-11-23 11:56:00,381,United Kingdom
17939,1,40.0,12,99.14,99.14,2011-07-03 12:27:00,159,United Kingdom
12774,1,53.0,6,98.7,98.7,2010-06-22 10:38:00,535,Netherlands
17538,1,134.0,9,98.42,98.42,2011-11-14 12:12:00,25,United Kingdom
16694,1,26.0,3,98.3,98.3,2009-12-16 15:45:00,723,United Kingdom
17895,1,130.0,15,98.0,98.0,2011-10-26 17:00:00,44,United Kingdom
18033,1,253.0,32,97.97,97.97,2011-10-05 17:28:00,65,United Kingdom
12984,1,26.0,4,97.5,97.5,2011-11-21 12:37:00,18,United Kingdom
17395,1,66.0,3,97.5,97.5,2010-07-19 15:34:00,508,United Kingdom
14642,1,76.0,2,96.12,96.12,2011-10-12 11:08:00,58,United Kingdom
13793,1,52.0,7,96.0,96.0,2010-03-03 08:25:00,646,United Kingdom
17024,3,69.0,2,95.85,31.95,2011-10-25 13:47:00,45,United Kingdom
18249,1,128.0,8,95.34,95.34,2011-11-22 15:07:00,17,United Kingdom
12548,1,49.0,5,95.2,95.2,2011-06-26 15:35:00,166,Spain
15285,1,120.0,6,94.92,94.92,2010-10-28 09:46:00,407,United Kingdom
14833,1,58.0,7,94.8,94.8,2010-07-29 10:06:00,498,United Kingdom
15868,1,57.0,4,94.53,94.53,2010-05-05 14:11:00,583,United Kingdom
15397,1,20.0,6,94.0,94.0,2011-02-23 09:25:00,289,United Kingdom
14394,1,58.0,6,93.8,93.8,2010-05-24 10:43:00,564,United Kingdom
15305,1,40.0,5,93.6,93.6,2010-06-02 13:50:00,555,United Kingdom
12992,1,21.0,6,93.35,93.35,2009-12-14 16:46:00,725,United Kingdom
15082,1,43.0,6,93.35,93.35,2010-02-09 10:23:00,668,United Kingdom
16196,1,26.0,4,93.3,93.3,2010-08-08 11:40:00,488,United Kingdom
14054,1,62.0,6,92.46,92.46,2011-10-05 15:49:00,65,United Kingdom
13160,1,56.0,4,91.8,91.8,2011-11-17 13:07:00,22,United Kingdom
16831,1,48.0,6,91.8,91.8,2010-05-24 09:08:00,564,United Kingdom
12659,1,105.0,5,91.68,91.68,2011-11-10 11:53:00,29,France
13392,1,82.0,8,91.14,91.14,2010-01-31 13:34:00,677,United Kingdom
14786,1,112.0,7,90.96,90.96,2010-06-07 13:42:00,550,United Kingdom
13947,1,44.0,5,90.6,90.6,2011-10-05 14:42:00,65,United Kingdom
14435,1,282.0,3,90.42,90.42,2010-07-26 12:33:00,501,United Kingdom
16506,2,42.0,3,90.3,45.15,2011-11-20 12:17:00,19,United Kingdom
16597,1,184.0,7,90.04,90.04,2011-12-05 15:44:00,4,United Kingdom
14117,1,72.0,3,90.0,90.0,2011-07-19 09:49:00,143,United Kingdom
15686,1,72.0,1,90.0,90.0,2010-10-15 13:50:00,420,United Kingdom
16061,1,19.0,3,89.65,89.65,2010-10-04 15:29:00,431,United Kingdom
13535,1,10.0,1,89.5,89.5,2010-11-02 11:49:00,402,United Kingdom
14760,1,40.0,5,89.2,89.2,2011-02-15 16:27:00,297,United Kingdom
13222,1,30.0,1,88.5,88.5,2010-05-11 13:54:00,577,United Kingdom
15603,2,128.0,4,88.48,44.24,2011-09-22 10:04:00,78,United Kingdom
15083,1,38.0,5,88.2,88.2,2011-03-28 12:18:00,256,United Kingdom
16564,1,40.0,5,87.8,87.8,2010-05-19 14:41:00,569,United Kingdom
17606,1,42.0,6,87.3,87.3,2009-12-02 13:32:00,737,United Kingdom
17763,4,41.0,11,86.15,21.54,2011-03-21 14:25:00,263,United Kingdom
13180,1,42.0,4,86.1,86.1,2010-04-11 13:37:00,607,United Kingdom
15541,1,49.0,29,85.13,85.13,2011-08-17 14:58:00,114,United Kingdom
13841,1,100.0,1,85.0,85.0,2011-04-01 12:10:00,252,United Kingdom
12401,1,11.0,5,84.3,84.3,2011-02-09 13:50:00,303,Belgium
15094,2,28.0,4,83.0,41.5,2010-09-02 16:55:00,463,United Kingdom
14347,1,48.0,6,82.6,82.6,2009-12-03 10:49:00,736,United Kingdom
13469,1,52.0,6,82.4,82.4,2010-02-24 15:03:00,653,United Kingdom
16028,1,18.0,5,82.2,82.2,2010-04-23 11:45:00,595,United Kingdom
13215,1,96.0,1,81.6,81.6,2010-11-02 18:26:00,402,United Kingdom
13006,1,55.0,4,81.57,81.57,2011-10-14 13:49:00,56,United Kingdom
17620,1,60.0,4,81.44,81.44,2011-10-11 12:08:00,59,United Kingdom
17008,1,24.0,1,81.36,81.36,2010-10-06 15:19:00,429,United Kingdom
14717,1,32.0,11,81.3,81.3,2009-12-06 13:05:00,733,United Kingdom
15170,1,33.0,4,81.15,81.15,2010-10-29 10:34:00,406,United Kingdom
17336,1,48.0,1,81.12,81.12,2010-08-24 15:37:00,472,United Kingdom
16789,1,32.0,5,80.8,80.8,2011-12-01 15:12:00,8,United Kingdom
17752,1,192.0,1,80.64,80.64,2010-12-15 16:19:00,359,United Kingdom
15833,1,24.0,5,80.4,80.4,2009-12-02 11:59:00,737,United Kingdom
15131,1,88.0,7,80.28,80.28,2010-11-10 12:07:00,394,United Kingdom
14190,1,2.0,1,79.9,79.9,2010-02-11 14:27:00,666,United Kingdom
16165,1,2.0,1,79.9,79.9,2010-07-22 14:17:00,505,United Kingdom
14589,1,10.0,3,79.5,79.5,2010-12-03 11:42:00,371,United Kingdom
14007,1,16.0,5,79.48,79.48,2010-07-15 09:06:00,512,United Kingdom
15753,1,144.0,1,79.2,79.2,2011-02-08 12:41:00,304,United Kingdom
17192,1,46.0,20,77.83,77.83,2010-06-21 16:07:00,536,United Kingdom
12570,1,1.0,1,77.52,77.52,2010-01-26 17:28:00,682,Spain
17942,1,38.0,2,77.5,77.5,2011-12-02 10:45:00,7,United Kingdom
14785,2,84.0,2,77.4,38.7,2011-11-29 13:21:00,10,United Kingdom
13132,1,20.0,3,77.3,77.3,2011-03-23 12:44:00,261,United Kingdom
16867,1,58.0,6,76.74,76.74,2010-01-19 09:11:00,689,United Kingdom
14373,1,17.0,4,76.55,76.55,2010-12-16 15:40:00,358,United Kingdom
14090,1,72.0,1,76.32,76.32,2011-01-19 10:51:00,324,United Kingdom
14613,1,72.0,1,76.32,76.32,2010-01-28 13:02:00,680,United Kingdom
15668,1,72.0,1,76.32,76.32,2011-05-06 10:39:00,217,United Kingdom
13219,1,11.0,11,76.23,76.23,2010-03-31 14:18:00,618,United Kingdom
17628,1,79.0,5,75.75,75.75,2011-09-19 15:21:00,81,United Kingdom
16610,1,66.0,6,75.66,75.66,2011-05-04 13:13:00,219,United Kingdom
14559,1,72.0,2,75.6,75.6,2010-11-14 16:05:00,390,United Kingdom
17944,1,85.0,24,75.41,75.41,2010-10-12 16:25:00,423,United Kingdom
16420,1,120.0,2,75.0,75.0,2010-11-08 15:15:00,396,United Kingdom
13095,1,144.0,6,74.4,74.4,2011-09-30 12:03:00,70,United Kingdom
12506,1,23.0,23,73.5,73.5,2011-04-21 08:54:00,232,France
18032,1,42.0,5,73.5,73.5,2011-01-09 15:32:00,334,United Kingdom
16171,1,24.0,3,73.2,73.2,2011-10-11 14:51:00,59,United Kingdom
17906,1,26.0,12,72.9,72.9,2011-04-06 17:25:00,247,United Kingdom
13105,1,100.0,1,72.0,72.0,2010-09-29 13:41:00,436,United Kingdom
16459,1,59.0,5,71.79,71.79,2009-12-10 12:42:00,729,United Kingdom
13938,1,70.0,7,71.66,71.66,2011-11-04 14:37:00,35,United Kingdom
13185,1,12.0,1,71.4,71.4,2011-03-17 11:56:00,267,United Kingdom
16970,1,12.0,2,71.4,71.4,2010-03-23 13:50:00,626,United Kingdom
17747,1,12.0,1,71.4,71.4,2011-08-19 08:13:00,112,United Kingdom
13915,1,24.0,2,70.8,70.8,2010-11-10 15:17:00,394,United Kingdom
14576,1,24.0,1,70.8,70.8,2010-12-02 17:51:00,372,United Kingdom
15564,2,42.0,4,70.74,35.37,2010-09-02 15:52:00,463,United Kingdom
12568,1,48.0,5,70.0,70.0,2010-03-05 09:15:00,644,Germany
13172,1,48.0,1,69.6,69.6,2010-11-04 15:10:00,400,United Kingdom
14906,1,1.0,1,68.44,68.44,2010-09-20 16:30:00,445,United Kingdom
12861,1,27.0,4,68.25,68.25,2010-03-30 11:39:00,619,United Kingdom
17249,1,79.0,27,68.03,68.03,2010-10-07 11:33:00,428,United Kingdom
14393,1,13.0,5,67.95,67.95,2011-05-05 18:16:00,218,United Kingdom
17532,1,30.0,4,65.34,65.34,2010-11-19 08:13:00,385,United Kingdom
13022,1,35.0,5,65.3,65.3,2010-10-06 10:50:00,429,Belgium
17216,1,22.0,13,65.05,65.05,2010-06-03 13:03:00,554,United Kingdom
13130,1,32.0,2,64.0,64.0,2011-09-06 15:30:00,94,United Kingdom
16238,1,85.0,6,63.66,63.66,2010-10-13 12:36:00,422,United Kingdom
17263,1,36.0,23,63.44,63.44,2011-05-15 14:32:00,208,United Kingdom
15470,1,232.0,4,63.42,63.42,2010-05-13 09:35:00,575,United Kingdom
12404,1,1.0,1,63.24,63.24,2010-01-26 16:25:00,682,Finland
16058,1,18.0,2,62.7,62.7,2010-10-29 16:48:00,406,United Kingdom
13218,1,88.0,5,62.64,62.64,2011-08-04 16:59:00,127,United Kingdom
14650,1,22.0,4,62.5,62.5,2010-04-29 20:27:00,589,United Kingdom
15516,3,27.0,15,62.43,20.81,2011-10-26 10:51:00,44,United Kingdom
13380,1,48.0,3,62.4,62.4,2010-10-03 10:18:00,432,United Kingdom
13303,1,26.0,4,61.72,61.72,2010-11-04 14:55:00,400,United Kingdom
13818,1,60.0,5,61.28,61.28,2010-10-06 12:35:00,429,United Kingdom
15375,1,84.0,6,60.96,60.96,2010-01-18 15:38:00,690,United Kingdom
16605,1,144.0,1,60.48,60.48,2009-12-15 19:03:00,724,United Kingdom
15250,1,48.0,3,60.0,60.0,2010-03-09 07:35:00,640,United Kingdom
17174,1,41.0,4,59.9,59.9,2011-05-06 11:47:00,217,United Kingdom
13391,1,4.0,1,59.8,59.8,2011-05-20 10:50:00,203,United Kingdom
13682,1,10.0,3,59.5,59.5,2011-06-05 14:06:00,187,United Kingdom
15233,1,12.0,1,59.4,59.4,2010-11-03 13:36:00,401,United Kingdom
15371,1,12.0,1,59.4,59.4,2010-02-15 13:14:00,662,United Kingdom
14384,1,30.0,3,58.5,58.5,2010-07-27 09:53:00,500,United Kingdom
12466,1,1.0,1,56.73,56.73,2010-01-26 16:26:00,682,France
17775,1,72.0,3,56.4,56.4,2011-03-30 10:50:00,254,United Kingdom
13366,1,144.0,1,56.16,56.16,2011-10-20 13:37:00,50,United Kingdom
15685,1,36.0,17,55.98,55.98,2010-09-15 13:43:00,450,United Kingdom
12776,1,46.0,4,55.5,55.5,2010-02-10 12:11:00,667,Portugal
12860,1,27.0,16,55.47,55.47,2010-01-15 15:22:00,693,United Kingdom
17494,1,26.0,3,54.7,54.7,2010-07-26 10:06:00,501,United Kingdom
12496,2,33.0,10,54.09,27.05,2010-03-29 14:06:00,620,Spain
13306,1,74.0,4,53.65,53.65,2010-10-05 14:55:00,430,United Kingdom
16349,1,9.0,9,53.5,53.5,2011-02-22 12:40:00,290,United Kingdom
17599,1,11.0,3,52.05,52.05,2010-08-19 12:50:00,477,United Kingdom
15313,1,25.0,1,52.0,52.0,2011-08-21 16:02:00,110,United Kingdom
16786,1,72.0,1,51.84,51.84,2010-11-11 08:25:00,393,United Kingdom
17844,1,52.0,5,51.56,51.56,2011-08-25 11:27:00,106,Canada
13254,1,43.0,4,51.41,51.41,2010-11-28 15:42:00,376,United Kingdom
14351,1,12.0,1,51.0,51.0,2011-06-28 11:56:00,164,United Kingdom
14743,1,40.0,3,50.48,50.48,2010-04-26 10:26:00,592,United Kingdom
18184,1,60.0,1,49.8,49.8,2011-11-24 15:28:00,15,United Kingdom
14380,1,1.0,1,48.96,48.96,2010-01-26 17:11:00,682,United Kingdom
16530,1,17.0,3,48.35,48.35,2010-02-09 15:30:00,668,United Kingdom
16257,1,2.0,2,46.95,46.95,2011-06-16 10:11:00,176,United Kingdom
13438,1,10.0,1,46.5,46.5,2010-06-10 18:46:00,547,United Kingdom
15698,1,60.0,2,46.2,46.2,2010-03-25 17:38:00,624,United Kingdom
15672,1,10.0,3,45.3,45.3,2009-12-14 16:52:00,725,United Kingdom
17916,2,90.0,15,43.87,21.94,2010-03-21 12:26:00,628,United Kingdom
14300,1,32.0,3,43.2,43.2,2011-11-21 08:57:00,18,United Kingdom
13913,1,10.0,3,42.22,42.22,2010-07-21 10:11:00,506,United Kingdom
13906,1,100.0,1,42.0,42.0,2010-10-26 15:00:00,409,United Kingdom
16219,1,48.0,1,40.8,40.8,2010-07-27 11:44:00,500,United Kingdom
14266,1,24.0,1,40.56,40.56,2010-10-07 13:32:00,428,United Kingdom
15178,1,30.0,3,40.5,40.5,2011-03-24 15:12:00,260,United Kingdom
14086,1,1.0,1,39.95,39.95,2010-09-03 10:52:00,462,United Kingdom
16659,1,72.0,2,39.12,39.12,2011-06-03 15:03:00,189,United Kingdom
17246,2,36.0,6,38.92,19.46,2010-06-11 12:36:00,546,United Kingdom
18019,1,7.0,5,38.45,38.45,2011-10-19 12:10:00,51,United Kingdom
15455,1,3.0,2,38.25,38.25,2010-04-21 12:43:00,597,United Kingdom
15693,1,30.0,1,37.5,37.5,2010-02-18 14:37:00,659,United Kingdom
16162,1,4.0,2,37.4,37.4,2011-04-01 15:03:00,252,United Kingdom
17352,1,15.0,5,36.25,36.25,2010-01-12 16:13:00,696,United Kingdom
14993,1,21.0,9,36.13,36.13,2010-05-25 12:47:00,563,United Kingdom
15940,1,4.0,1,35.8,35.8,2011-02-01 16:18:00,311,United Kingdom
16417,1,6.0,1,35.7,35.7,2010-08-04 09:08:00,492,United Kingdom
17831,1,12.0,2,35.4,35.4,2011-11-06 15:09:00,33,United Kingdom
15744,1,120.0,3,34.8,34.8,2011-09-23 09:52:00,77,United Kingdom
17533,1,24.0,1,34.8,34.8,2010-10-01 09:14:00,434,United Kingdom
15871,1,5.0,5,33.1,33.1,2010-09-28 14:16:00,437,United Kingdom
16941,1,12.0,2,33.0,33.0,2010-04-07 11:13:00,611,United Kingdom
14977,1,17.0,4,31.93,31.93,2009-12-14 10:37:00,725,United Kingdom
17129,1,5.0,2,31.85,31.85,2010-07-07 13:46:00,520,United Kingdom
16454,4,9.0,4,30.95,7.74,2011-10-26 11:40:00,44,United Kingdom
13120,1,12.0,1,30.6,30.6,2011-04-15 10:19:00,238,United Kingdom
14144,1,12.0,1,30.6,30.6,2010-08-10 15:17:00,486,United Kingdom
16548,1,6.0,6,30.15,30.15,2010-04-19 16:15:00,599,United Kingdom
15575,1,6.0,3,30.1,30.1,2010-03-30 12:50:00,619,United Kingdom
15657,1,24.0,1,30.0,30.0,2011-11-17 12:19:00,22,United Kingdom
17319,1,14.0,3,29.1,29.1,2010-02-08 15:47:00,669,United Kingdom
17102,1,2.0,1,25.5,25.5,2011-03-23 10:08:00,261,United Kingdom
15284,1,5.0,1,24.75,24.75,2010-07-27 13:25:00,500,United Kingdom
14610,2,15.0,10,24.35,12.18,2010-11-09 10:58:00,395,United Kingdom
16537,1,59.0,3,23.35,23.35,2010-03-08 13:41:00,641,United Kingdom
12606,1,1.0,1,21.0,21.0,2010-01-26 16:23:00,682,Spain
16953,1,10.0,1,20.8,20.8,2011-11-09 15:54:00,30,United Kingdom
17986,1,10.0,1,20.8,20.8,2011-10-14 14:22:00,56,United Kingdom
13112,1,11.0,2,20.6,20.6,2010-06-16 17:03:00,541,United Kingdom
15999,1,24.0,1,20.4,20.4,2009-12-04 12:31:00,735,United Kingdom
13163,1,3.0,2,17.65,17.65,2010-04-08 16:21:00,610,United Kingdom
16093,1,20.0,1,17.0,17.0,2011-08-25 11:09:00,106,United Kingdom
12846,1,1.0,1,15.58,15.58,2010-01-26 16:29:00,682,United Kingdom
14580,1,3.0,1,14.85,14.85,2010-07-09 15:20:00,518,United Kingdom
14900,1,48.0,1,13.92,13.92,2010-07-05 15:09:00,522,United Kingdom
16878,1,12.0,3,13.3,13.3,2011-09-16 17:39:00,84,United Kingdom
17956,1,1.0,1,12.75,12.75,2011-04-04 13:47:00,249,United Kingdom
17378,1,1.0,1,10.95,10.95,2010-11-30 18:46:00,374,United Kingdom
18115,1,3.0,3,9.7,9.7,2010-01-11 11:57:00,697,United Kingdom
15040,1,1.0,1,7.49,7.49,2010-06-16 11:40:00,541,United Kingdom
15913,1,3.0,1,6.3,6.3,2010-06-23 16:31:00,534,United Kingdom
14792,1,2.0,2,6.2,6.2,2011-10-07 09:19:00,63,United Kingdom
13788,1,1.0,1,3.75,3.75,2010-07-22 15:50:00,505,United Kingdom
16738,1,3.0,1,3.75,3.75,2011-02-15 09:46:00,297,United Kingdom
14095,1,1.0,1,2.95,2.95,2009-12-17 12:49:00,722,United Kingdom
