stock_code,description,revenue,units_sold,orders
22423,REGENCY CAKESTAND 3 TIER,344563.25,27577.0,3918
M,Manual,340716.28,10050.0,784
DOT,DOTCOM POSTAGE,322657.48,1436.0,1415
85123A,WHITE HANGING HEART T-LIGHT HOLDER,263109.67,96147.0,5365
85099B,JUMBO BAG RED WHITE SPOTTY,183454.83,98349.0,3989
23843,"PAPER CRAFT , LITTLE BIRDIE",168469.6,80995.0,1
47566,PARTY BUNTING,149187.05,28378.0,2674
84879,ASSORTED COLOUR BIRD ORNAMENT,132187.92,81809.0,2807
POST,POSTAGE,127597.42,5461.0,1851
22086,PAPER CHAIN KIT 50'S CHRISTMAS,123141.54,36581.0,2018
79321,CHILLI LIGHTS,85489.91,16840.0,1135
23166,MEDIUM CERAMIC TOP STORAGE JAR,81700.92,78033.0,247
22197,"POPCORN HOLDER , SMALL",80920.64,89898.0,2322
22386,JUMBO BAG PINK WITH WHITE SPOTS,77111.91,39840.0,2245
84347,ROTATING SILVER ANGELS T-LIGHT HLDR,74448.92,32525.0,756
20725,LUNCH BAG RED SPOTTY,72292.85,40942.0,3056
21137,BLACK RECORD COVER FRAME,69329.47,19954.0,634
85099F,JUMBO BAG STRAWBERRY,68488.81,37124.0,1830
20685,RED SPOTTY COIR DOORMAT,67859.56,9974.0,1725
48138,DOOR MAT UNION FLAG,67757.63,10175.0,1664
23084,RABBIT NIGHT LIGHT,66964.99,30788.0,994
21843,RETRO SPOT CAKE STAND,66620.2,6290.0,1527
22114,HOT WATER BOTTLE TEA AND SYMPATHY,63517.75,12462.0,1583
82484,WOOD BLACK BOARD ANT WHITE FINISH,62842.02,11054.0,1176
21931,JUMBO STORAGE BAG SUKI,62285.28,29503.0,2329
22910,PAPER CHAIN KIT VINTAGE CHRISTMAS,61721.99,19597.0,1427
22502,PICNIC BASKET WICKER SMALL,61510.67,3869.0,924
22112,CHOCOLATE HOT WATER BOTTLE,60763.12,11556.0,1721
21621,VINTAGE UNION JACK BUNTING,60668.54,6945.0,1292
85099C,JUMBO  BAG BAROQUE BLACK WHITE,60292.32,31249.0,1868
15056N,EDWARDIAN PARASOL NATURAL,58427.59,11370.0,1033
22411,JUMBO SHOPPER VINTAGE RED PAISLEY,58275.45,27732.0,2192
22470,HEART OF WICKER LARGE,55898.87,18551.0,1952
22189,CREAM HEART CARD HOLDER,54598.73,18363.0,1299
20914,SET/5 RED SPOTTY LID GLASS BOWLS,53415.31,18979.0,2030
22178,VICTORIAN GLASS HANGING T-LIGHT,53330.49,40748.0,1816
22139,RETRO SPOT TEA SET CERAMIC 11 PC,53214.31,10675.0,2093
21212,PACK OF 72 RETRO SPOT CAKE CASES,52997.2,96560.0,3118
22111,SCOTTIE DOG HOT WATER BOTTLE,52192.31,10218.0,1689
21623,VINTAGE UNION JACK MEMOBOARD,52122.73,7200.0,530
21733,RED HANGING HEART T-LIGHT HOLDER,51556.97,17999.0,1760
84946,ANTIQUE SILVER TEA GLASS ETCHED,51329.72,38064.0,1769
22469,HEART OF WICKER SMALL,51127.76,29037.0,2151
21181,PLEASE ONE PERSON  METAL SIGN,51005.82,25117.0,1810
21232,STRAWBERRY CERAMIC TRINKET BOX,50760.48,38981.0,2435
22090,PAPER BUNTING RETRO SPOTS,50753.1,16808.0,1703
21929,JUMBO BAG PINK VINTAGE PAISLEY,50334.1,25954.0,1619
48194,DOORMAT HEARTS,49633.29,7847.0,1349
21731,RED TOADSTOOL LED NIGHT LIGHT,49539.69,29715.0,1537
22457,NATURAL SLATE HEART CHALKBOARD,48671.05,15771.0,2046
15056BL,EDWARDIAN PARASOL BLACK,48101.89,9646.0,857
21754,HOME BUILDING BLOCK WORD,48079.69,7847.0,2066
84029E,RED WOOLLY HOTTIE WHITE HEART.,47737.38,11830.0,1145
48187,DOOR MAT NEW ENGLAND,47265.11,7425.0,1282
21523,FANCY FONT HOME SWEET HOME DOORMAT,47225.46,7050.0,1122
21928,JUMBO BAG SCANDINAVIAN PAISLEY,47095.72,24780.0,1542
22355,"CHARLOTTE BAG , SUKI DESIGN",46633.44,32692.0,1742
71477,COLOUR GLASS. STAR T-LIGHT HOLDER,46546.53,15727.0,809
20727,LUNCH BAG  BLACK SKULL.,46422.49,27126.0,2351
48185,DOOR MAT FAIRY CAKE,46104.34,6862.0,983
22138,BAKING SET 9 PIECE RETROSPOT,45966.16,9383.0,1914
22326,ROUND SNACK BOXES SET OF4 WOODLAND,45046.68,15690.0,1391
21915,RED  HARMONICA IN BOX,44808.8,38191.0,1025
82494L,WOODEN FRAME ANTIQUE WHITE,44796.9,15645.0,1973
21175,GIN + TONIC DIET METAL SIGN,44391.43,20905.0,1659
22383,LUNCHBAG SUKI  DESIGN,43932.56,25461.0,2398
84078A,SET/4 WHITE RETRO STORAGE CUBES,43921.51,1129.0,328
23298,SPOTTY BUNTING,43182.83,8473.0,1146
20728,LUNCH BAG CARS BLUE,42784.74,24892.0,2067
82482,WOODEN PICTURE FRAME WHITE FINISH,42546.58,17198.0,2006
23203,JUMBO BAG DOILEY PATTERNS,42067.78,20503.0,1231
20713,JUMBO BAG OWLS,41390.09,21199.0,1314
22083,PAPER CHAIN KIT RETRO SPOT,41379.06,14008.0,1401
22328,ROUND SNACK BOXES SET OF 4 FRUITS,40508.26,14636.0,1159
84997D,PINK 3 PIECE MINI DOTS CUTLERY SET,40308.03,10761.0,1085
22960,JAM MAKING SET WITH JARS,39694.56,9302.0,1159
85066,CREAM SWEETHEART MINI CHEST,39428.65,3148.0,929
82486,WOOD S/3 CABINET ANT WHITE FINISH,39382.5,4899.0,1274
22699,ROSES REGENCY TEACUP AND SAUCER,39134.89,13339.0,1424
20726,LUNCH BAG WOODLAND,38949.73,22341.0,1926
21485,RED SPOT HEART HOT WATER BOTTLE,38840.8,7927.0,1385
22629,SPACEBOY LUNCH BOX,38750.2,21223.0,1368
21166,COOK WITH WINE METAL SIGN,38560.16,20128.0,1425
23284,DOORMAT KEEP CALM AND COME IN,38166.64,5491.0,728
22720,SET OF 3 CAKE TINS PANTRY DESIGN,38158.39,7493.0,1385
20712,JUMBO BAG WOODLAND ANIMALS,38029.89,17957.0,1415
22727,ALARM CLOCK BAKELIKE RED,37970.11,9595.0,1363
21524,SPOTTY  HOME SWEET HOME DOORMAT,36667.33,5342.0,1150
21755,LOVE BUILDING BLOCK WORD,35641.99,5774.0,1696
20724,RED SPOTTY CHARLOTTE BAG,35595.63,32487.0,2035
22379,RECYCLING BAG RETROSPOT,35408.96,16075.0,1570
84997B,RED 3 PIECE MINI DOTS CUTLERY SET,34987.06,9388.0,1019
21479,WHITE SKULL HOT WATER BOTTLE,34617.93,6872.0,930
22384,LUNCHBAG PINK RETROSPOT,34506.66,21037.0,2106
22666,RECIPE BOX PANTRY YELLOW DESIGN,34489.05,10951.0,1657
22382,LUNCHBAG SPACEBOY DESIGN,34436.39,20458.0,2153
AMAZONFEE,AMAZON FEE,34009.13,4.0,3
22630,DOLLY GIRL LUNCH BOX,33980.0,18363.0,1333
22726,ALARM CLOCK BAKELIKE GREEN,33737.59,7954.0,1273
22865,HAND WARMER OWL DESIGN,33575.51,15557.0,1212
22188,BLACK HEART CARD HOLDER,33201.0,12484.0,566
15036,ASSORTED COLOURS SILK FAN,33041.55,44365.0,991
84997C,BLUE 3 PIECE MINI DOTS CUTLERY SET,32992.01,8865.0,951
22385,JUMBO BAG SPACEBOY DESIGN,32749.37,17227.0,1248
22077,6 RIBBONS RUSTIC CHARM,32213.59,17569.0,1751
22622,BOX OF VINTAGE ALPHABET BLOCKS,32163.94,3242.0,571
85152,HAND OVER THE CHOCOLATE   SIGN,32064.76,16645.0,1460
84029G,KNITTED UNION FLAG HOT WATER BOTTLE,32054.49,7343.0,1009
48184,DOOR MAT ENGLISH ROSE,31603.65,4777.0,851
22697,GREEN REGENCY TEACUP AND SAUCER,31534.92,10112.0,1353
22659,LUNCH BOX I LOVE LONDON,31203.02,16869.0,1075
23245,SET OF 3 REGENCY CAKE TINS,31177.95,6357.0,873
85014B,RED/WHITE DOTS RUFFLED UMBRELLA,31123.93,6202.0,900
22501,PICNIC BASKET WICKER LARGE,30828.29,2643.0,762
22752,SET 7 BABUSHKA NESTING BOXES,30804.75,3781.0,692
20679,EDWARDIAN PARASOL RED,30667.32,6259.0,715
22158,3 HEARTS HANGING DECORATION RUSTIC,30498.18,9443.0,718
21217,RED SPOTTY ROUND CAKE TINS,30483.03,2961.0,928
23199,JUMBO BAG APPLES,30475.65,14920.0,978
22866,HAND WARMER SCOTTY DOG DESIGN,30426.54,13772.0,1083
82483,WOOD 2 DRAWER CABINET WHITE FINISH,30213.89,5103.0,1123
47590B,PINK HAPPY BIRTHDAY BUNTING,29587.43,5778.0,872
22867,HAND WARMER BIRD DESIGN,29541.02,13453.0,1054
22467,GUMBALL COAT RACK,29139.1,12298.0,1095
22492,MINI PAINT SET VINTAGE  BOY+ GIRL,29046.19,45665.0,732
20971,PINK BLUE FELT CRAFT TRINKET BOX,29027.46,22629.0,1148
23355,HOT WATER BOTTLE KEEP CALM,28842.55,5841.0,782
48188,DOOR MAT WELCOME PUPPIES,28798.14,4892.0,698
84978,HANGING HEART JAR T-LIGHT HOLDER,28734.82,21903.0,1425
22835,HOT WATER BOTTLE I AM SO POORLY,28659.98,5566.0,1011
82583,HOT BATHS METAL SIGN,28496.81,13090.0,1176
21977,PACK OF 60 PINK PAISLEY CAKE CASES,28490.98,56794.0,1993
20719,WOODLAND CHARLOTTE BAG,28287.32,24945.0,1573
22961,JAM MAKING SET PRINTED,28242.89,18086.0,1200
22624,IVORY KITCHEN SCALES,28227.77,3258.0,1219
21930,JUMBO STORAGE BAG SKULLS,27923.57,13657.0,1321
72741,GRAND CHOCOLATECANDLE,27915.13,20178.0,920
23201,JUMBO BAG ALPHABET,27890.17,13379.0,906
20750,RED/WHITE DOT MINI CASES,27562.87,3777.0,909
84991,60 TEATIME FAIRY CAKE CASES,27404.22,54716.0,2127
71459,HANGING JAM JAR T-LIGHT HOLDER,27192.51,33577.0,1017
22734,SET OF 6 RIBBONS VINTAGE CHRISTMAS,27061.58,9828.0,756
21481,FAWN BLUE HOT WATER BOTTLE,26988.98,8557.0,1050
22149,FELTCRAFT 6 FLOWER FRIENDS,26855.26,12922.0,1382
22507,MEMO BOARD RETROSPOT  DESIGN,26626.56,5694.0,900
48111,DOOR MAT 3 SMILEY CATS,26544.41,4309.0,720
22551,PLASTERS IN TIN SPACEBOY,26485.1,15779.0,1299
82600,NO SINGING METAL SIGN,26212.86,12908.0,1201
20711,JUMBO BAG TOYS,26186.9,12838.0,1052
21080,SET/20 RED SPOTTY PAPER NAPKINS,26031.97,31823.0,2123
47566B,TEA TIME PARTY BUNTING,25987.9,5838.0,761
21108,FAIRY CAKE FLANNEL ASSORTED COLOUR,25887.35,13105.0,613
21527,RETRO SPOT TRADITIONAL TEAPOT,25612.27,3429.0,831
22087,PAPER BUNTING WHITE LACE,25563.17,8532.0,847
22084,PAPER CHAIN KIT EMPIRE,25480.38,8879.0,811
84755,COLOUR GLASS T-LIGHT HOLDER HANGING,25475.05,40839.0,1259
37503,TEA TIME CAKE STAND IN GIFT BOX,25471.33,2469.0,522
21314,SMALL GLASS HEART TRINKET POT,25276.95,11658.0,1066
84077,WORLD WAR 2 GLIDERS ASSTD DESIGNS,25259.9,110138.0,1019
20972,PINK CREAM FELT CRAFT TRINKET BOX,25151.84,20761.0,1397
23173,REGENCY TEAPOT ROSES,24918.93,2770.0,416
22728,ALARM CLOCK BAKELIKE PINK,24907.27,6374.0,969
84836,ZINC METAL HEART DECORATION,24805.67,20251.0,1408
21231,SWEETHEART CERAMIC TRINKET BOX,24618.13,19767.0,1482
47590A,BLUE HAPPY BIRTHDAY BUNTING,24559.23,4829.0,689
22722,SET OF 6 SPICE TINS PANTRY DESIGN,24507.36,5984.0,835
22698,PINK REGENCY TEACUP AND SAUCER,24489.67,8232.0,1033
22171,3 HOOK PHOTO SHELF ANTIQUE WHITE,24249.96,3202.0,661
21258,VICTORIAN SEWING BOX LARGE,24153.59,1692.0,526
21790,VINTAGE SNAP CARDS,24095.6,27942.0,1888
22625,RED KITCHEN SCALES,24045.03,2743.0,950
21955,UNION JACK GUNS & ROSES  DOORMAT,24024.17,3943.0,729
21791,VINTAGE HEADS AND TAILS CARD GAME,23993.23,18585.0,1313
84406B,CREAM CUPID HEARTS COAT HANGER,23820.8,7384.0,841
23344,JUMBO BAG 50'S CHRISTMAS,23815.75,10306.0,716
22605,WOODEN CROQUET GARDEN SET,23743.77,1846.0,642
23243,SET OF TEA COFFEE SUGAR TINS PANTRY,23514.17,4805.0,470
48173C,DOOR MAT BLACK FLOCK,23335.25,4104.0,500
22554,PLASTERS IN TIN WOODLAND ANIMALS,23329.36,13854.0,1275
22113,GREY HEART HOT WATER BOTTLE,23172.82,6059.0,996
22607,WOODEN ROUNDERS GARDEN SET,23139.3,2556.0,744
22585,PACK OF 6 BIRDY GIFT TAGS,22903.92,18333.0,1084
21936,RED/WHITE SPOT PICNIC BAG,22847.59,7833.0,1046
20749,ASSORTED COLOUR MINI CASES,22806.51,3156.0,766
37449,CERAMIC CAKE STAND + HANGING CAKES,22702.46,2418.0,477
22556,PLASTERS IN TIN CIRCUS PARADE,22694.13,13797.0,1196
22941,CHRISTMAS LIGHTS 10 REINDEER,22645.32,2710.0,483
22969,HOMEMADE JAM SCENTED CANDLES,22459.25,15087.0,709
22632,HAND WARMER RED POLKA DOT,22384.87,11190.0,779
84970S,HANGING HEART ZINC T-LIGHT HOLDER,22132.18,26844.0,1425
85014A,BLACK/BLUE DOTS RUFFLED UMBRELLA,22054.25,4665.0,684
21210,SET OF 72 RETRO SPOT PAPER  DOILIES,21957.26,15249.0,1161
22499,WOODEN UNION JACK BUNTING,21910.64,3597.0,774
22456,NATURAL SLATE CHALKBOARD LARGE,21883.98,4462.0,835
23202,JUMBO BAG VINTAGE LEAF,21852.81,10962.0,879
85048,15CM CHRISTMAS GLASS BALL 20 LIGHTS,21826.9,2755.0,517
21213,PACK OF 72 SKULL CAKE CASES,21734.85,40733.0,1481
22570,FELTCRAFT CUSHION RABBIT,21579.79,5805.0,807
23209,LUNCH BAG DOILEY PATTERN,21450.17,13189.0,1098
22424,ENAMEL BREAD BIN CREAM,21305.96,1560.0,739
22356,"CHARLOTTE BAG , PINK/WHITE SPOTS",21252.44,20237.0,1584
22294,HEART FILIGREE DOVE  SMALL,21217.02,17127.0,861
22617,BAKING SET SPACEBOY DESIGN,21162.89,4389.0,942
21218,RED SPOTTY BISCUIT TIN,21102.06,5305.0,897
22568,FELTCRAFT CUSHION OWL,21056.5,5692.0,875
22569,FELTCRAFT CUSHION BUTTERFLY,20924.96,5731.0,784
23206,LUNCH BAG APPLE DESIGN,20911.98,12183.0,1036
48116,DOOR MAT MULTICOLOUR STRIPE,20803.16,3461.0,496
21559,STRAWBERRY LUNCHBOX WITH CUTLERY,20683.92,8341.0,1221
20723,STRAWBERRY CHARLOTTE BAG,20677.62,18485.0,1379
85150,LADIES & GENTLEMEN METAL SIGN,20668.23,8519.0,1110
22900,SET 2 TEA TOWELS I LOVE LONDON,20544.21,6377.0,723
21216,"SET 3 RED SPOT TIN TEA,COFFEE,SUGAR",20528.58,3949.0,802
22693,GROW A FLYTRAP OR SUNFLOWER IN TIN,20499.08,17899.0,350
22273,FELTCRAFT DOLL MOLLY,20345.77,7413.0,810
21622,VINTAGE UNION JACK CUSHION COVER,20164.64,3745.0,626
22558,CLOTHES PEGS RETROSPOT PACK 24,20163.07,14281.0,1202
22381,TOY TIDY PINK RETROSPOT,19974.77,9449.0,1100
22413,METAL SIGN TAKE IT OR LEAVE IT,19970.24,7048.0,881
22169,FAMILY ALBUM WHITE PICTURE FRAME,19956.3,2326.0,701
21174,POTTERING IN THE SHED METAL SIGN,19864.32,9813.0,1135
22952,60 CAKE CASES VINTAGE CHRISTMAS,19812.43,33786.0,1144
48129,DOOR MAT TOPIARY,19790.14,3150.0,543
22561,WOODEN SCHOOL COLOURING SET,19752.09,11778.0,904
71053,WHITE METAL LANTERN,19718.61,4993.0,727
84997A,GREEN 3 PIECE MINI DOTS CUTLERY SET,19704.57,5265.0,589
22633,HAND WARMER UNION JACK,19617.73,9544.0,858
84949,SILVER HANGING T-LIGHT HOLDER,19568.46,12286.0,693
21340,CLASSIC METAL BIRDCAGE PLANT HOLDER,19541.46,1785.0,419
21908,CHOCOLATE THIS WAY METAL SIGN,19534.11,9865.0,974
22427,ENAMEL FLOWER JUG CREAM,19517.11,3247.0,798
22041,"""RECORD FRAME 7"""" SINGLE SIZE""",19371.46,7861.0,555
22061,LARGE CAKE STAND  HANGING STRAWBERY,19300.47,2189.0,520
22555,PLASTERS IN TIN STRONGMAN,19277.97,11905.0,967
84947,ANTIQUE SILVER TEA GLASS ENGRAVED,19223.04,16199.0,680
21484,CHICK GREY HOT WATER BOTTLE,19113.15,4815.0,864
21035,SET/2 RED SPOTTY TEA TOWELS,18988.37,6091.0,929
21121,SET/10 RED SPOTTY PARTY CANDLES,18979.33,15678.0,873
22847,"BREAD BIN, DINER STYLE, IVORY",18890.09,1191.0,482
22837,HOT WATER BOTTLE BABUSHKA,18774.72,4015.0,450
84945,MULTI COLOUR SILVER T-LIGHT HOLDER,18617.8,22662.0,653
21430,SET/3 RED GINGHAM ROSE STORAGE BOX,18551.7,4751.0,814
22147,FELTCRAFT BUTTERFLY HEARTS,18425.55,13175.0,1132
22505,MEMO BOARD COTTAGE DESIGN,18357.68,3826.0,744
22560,TRADITIONAL MODELLING CLAY,18313.05,15226.0,742
21914,BLUE HARMONICA IN BOX,18198.1,13311.0,963
22654,DELUXE SEWING KIT,18177.57,2689.0,597
22352,LUNCHBOX WITH CUTLERY RETROSPOT,18115.87,7191.0,1117
22776,SWEETHEART CAKESTAND 3 TIER,18084.63,1763.0,691
22297,HEART IVORY TRELLIS SMALL,18064.1,13981.0,969
79323W,WHITE CHERRY LIGHTS,18048.72,3004.0,349
22557,PLASTERS IN TIN VINTAGE PAISLEY,17834.26,10620.0,1126
20718,RED SPOTTY SHOPPER BAG,17740.0,13489.0,1213
21136,PAINTED METAL PEARS ASSORTED,17738.89,10652.0,739
47591D,PINK FAIRY CAKE CHILD'S APRON,17698.87,9520.0,1140
21889,WOODEN BOX OF DOMINOES,17636.32,13231.0,1123
84992,72 SWEETHEART FAIRY CAKE CASES,17585.16,35438.0,1460
21156,RED SPOTTY CHILDS APRON,17502.96,9399.0,930
84467,ENGLISH ROSE DESIGN QUILTED THROW,17477.66,816.0,83
22366,DOORMAT AIRMAIL,17445.64,2564.0,568
84970L,SINGLE HEART ZINC T-LIGHT HOLDER,17431.99,17637.0,1080
22652,TRAVEL SEWING KIT,17265.28,10163.0,830
35004C,SET OF 3 COLOURED  FLYING DUCKS,17049.03,3284.0,355
23240,SET OF 4 KNICK KNACK TINS DOILEY,17037.52,4186.0,536
21533,RETRO SPOT LARGE MILK JUG,16992.57,3421.0,954
21535,RETRO SPOT SMALL MILK JUG,16926.25,6811.0,1111
21164,HOME SWEET HOME METAL SIGN,16865.4,6058.0,721
72760B,VINTAGE CREAM 3 BASKET CAKE STAND,16794.94,1739.0,494
22487,WHITE WOOD GARDEN PLANT LADDER,16569.3,1647.0,898
22191,EAU DE NIL DINER WALL CLOCK,16522.05,2003.0,620
22993,SET OF 4 PANTRY JELLY MOULDS,16507.23,12672.0,1073
84375,SET OF 20 KIDS COOKIE CUTTERS,16504.32,7909.0,796
21155,RED SPOTTY PEG BAG,16493.11,6734.0,969
22296,HEART IVORY TRELLIS LARGE,16456.86,9974.0,833
22662,LUNCH BAG DOLLY GIRL DESIGN,16421.11,10069.0,994
23301,GARDENERS KNEELING PAD KEEP CALM,16357.05,8825.0,913
22193,RED DINER WALL CLOCK,16355.98,1938.0,617
22634,CHILDS BREAKFAST SET SPACEBOY,16313.05,1726.0,499
22619,SET OF 6 SOLDIER SKITTLES,16261.07,4167.0,708
22759,SET OF 3 NOTEBOOKS IN PARCEL,16205.74,9541.0,795
22635,CHILDS BREAKFAST SET DOLLY GIRL,16133.79,1693.0,485
21877,HOME SWEET HOME MUG,16126.02,14187.0,755
22367,CHILDS APRON SPACEBOY DESIGN,16094.06,8170.0,1156
22940,FELTCRAFT CHRISTMAS FAIRY,16090.04,3672.0,586
22692,DOORMAT WELCOME TO OUR HOME,16041.34,2141.0,606
22690,DOORMAT HOME SWEET HOME BLUE,15945.72,2543.0,437
22170,PICTURE FRAME WOOD TRIPLE PORTRAIT,15908.66,2422.0,575
22333,RETRO SPORT PARTY BAG + STICKER SET,15877.37,10172.0,697
23313,VINTAGE CHRISTMAS BUNTING,15833.31,2997.0,401
22749,FELTCRAFT PRINCESS CHARLOTTE DOLL,15808.58,3876.0,685
22173,METAL 4 HOOK HANGER FRENCH CHATEAU,15783.7,5142.0,997
22909,SET OF 20 VINTAGE CHRISTMAS NAPKINS,15779.53,17706.0,1086
21891,TRADITIONAL WOODEN SKIPPING ROPE,15756.65,12282.0,835
21094,SET/6 RED SPOTTY PAPER PLATES,15723.97,20161.0,984
84378,SET OF 3 HEART COOKIE CUTTERS,15596.13,11784.0,1248
22730,ALARM CLOCK BAKELIKE IVORY,15567.79,3877.0,746
21844,RETRO SPOT MUG,15556.67,5443.0,494
22365,DOORMAT RESPECTABLE HOUSE,15518.93,2357.0,443
22946,WOODEN ADVENT CALENDAR CREAM,15485.22,992.0,275
85232B,SET/3 RUSSIAN DOLL STACKING TINS,15466.18,3088.0,539
82582,AREA PATROLLED METAL SIGN,15461.77,7637.0,796
21122,SET/10 PINK SPOTTY PARTY CANDLES,15455.06,12741.0,807
84050,PINK HEART SHAPE EGG FRYING PAN,15443.92,10529.0,715
21975,PACK OF 60 DINOSAUR CAKE CASES,15381.95,31575.0,1303
21165,BEWARE OF THE CAT METAL SIGN,15359.8,9450.0,966
35970,ZINC FOLKART SLEIGH BELLS,15257.26,8447.0,692
22606,WOODEN SKITTLES GARDEN SET,15009.54,1077.0,374
21912,VINTAGE SNAKES & LADDERS,14968.49,3800.0,828
22179,SET 10 LIGHTS NIGHT OWL,14960.5,2094.0,566
17003,BROCADE RING PURSE,14959.19,71430.0,456
22150,3 STRIPEY MICE FELTCRAFT,14841.4,7969.0,938
21770,OPEN CLOSED METAL SIGN,14832.05,2996.0,651
22485,SET OF 2 WOODEN MARKET CRATES,14779.84,1109.0,419
21380,WOODEN HAPPY BIRTHDAY GARLAND,14672.98,5057.0,651
21259,VICTORIAN SEWING BOX SMALL,14564.08,2413.0,655
21672,WHITE SPOT RED CERAMIC DRAWER KNOB,14529.81,11210.0,815
21257,VICTORIAN SEWING BOX MEDIUM,14505.73,1596.0,532
22804,CANDLEHOLDER PINK HANGING HEART,14461.28,5393.0,670
22295,HEART FILIGREE DOVE LARGE,14426.65,8740.0,706
21169,YOU'RE CONFUSING ME METAL SIGN,14426.42,8941.0,772
22627,MINT KITCHEN SCALES,14424.68,1642.0,653
84380,SET OF 3 BUTTERFLY COOKIE CUTTERS,14338.18,10540.0,1114
20748,KENSINGTON COFFEE SET,14317.98,1604.0,183
22444,GROW YOUR OWN PLANT IN A CAN,14233.65,10419.0,453
22271,FELTCRAFT DOLL ROSIE,14218.25,4966.0,787
22109,FULL ENGLISH BREAKFAST PLATE,14216.43,3436.0,642
21098,CHRISTMAS TOILET ROLL,14212.96,9038.0,596
23200,JUMBO BAG PEARS,14197.28,7071.0,595
21888,BINGO SET,14171.59,3586.0,825
22236,CAKE STAND 3 TIER MAGIC GARDEN,14122.42,1141.0,421
21669,BLUE STRIPE CERAMIC DRAWER KNOB,14092.17,10763.0,805
22667,RECIPE BOX RETRO SPOT DESIGN,14081.95,5013.0,848
35400,WOODEN BOX ADVENT CALENDAR,14070.7,1443.0,419
21668,RED STRIPE CERAMIC DRAWER KNOB,14053.29,10464.0,825
23343,JUMBO BAG VINTAGE CHRISTMAS,13978.95,6081.0,476
21871,SAVE THE PLANET MUG,13955.91,11698.0,779
22621,TRADITIONAL KNITTING NANCY,13863.41,8775.0,875
21539,RETRO SPOTS BUTTER DISH,13853.59,2784.0,709
22636,CHILDS BREAKFAST SET CIRCUS PARADE,13821.23,1664.0,489
79323P,PINK CHERRY LIGHTS,13787.93,2281.0,265
22846,BREAD BIN DINER STYLE RED,13767.32,856.0,346
22207,FRYING PAN UNION FLAG,13724.41,3187.0,480
23077,DOUGHNUT LIP GLOSS,13720.77,10415.0,344
47556B,TEA TIME TEA TOWELS,13693.97,5202.0,449
C2,CARRIAGE,13676.0,273.0,267
21390,FILIGRIS HEART WITH BUTTERFLY,13662.97,11025.0,588
22198,"POPCORN HOLDER , LARGE",13603.93,7807.0,646
22838,3 TIER CAKE TIN RED AND CREAM,13579.16,940.0,271
21673,WHITE SPOT BLUE CERAMIC DRAWER KNOB,13568.06,10276.0,763
22553,PLASTERS IN TIN SKULLS,13529.26,8084.0,1090
23356,LOVE HOT WATER BOTTLE,13494.97,2386.0,476
22584,PACK OF 6 PANNETONE GIFT BOXES,13478.79,5291.0,589
22580,ADVENT CALENDAR GINGHAM SACK,13420.52,2362.0,495
23207,LUNCH BAG ALPHABET DESIGN,13360.2,7851.0,740
21935,SUKI  SHOULDER BAG,13353.81,7209.0,921
21704,BAG 250g SWIRLY MARBLES,13347.6,17304.0,568
20676,RED SPOTTY BOWL,13346.66,10674.0,966
23108,SET OF 10 LED DOLLY LIGHTS,13303.02,2221.0,372
23328,SET 6 SCHOOL MILK BOTTLES IN CRATE,13284.49,2845.0,405
22464,HANGING METAL HEART LANTERN,13277.22,8012.0,784
22646,CERAMIC STRAWBERRY CAKE MONEY BANK,13232.41,9309.0,880
15044A,PINK PAPER PARASOL,13228.55,4970.0,250
22766,PHOTO FRAME CORNICE,13209.49,4475.0,640
75049L,LARGE CIRCULAR MIRROR MOBILE,13186.31,13993.0,344
21906,PHARMACIE FIRST AID TIN,13184.05,1819.0,424
22655,VINTAGE RED KITCHEN CABINET,13140.0,77.0,53
22947,WOODEN ADVENT CALENDAR RED,13111.85,1026.0,209
22088,PAPER BUNTING COLOURED LACE,13109.34,4409.0,619
84988,SET OF 72 PINK HEART PAPER DOILIES,13075.15,8404.0,1019
22144,CHRISTMAS CRAFT LITTLE FRIENDS,13024.09,5382.0,704
22834,HAND WARMER BABUSHKA DESIGN,12923.25,7676.0,597
22943,CHRISTMAS LIGHTS 10 VINTAGE BAUBLES,12813.52,2607.0,356
22616,PACK OF 12 LONDON TISSUES,12764.06,40163.0,825
22303,COFFEE MUG APPLES DESIGN,12734.78,5452.0,540
22623,BOX OF VINTAGE JIGSAW BLOCKS,12687.38,2357.0,541
22082,RIBBON REEL STRIPES DESIGN,12682.97,7535.0,957
22301,COFFEE MUG CAT + BIRD DESIGN,12522.06,5152.0,643
15056P,EDWARDIAN PARASOL PINK,12497.32,2529.0,344
21671,RED SPOT CERAMIC DRAWER KNOB,12474.38,9590.0,727
62018,SOMBRERO,12456.7,9570.0,127
22631,CIRCUS PARADE LUNCH BOX,12381.66,6334.0,663
23174,REGENCY SUGAR BOWL GREEN,12350.73,3057.0,322
22791,T-LIGHT GLASS FLUTED ANTIQUE,12336.71,9946.0,434
20969,RED FLORAL FELTCRAFT SHOULDER BAG,12315.1,3294.0,613
22192,BLUE DINER WALL CLOCK,12291.76,1446.0,543
21670,BLUE SPOT CERAMIC DRAWER KNOB,12287.34,8997.0,767
22729,ALARM CLOCK BAKELIKE ORANGE,12272.63,3098.0,612
20975,12 PENCILS SMALL TUBE RED SPOTTY,12266.78,18685.0,902
21124,SET/10 BLUE SPOTTY PARTY CANDLES,12254.05,10093.0,629
85042,ANTIQUE LILY FAIRY LIGHTS,12239.51,2686.0,292
22750,FELTCRAFT PRINCESS LOLA DOLL,12121.47,3237.0,647
21937,STRAWBERRY   PICNIC BAG,12118.51,4123.0,657
21154,RED SPOTTY OVEN GLOVE,12107.72,8402.0,903
22968,ROSE COTTAGE KEEPSAKE BOX,12002.01,1199.0,306
21787,RAIN PONCHO WITH RED SPOTS,11993.16,15192.0,469
21428,SET3 BOOK BOX GREEN GINGHAM FLOWER,11992.93,2939.0,465
21242,RED SPOTTY PLATE,11984.47,7123.0,657
21326,AGED GLASS SILVER T-LIGHT HOLDER,11972.48,18356.0,643
84212,"""ASSORTED FLOWER COLOUR """"LEIS""""""",11966.04,24801.0,277
22243,"HOOK, 5 HANGER ,MAGIC TOADSTOOL RED",11960.96,7738.0,388
22637,PIGGY BANK RETROSPOT,11915.48,4624.0,598
84987,SET OF 36 TEATIME PAPER DOILIES,11896.7,8154.0,812
47567B,TEA TIME KITCHEN APRON,11886.39,2199.0,348
22488,NATURAL SLATE RECTANGLE CHALKBOARD,11879.17,6954.0,808
22468,BABUSHKA LIGHTS STRING OF 10,11853.38,1778.0,413
22844,VINTAGE CREAM DOG FOOD CONTAINER,11831.22,1252.0,498
21260,FIRST AID TIN,11821.18,3591.0,534
23300,GARDENERS KNEELING PAD CUP OF TEA,11815.69,6827.0,758
22508,DOORSTOP RETROSPOT HEART,11787.79,2933.0,697
21429,RED GINGHAM ROSE JEWELLERY BOX,11785.98,6593.0,997
22649,STRAWBERRY FAIRY CAKE TEAPOT,11772.37,2340.0,486
22151,PLACE SETTING WHITE HEART,11754.85,27897.0,716
22988,SOLDIERS EGG CUP,11753.72,9748.0,446
22795,SWEETHEART RECIPE BOOK STAND,11731.06,1666.0,498
22740,POLKADOT PEN,11711.49,13676.0,300
23581,JUMBO BAG PAISLEY PARK,11613.03,5035.0,338
37370,RETRO COFFEE MUGS ASSORTED,11582.36,7504.0,492
22694,WICKER STAR,11576.1,5136.0,858
22663,JUMBO BAG DOLLY GIRL DESIGN,11531.86,5793.0,688
21735,TWO DOOR CURIO CABINET,11503.15,887.0,262
21172,PARTY METAL SIGN,11492.22,7759.0,971
22768,FAMILY PHOTO FRAME CORNICE,11484.06,1197.0,354
22950,36 DOILIES VINTAGE CHRISTMAS,11454.09,8334.0,352
21868,POTTING SHED TEA MUG,11408.72,9255.0,881
47599A,PINK PARTY BAGS,11348.58,6046.0,369
22620,4 TRADITIONAL SPINNING TOPS,11343.55,8361.0,841
21922,UNION STRIPE WITH FRINGE  HAMMOCK,11297.82,1452.0,388
22130,PARTY CONE CHRISTMAS DECORATION,11290.02,9972.0,424
72351B,SET/6 PINK  BUTTERFLY T-LIGHTS,11271.04,5821.0,499
22417,PACK OF 60 SPACEBOY CAKE CASES,11258.89,21641.0,1103
21833,CAMOUFLAGE LED TORCH,11218.49,6563.0,444
22812,PACK 3 BOXES CHRISTMAS PANNETONE,11181.28,5057.0,462
23170,REGENCY TEA PLATE ROSES,11117.05,6869.0,445
20828,GLITTER BUTTERFLY CLIPS,11095.91,4481.0,607
21907,I'M ON HOLIDAY METAL SIGN,11068.43,5264.0,771
B,Adjust bad debt,11062.06,1.0,1
22174,PHOTO CUBE,11036.3,5449.0,557
21498,RED SPOTS  WRAP,11031.42,27201.0,802
22904,CALENDAR PAPER CUT DESIGN,11003.04,3532.0,463
21749,LARGE RED SPOT WINDMILL,10997.82,5661.0,286
21558,SKULL LUNCHBOX WITH CUTLERY,10988.52,4261.0,768
22595,CHRISTMAS GINGHAM HEART,10977.7,13024.0,796
22274,FELTCRAFT DOLL EMILY,10973.7,3834.0,656
22668,PINK BABY BUNTING,10965.96,3604.0,579
21086,SET/6 RED SPOTTY PAPER CUPS,10950.15,16903.0,843
22466,FAIRY TALE COTTAGE NIGHTLIGHT,10812.37,5879.0,394
22418,10 COLOUR SPACEBOY PEN,10792.02,12732.0,586
22064,PINK DOUGHNUT TRINKET POT,10791.56,6711.0,693
21624,VINTAGE UNION JACK DOORSTOP,10736.35,1787.0,403
22348,TEA BAG PLATE RED SPOTTY,10715.13,12574.0,961
21890,S/6 WOODEN SKITTLES IN COTTON BAG,10658.8,3549.0,547
21974,SET OF 36 PAISLEY FLOWER DOILIES,10656.3,7059.0,808
82001S,VINYL RECORD FRAME SILVER,10646.87,2956.0,230
22725,ALARM CLOCK BAKELIKE CHOCOLATE,10635.2,2591.0,549
22349,"DOG BOWL , CHASING BALL DESIGN",10619.29,2588.0,366
20754,RETRO RED SPOTTY WASHING UP GLOVES,10608.75,5159.0,852
22645,CERAMIC HEART FAIRY CAKE MONEY BANK,10607.08,5883.0,741
21982,PACK OF 12 SUKI TISSUES,10589.35,32827.0,718
22302,COFFEE MUG PEARS  DESIGN,10510.3,4933.0,396
22966,GINGERBREAD MAN COOKIE CUTTER,10505.13,8506.0,732
22771,CLEAR DRAWER KNOB ACRYLIC EDWARDIAN,10502.19,7762.0,512
23208,LUNCH BAG VINTAGE LEAF DESIGN,10498.01,6342.0,668
22120,WELCOME  WOODEN BLOCK LETTERS,10444.02,1030.0,367
22180,RETRO SPOT LAMP,10443.01,1008.0,410
22748,POPPY'S PLAYHOUSE KITCHEN,10434.49,4263.0,742
20682,RED SPOTTY CHILDS UMBRELLA,10414.78,3131.0,589
22992,REVOLVER WOODEN RULER,10379.84,5236.0,348
21892,TRADITIONAL WOODEN CATCH CUP GAME,10370.32,7972.0,818
21781,MA CAMPAGNE CUTLERY BOX,10364.92,671.0,363
20979,36 PENCILS TUBE RED SPOTTY,10350.56,8219.0,709
21531,RETRO SPOT SUGAR JAM BOWL,10349.47,4146.0,776
22089,PAPER BUNTING VINTAGE PAISLEY,10335.81,3516.0,552
21756,BATH BUILDING BLOCK WORD,10317.36,1671.0,581
22840,ROUND CAKE TIN VINTAGE RED,10311.0,1354.0,402
84880,WHITE WIRE EGG HOLDER,10308.11,1807.0,375
22380,TOY TIDY SPACEBOY,10301.72,4998.0,688
21488,RED WHITE SCARF  HOT WATER BOTTLE,10285.98,2448.0,359
84792,ENCHANTED BIRD COATHANGER 5 HOOK,10268.35,2327.0,519
21033,JUMBO BAG CHARLIE AND LOLA TOYS,10265.72,4632.0,573
23582,VINTAGE DOILY JUMBO BAG RED,10233.45,4815.0,259
22970,LONDON BUS COFFEE MUG,10224.75,4367.0,317
22300,COFFEE MUG DOG + BALL DESIGN,10192.1,4229.0,526
22429,ENAMEL MEASURING JUG CREAM,10124.39,2341.0,625
22327,ROUND SNACK BOXES SET OF 4 SKULLS,10095.79,3109.0,646
22131,FOOD CONTAINER SET 3 LOVE HEART,10070.49,5317.0,692
23171,REGENCY TEA PLATE GREEN,10051.99,6247.0,381
22745,POPPY'S PLAYHOUSE BEDROOM,10044.06,4097.0,703
79000,MOROCCAN TEA GLASS,10001.32,12282.0,436
22549,PICTURE DOMINOES,9979.66,6688.0,711
23076,ICE CREAM SUNDAE LIP GLOSS,9965.76,8100.0,277
20677,PINK SPOTTY BOWL,9959.89,7907.0,760
22942,CHRISTMAS LIGHTS 10 SANTAS,9916.68,1273.0,246
20829,GLITTER HANGING BUTTERFLY STRING,9892.24,4850.0,481
22665,RECIPE BOX BLUE SKETCHBOOK DESIGN,9852.58,3025.0,703
16014,SMALL CHINESE STYLE SCISSOR,9839.4,30370.0,93
47570B,TEA TIME TABLE CLOTH,9686.17,979.0,224
35961,FOLKART ZINC HEART CHRISTMAS DEC,9668.33,11563.0,637
22767,TRIPLE PHOTO FRAME CORNICE,9667.76,1022.0,295
82552,WASHROOM METAL SIGN,9659.57,7046.0,794
20970,PINK FLORAL FELTCRAFT SHOULDER BAG,9632.0,2547.0,574
84030E,ENGLISH ROSE HOT WATER BOTTLE,9625.51,2252.0,485
23175,REGENCY MILK JUG PINK,9600.15,3164.0,329
22978,PANTRY ROLLING PIN,9568.73,2465.0,238
22121,NOEL WOODEN BLOCK LETTERS,9536.28,1538.0,438
21716,BOYS VINTAGE TIN SEASIDE BUCKET,9531.74,3750.0,496
84692,BOX OF 24 COCKTAIL PARASOLS,9530.48,19467.0,1122
21385,IVORY HANGING DECORATION  HEART,9508.95,10998.0,690
22072,TEA CUP AND SAUCER RETRO SPOT,9502.26,2478.0,511
21658,GLASS  BEURRE DISH,9458.15,2263.0,519
22195,HEART MEASURING SPOONS LARGE,9456.6,5279.0,811
22357,KINGS CHOICE BISCUIT TIN,9454.32,2094.0,462
22219,LOVEBIRD HANGING DECORATION WHITE,9427.66,9934.0,1149
84032A,CHARLIE+LOLA PINK HOT WATER BOTTLE,9427.62,3427.0,662
22839,3 TIER CAKE TIN GREEN AND CREAM,9373.94,598.0,260
21745,GAOLERS KEYS DECORATIVE GARDEN,9340.07,2737.0,486
21243,PINK  SPOTTY PLATE,9328.26,5660.0,503
21041,RED SPOTTY OVEN GLOVE DOUBLE,9303.19,2732.0,525
22656,VINTAGE BLUE KITCHEN CABINET,9290.0,45.0,37
23319,BOX OF 6 MINI 50'S CRACKERS,9266.84,3739.0,403
22110,BIRD HOUSE HOT WATER BOTTLE,9263.87,2748.0,512
22141,CHRISTMAS CRAFT TREE TOP ANGEL,9254.71,3794.0,572
22244,"HOOK, 3 HANGER ,MAGIC GARDEN",9252.02,4830.0,431
22741,FUNKY DIVA PEN,9248.69,10721.0,292
21777,RECIPE BOX WITH METAL HEART,9242.46,1147.0,367
20747,PICCADILLY TEA SET,9239.87,684.0,108
22371,AIRLINE BAG VINTAGE TOKYO 78,9221.01,1877.0,684
21933,PINK VINTAGE PAISLEY PICNIC BAG,9191.6,4151.0,625
51008,AFGHAN SLIPPER SOCK PAIR,9179.25,2865.0,80
23318,BOX OF 6 MINI VINTAGE CRACKERS,9167.39,3811.0,376
23080,RED METAL BOX TOP SECRET,9158.87,1079.0,257
21985,PACK OF 12 HEARTS DESIGN TISSUES,9032.96,25708.0,919
21715,GIRLS VINTAGE TIN SEASIDE BUCKET,9017.8,3564.0,487
22989,SET 2 PANTRY DESIGN TEA TOWELS,9012.27,2815.0,372
23439,HAND WARMER RED LOVE HEART,8941.61,4027.0,397
23322,LARGE WHITE HEART OF WICKER,8925.41,3085.0,562
22215,CAKE STAND WHITE TWO TIER LACE,8920.43,1098.0,359
21042,RED SPOTTY APRON,8914.48,1505.0,399
ADJUST,Adjustment by john on 26/01/2010 16,8897.93,36.0,36
20974,12 PENCILS SMALL TUBE SKULL,8895.24,13511.0,822
22212,FOUR HOOK  WHITE LOVEBIRDS,8869.28,4114.0,828
84839,SWEETHEART KEY CABINET,8848.3,1538.0,393
22895,SET OF 2 TEA TOWELS APPLE AND PEARS,8823.52,2898.0,411
85049E,SCANDINAVIAN REDS RIBBONS,8750.01,6524.0,830
21135,VICTORIAN  METAL POSTCARD SPRING,8727.79,6080.0,405
22751,FELTCRAFT PRINCESS OLIVIA DOLL,8716.45,2332.0,466
21980,PACK OF 12 RED SPOTTY TISSUES,8714.44,31551.0,676
22283,6 EGG HOUSE PAINTED WOOD,8692.55,1050.0,382
23256,CHILDRENS CUTLERY SPACEBOY,8675.37,2115.0,368
72807C,SET/3 VANILLA SCENTED CANDLE IN BOX,8667.49,2019.0,345
21381,MINI WOODEN HAPPY BIRTHDAY GARLAND,8649.91,5149.0,532
22073,RETRO SPOT STORAGE JAR,8647.13,2176.0,474
23534,STOP FOR TEA WALL ART,8614.85,1388.0,260
22078,RIBBON REEL LACE DESIGN,8580.16,4044.0,480
23082,SET 6 PAPER TABLE LANTERN HEARTS,8577.51,2333.0,297
22354,RETRO SPOT PADDED SEAT CUSHION,8567.06,2258.0,280
21769,VINTAGE POST OFFICE CABINET,8562.52,134.0,48
22358,KINGS CHOICE TEA CADDY,8561.9,2694.0,605
23078,ICE CREAM PEN LIP GLOSS,8553.34,6831.0,257
22079,RIBBON REEL HEARTS DESIGN,8553.04,5080.0,684
21932,SCANDINAVIAN PAISLEY PICNIC BAG,8549.47,3889.0,649
21186,WHITE DOVE HONEYCOMB PAPER GARLAND,8540.42,5277.0,369
21411,GINGHAM HEART  DOORSTOP RED,8534.49,2131.0,624
23493,VINTAGE DOILY TRAVEL SEWING KIT,8509.68,3970.0,415
48189,DOOR MAT FRIENDSHIP,8494.01,1323.0,274
79323LP,LIGHT PINK CHERRY LIGHTS,8481.19,1433.0,170
23321,SMALL WHITE HEART OF WICKER,8473.27,4737.0,629
23535,BICYCLE SAFTEY WALL ART,8469.99,1329.0,215
22329,ROUND FOOD CONTAINER S/5 RETROSPOT,8463.75,5174.0,610
21244,BLUE  SPOTTY PLATE,8452.07,5161.0,445
21874,GIN AND TONIC MUG,8451.84,6489.0,617
22275,WEEKEND BAG VINTAGE ROSE PAISLEY,8437.18,1019.0,313
22628,PICNIC BOXES SET OF 3 RETROSPOT,8428.28,1752.0,350
21934,SKULL SHOULDER BAG,8402.97,4648.0,725
22689,DOORMAT MERRY CHRISTMAS RED,8382.62,1094.0,264
22738,RIBBON REEL SNOWY VILLAGE,8382.54,4636.0,498
85049A,TRADITIONAL CHRISTMAS RIBBONS,8362.4,6337.0,667
85067,CREAM SWEETHEART WALL CABINET,8347.59,504.0,175
85064,CREAM SWEETHEART LETTER RACK,8327.01,1789.0,279
21238,RED SPOTTY CUP,8266.53,9589.0,903
84032B,CHARLIE + LOLA RED HOT WATER BOTTLE,8228.09,3430.0,601
22504,CABIN BAG VINTAGE RETROSPOT,8224.63,374.0,115
22796,PHOTO FRAME 3 CLASSIC HANGING,8223.44,823.0,316
22890,NOVELTY BISCUITS CAKE STAND 3 TIER,8213.47,839.0,260
22055,MINI CAKE STAND  HANGING STRAWBERY,8212.19,4945.0,724
20675,BLUE SPOTTY BOWL,8190.41,6573.0,693
82551,LAUNDRY 15C METAL SIGN,8163.85,5690.0,751
21116,OWL DOORSTOP,8099.22,1386.0,534
84508A,CAMOFLAGE DESIGN TEDDY,8096.58,3811.0,108
21115,ROSE CARAVAN DOORSTOP,8065.73,1262.0,431
84568,GIRLS ALPHABET IRON ON PATCHES,8062.71,38574.0,310
22588,CARD HOLDER GINGHAM HEART,8053.97,2929.0,483
22592,CARDHOLDER HOLLY WREATH METAL,8043.33,2001.0,304
21870,I CAN ONLY PLEASE ONE PERSON MUG,8025.53,6398.0,630
22784,LANTERN CREAM GAZEBO,7984.07,1598.0,369
22350,CAT BOWL,7954.56,2861.0,331
21875,KINGS CHOICE MUG,7953.57,6860.0,414
22809,SET OF 6 T-LIGHTS SANTA,7950.9,2662.0,379
21976,PACK OF 60 MUSHROOM CAKE CASES,7946.03,14818.0,950
22353,LUNCHBOX WITH CUTLERY FAIRY CAKES,7933.19,3045.0,493
22813,PACK 3 BOXES BIRD PANNETONE,7881.03,4039.0,373
21588,RETRO SPOT GIANT  TUBE MATCHES,7868.4,3398.0,284
22165,"DIAMANTE HEART SHAPED WALL MIRROR,",7844.22,991.0,272
20717,STRAWBERRY SHOPPER BAG,7840.98,6342.0,757
22669,RED BABY BUNTING,7838.37,2439.0,438
22550,HOLIDAY FUN LUDO,7835.96,2091.0,425
21110,LARGE CAKE TOWEL PINK SPOTS,7830.83,1652.0,329
23238,SET OF 4 KNICK KNACK TINS LONDON,7825.56,1862.0,274
23007,SPACEBOY BABY GIFT SET,7758.7,499.0,184
22493,PAINT YOUR OWN CANVAS SET,7758.69,4822.0,418
22798,ANTIQUE GLASS DRESSING TABLE POT,7752.21,2491.0,356
21361,LOVE LARGE WOOD LETTERS,7750.07,587.0,286
22739,RIBBON REEL CHRISTMAS SOCK BAUBLE,7744.26,4199.0,601
23204,CHARLOTTE BAG APPLES DESIGN,7741.94,7976.0,583
84968C,S/16 VINTAGE PISTACHIO CUTLERY,7731.24,644.0,191
22945,CHRISTMAS METAL TAGS ASSORTED,7722.19,7857.0,338
22242,"HOOK, 5 HANGER , MAGIC TOADSTOOL",7692.99,4835.0,368
22779,WOODEN OWLS LIGHT GARLAND,7666.64,2024.0,193
22360,GLASS JAR ENGLISH CONFECTIONERY,7662.45,2536.0,425
22199,FRYING PAN RED POLKADOT,7643.67,1863.0,405
22224,WHITE LOVEBIRD LANTERN,7637.15,2404.0,401
22528,GARDENERS KNEELING PAD,7634.27,5831.0,554
21463,MIRRORED DISCO BALL,7629.46,1376.0,302
22489,PACK OF 12 TRADITIONAL CRAYONS,7618.02,18076.0,785
22991,GIRAFFE WOODEN RULER,7608.79,3889.0,274
22827,RUSTIC  SEVENTEEN DRAWER SIDEBOARD,7605.0,49.0,35
22465,HANGING METAL STAR LANTERN,7581.9,4686.0,461
85065,CREAM SWEETHEART TRAYS,7575.44,624.0,256
82580,BATHROOM METAL SIGN,7558.36,13400.0,1336
85174,S/4 CACTI CANDLES,7555.39,1534.0,357
11001,ASSTD DESIGN RACING CAR PEN,7509.97,4885.0,251
21746,SMALL RED SPOT  WINDMILL,7478.37,5970.0,488
21876,POTTERING MUG,7472.99,5728.0,623
21114,LAVENDER SCENTED FABRIC HEART,7462.16,5783.0,494
22644,CERAMIC CHERRY CAKE MONEY BANK,7451.74,5095.0,610
72351A,SET/6 TURQUOISE BUTTERFLY T-LIGHTS,7442.19,3762.0,399
22626,BLACK KITCHEN SCALES,7430.96,867.0,339
22282,12 EGG HOUSE PAINTED WOOD,7406.65,565.0,216
22029,SPACE BOY BIRTHDAY CARD,7405.97,17895.0,1101
21737,SET 3 WICKER LOG BASKETS,7402.56,400.0,164
23382,BOX OF 6 CHRISTMAS CAKE DECORATIONS,7356.18,1875.0,220
21561,DINOSAUR LUNCHBOX WITH CUTLERY,7354.87,2988.0,522
22907,PACK OF 20 NAPKINS PANTRY DESIGN,7329.99,8745.0,829
22567,20 DOLLY PEGS RETROSPOT,7312.82,5810.0,506
21625,VINTAGE UNION JACK APRON,7297.42,1016.0,334
22577,WOODEN HEART CHRISTMAS SCANDINAVIAN,7283.02,14165.0,832
22781,GUMBALL MAGAZINE RACK,7259.42,890.0,307
23083,SET 6 PAPER TABLE LANTERN STARS,7254.65,1933.0,246
22414,DOORMAT NEIGHBOURHOOD WITCH,7249.34,1192.0,220
22618,COOKING SET RETROSPOT,7223.15,742.0,242
21700,BIG DOUGHNUT FRIDGE MAGNETS,7219.46,6470.0,525
21981,PACK OF 12 WOODLAND TISSUES,7213.86,26472.0,553
37450,CERAMIC CAKE BOWL + HANGING CAKES,7129.39,2475.0,391
22187,GREEN CHRISTMAS TREE CARD HOLDER,7117.75,2159.0,364
23236,DOILEY STORAGE TIN,7106.21,2509.0,327
10002,INFLATABLE POLITICAL GLOBE,7097.9,8836.0,362
22810,SET OF 6 T-LIGHTS SNOWMEN,7092.08,2312.0,328
21984,PACK OF 12 PINK PAISLEY TISSUES,7077.05,25509.0,432
21107,CREAM SLICE FLANNEL PINK SPOT,7075.4,2463.0,313
23320,GIANT 50'S CHRISTMAS CRACKER,7072.16,2668.0,333
23215,JINGLE BELL HEART ANTIQUE SILVER,7044.64,3567.0,210
21992,VINTAGE PAISLEY STATIONERY SET,7039.27,3437.0,656
21497,FANCY FONTS BIRTHDAY WRAP,7030.5,17625.0,485
23543,WALL ART KEEP CALM,7019.01,1237.0,103
21903,MAN FLU METAL SIGN,7018.19,3476.0,407
22563,HAPPY STENCIL CRAFT,7012.61,6012.0,533
22938,CUPCAKE LACE PAPER SET 6,7006.3,3746.0,273
23283,DOORMAT VINTAGE LEAVES DESIGN,7003.38,994.0,233
23293,SET OF 12 FAIRY CAKE BAKING CASES,7001.99,8486.0,552
22498,WOODEN REGATTA BUNTING,6969.44,1141.0,381
22845,VINTAGE CREAM CAT FOOD CONTAINER,6967.9,1026.0,394
22780,LIGHT GARLAND BUTTERFILES PINK,6963.38,1850.0,179
37448,CERAMIC CAKE DESIGN SPOTTED MUG,6962.8,4640.0,528
22377,BOTTLE BAG RETROSPOT,6935.68,3623.0,435
23254,CHILDRENS CUTLERY DOLLY GIRL,6932.16,1710.0,299
35004B,SET OF 3 BLACK FLYING DUCKS,6932.15,1500.0,275
21563,RED HEART SHAPE LOVE BUCKET,6931.79,2802.0,362
20973,12 PENCIL SMALL TUBE WOODLAND,6930.47,10066.0,658
22378,WALL TIDY RETROSPOT,6924.52,3783.0,546
21768,WALL MOUNTED VINTAGE ORGANISER,6924.04,510.0,163
22311,OFFICE MUG WARMER BLACK+SILVER,6923.9,2154.0,300
22085,PAPER CHAIN KIT SKULLS,6907.47,2546.0,230
22220,CAKE STAND LOVEBIRD 2 TIER WHITE,6905.34,747.0,270
23109,LED TEA LIGHTS,6878.37,2401.0,268
22575,METAL MERRY CHRISTMAS WREATH,6876.45,3199.0,330
85220,SMALL FAIRY CAKE FRIDGE MAGNETS,6875.0,12236.0,5
37500,TEA TIME TEAPOT IN GIFT BOX,6869.72,887.0,263
22431,WATERING CAN BLUE ELEPHANT,6865.03,3406.0,620
22430,ENAMEL WATERING CAN CREAM,6861.19,1414.0,356
23103,JINGLE BELL HEART DECORATION,6859.36,4080.0,365
22746,POPPY'S PLAYHOUSE LIVINGROOM,6858.92,2979.0,564
47502,POLKADOT CUTLERY 24 PCS IN TRAY,6855.75,640.0,79
22059,CERAMIC STRWBERRY DESIGN MUG,6847.35,5084.0,458
23541,WALL ART CLASSIC PUDDINGS,6823.91,872.0,152
21989,PACK OF 20 SKULL PAPER NAPKINS,6822.88,8584.0,654
47599B,BLUE PARTY BAGS,6822.14,3568.0,286
85175,CACTI T-LIGHT CANDLES,6808.38,15922.0,442
22898,CHILDRENS APRON APPLE DESIGN,6805.23,3263.0,471
23297,SET 40 HEART SHAPE PETIT FOUR CASES,6792.23,4303.0,161
22432,WATERING CAN PINK BUNNY,6792.11,3559.0,517
23008,DOLLY GIRL BABY GIFT SET,6753.51,435.0,133
23229,VINTAGE DONKEY TAIL GAME,6739.71,1869.0,256
22221,CAKE STAND LOVEBIRD 2 TIER PINK,6732.66,907.0,156
22661,CHARLOTTE BAG DOLLY GIRL DESIGN,6730.55,8319.0,631
22526,WHEELBARROW FOR CHILDREN,6727.91,546.0,207
23480,MINI LIGHTS WOODLAND MUSHROOMS,6726.64,1800.0,215
23247,BISCUIT TIN 50'S CHRISTMAS,6715.93,2206.0,309
21592,RETRO SPOT  CIGAR BOX MATCHES,6695.35,5991.0,476
22080,RIBBON REEL SPOTS DESIGN,6685.13,3987.0,519
85047,WHITE BEADED GARLAND STRING 20LIGHT,6683.38,1054.0,236
23169,CLASSIC GLASS COOKIE JAR,6671.14,1558.0,314
21494,ROTATING LEAVES T-LIGHT HOLDER,6670.58,3932.0,501
85014D,PINK/BROWN DOTS RUFFLED UMBRELLA,6670.4,1919.0,90
85068,CREAM SWEETHEART SHELF + HOOKS,6655.19,961.0,197
85062,PEARL CRYSTAL PUMPKIN T-LIGHT HLDR,6638.25,4049.0,342
22142,CHRISTMAS CRAFT WHITE FAIRY,6637.04,4419.0,503
21240,BLUE  SPOTTY CUP,6600.87,7643.0,769
16156S,WRAP PINK FAIRY CAKES,6600.62,16761.0,419
79067,CORONA MEXICAN TRAY,6593.83,1662.0,396
84968A,S/16 VINTAGE ROSE CUTLERY,6589.08,533.0,204
22849,"BREAD BIN, DINER STYLE, MINT",6577.03,419.0,162
22833,HALL CABINET WITH 3 DRAWERS,6567.17,193.0,13
21201,TROPICAL  HONEYCOMB PAPER GARLAND,6560.47,2757.0,235
15060B,FAIRY CAKE DESIGN UMBRELLA,6558.58,1438.0,449
22332,SKULLS PARTY BAG + STICKER SET,6553.55,4178.0,381
22364,GLASS JAR DIGESTIVE BISCUITS,6548.8,2067.0,340
22578,WOODEN STAR CHRISTMAS SCANDINAVIAN,6534.73,13429.0,768
21500,PINK SPOTS  WRAP,6521.0,16150.0,492
21239,PINK  SPOTTY CUP,6520.64,7457.0,751
22596,CHRISTMAS STAR WISH LIST CHALKBOARD,6515.6,6371.0,438
22065,CHRISTMAS PUDDING TRINKET POT,6504.24,8786.0,456
22148,EASTER CRAFT 4 CHICKS,6499.79,3247.0,299
23311,VINTAGE CHRISTMAS STOCKING,6488.2,2390.0,344
47559B,TEA TIME OVEN GLOVE,6469.29,5232.0,701
23553,LANDMARK FRAME CAMDEN TOWN,6457.15,569.0,68
23188,VINTAGE  2 METER FOLDING RULER,6451.07,3473.0,333
22783,SET 3 WICKER OVAL BASKETS W LIDS,6443.95,489.0,45
23571,TRADITIONAL NAUGHTS & CROSSES,6436.61,2859.0,257
23134,LARGE ZINC HEART WALL ORGANISER,6431.11,1065.0,38
22063,CERAMIC BOWL WITH STRAWBERRY DESIGN,6426.86,2327.0,356
22848,BREAD BIN DINER STYLE PINK,6409.7,399.0,151
22906,12 MESSAGE CARDS WITH ENVELOPES,6405.54,3469.0,445
22979,PANTRY WASHING UP BRUSH,6401.97,4097.0,381
22582,PACK OF 6 SWEETIE GIFT BOXES,6390.91,2544.0,295
84520B,PACK 20 ENGLISH ROSE PAPER NAPKINS,6389.42,7465.0,722
23307,SET OF 60 PANTRY DESIGN CAKE CASES,6379.59,12063.0,629
22460,EMBOSSED GLASS TEALIGHT HOLDER,6372.7,4834.0,376
23172,REGENCY TEA PLATE PINK,6360.91,3871.0,305
22185,SLATE TILE NATURAL HANGING,6338.03,3968.0,462
22435,SET OF 9 HEART SHAPED BALLOONS,6330.24,5029.0,537
22830,UTILTY CABINET WITH HOOKS,6324.05,309.0,18
84884A,ANT WHITE WIRE HEART SPIRAL,6312.62,1722.0,312
22278,OVERNIGHT BAG VINTAGE ROSE PAISLEY,6292.01,1066.0,383
22196,SMALL HEART MEASURING SPOONS,6288.05,6734.0,981
22855,FINE WICKER HEART,6274.05,5020.0,427
21730,GLASS STAR FROSTED T-LIGHT HOLDER,6273.44,1278.0,293
72802C,VANILLA SCENT CANDLE JEWELLED BOX,6251.44,2228.0,269
21584,RETRO SPOT SMALL TUBE MATCHES,6246.6,3876.0,352
20751,FUNKY WASHING UP GLOVES ASSORTED,6241.68,2941.0,471
21714,CITRONELLA CANDLE GARDEN POT,6236.16,4324.0,522
84832,ZINC WILLIE WINKIE  CANDLE STICK,6233.23,6888.0,630
85178,VICTORIAN SEWING KIT,6218.32,5628.0,313
21078,SET/20 STRAWBERRY PAPER NAPKINS,6213.39,7242.0,741
22222,CAKE PLATE LOVEBIRD WHITE,6210.34,1499.0,403
22826,LOVE SEAT ANTIQUE WHITE METAL,6210.0,58.0,41
21499,BLUE SPOTS  WRAP,6207.84,15452.0,460
21586,KINGS CHOICE GIANT TUBE MATCHES,6203.7,2664.0,238
22772,PINK DRAWER KNOB ACRYLIC EDWARDIAN,6192.61,4580.0,314
21591,COSY HOUR CIGAR BOX MATCHES,6185.58,4124.0,365
22167,"WALL MIRROR , DIAMANTE OVAL SHAPE",6154.31,697.0,303
23192,BUNDLE OF 3 ALPHABET EXERCISE BOOKS,6142.29,3533.0,345
22331,WOODLAND PARTY BAG + STICKER SET,6135.5,3732.0,437
22737,RIBBON REEL CHRISTMAS PRESENT,6131.72,3412.0,493
21667,GLASS CAKE COVER AND PLATE,6126.25,354.0,163
22841,ROUND CAKE TIN VINTAGE GREEN,6114.28,784.0,306
23118,PARISIENNE JEWELLERY DRAWER,6102.18,813.0,258
22361,GLASS JAR DAISY FRESH COTTON WOOL,6089.42,1857.0,496
21918,SET 12 KIDS COLOUR  CHALK STICKS,6084.24,14747.0,788
22491,PACK OF 12 COLOURED PENCILS,6067.87,7554.0,390
85038,6 CHOCOLATE LOVE HEART T-LIGHTS,6057.64,2905.0,382
21832,CHOCOLATE CALCULATOR,6034.19,3439.0,459
22045,SPACE BOY GIFT WRAP,6034.14,14667.0,473
23526,DOG LICENCE WALL ART,6021.4,1012.0,143
21407,BROWN CHECK CAT DOORSTOP,6014.84,1317.0,453
23296,SET OF 6 TEA TIME BAKING CASES,5988.05,4981.0,378
21452,TOADSTOOL MONEY BOX,5984.36,1952.0,408
23312,VINTAGE CHRISTMAS GIFT SACK,5968.3,1424.0,214
22964,3 PIECE SPACEBOY COOKIE CUTTER SET,5966.25,2853.0,408
84509A,ENGLISH ROSE PLACEMATS,5962.14,1535.0,404
23052,RECYCLED ACAPULCO MAT TURQUOISE,5949.34,654.0,278
22899,CHILDREN'S APRON DOLLY GIRL,5939.99,2841.0,421
21313,GLASS HEART T-LIGHT HOLDER,5926.55,6889.0,415
22660,DOORMAT I LOVE LONDON,5924.93,891.0,194
22441,GROW YOUR OWN BASIL IN ENAMEL MUG,5910.21,2726.0,472
22951,60 CAKE CASES DOLLY GIRL DESIGN,5909.85,11232.0,634
23154,SET OF 4 JAM JAR MAGNETS,5907.36,2732.0,235
48197,DOOR MAT BIRD ON THE WIRE,5905.64,898.0,225
22241,"""GARLAND , WOODEN  """" HAPPY EASTER""""""",5899.92,4379.0,474
22200,FRYING PAN PINK POLKADOT,5882.61,1317.0,357
85132C,CHARLIE AND LOLA FIGURES TINS,5881.19,2069.0,302
23113,PANTRY CHOPPING BOARD,5868.5,1154.0,57
22971,QUEENS GUARD COFFEE MUG,5849.29,2431.0,272
21988,PACK OF 6 SKULL PAPER PLATES,5848.68,7855.0,416
23485,BOTANICAL GARDENS WALL CLOCK,5843.92,262.0,83
21577,SAVE THE PLANET COTTON TOTE BAG,5827.87,2593.0,464
22119,PEACE WOODEN BLOCK LETTERS,5825.77,938.0,340
37495,FAIRY CAKE BIRTHDAY CANDLE SET,5811.35,1581.0,330
22115,METAL SIGN EMPIRE TEA,5786.62,2913.0,500
22687,DOORMAT CHRISTMAS VILLAGE,5784.67,895.0,149
22070,SMALL RETRO SPOT MUG IN BOX  RED,5768.99,1853.0,320
21528,DAIRY MAID TRADITIONAL TEAPOT,5763.22,910.0,257
21703,BAG 125g SWIRLY MARBLES,5742.31,14797.0,561
84968B,S/16 VINTAGE IVORY CUTLERY,5732.41,432.0,135
22341,LOVE GARLAND PAINTED ZINC,5728.71,3483.0,240
23205,CHARLOTTE BAG VINTAGE ALPHABET,5728.08,5859.0,467
22060,LARGE CAKE STAND HANGING HEARTS,5719.21,737.0,158
22335,HEART DECORATION PAINTED ZINC,5717.76,8756.0,510
22653,BUTTON BOX,5716.64,3078.0,381
82599,FANNY'S REST STOPMETAL SIGN,5706.52,2585.0,506
22854,CREAM SWEETHEART EGG HOLDER,5700.99,1173.0,244
22156,HEART DECORATION WITH PEARLS,5687.78,6327.0,581
21900,"KEY FOB , SHED",5632.05,8472.0,835
22602,CHRISTMAS RETROSPOT HEART WOOD,5629.21,6643.0,535
21207,SKULL AND CROSSBONES  GARLAND,5628.89,3618.0,282
84971S,SMALL HEART FLOWERS HOOK,5627.17,6636.0,459
22534,MAGIC DRAWING SLATE SPACEBOY,5625.16,13159.0,583
40016,CHINESE DRAGON PAPER LANTERNS,5604.14,15694.0,244
22168,"ORGANISER WOOD, ANTIQUE WHITE",5603.43,674.0,312
22443,GROW YOUR OWN HERBS SET OF 3,5601.05,705.0,264
22801,ANTIQUE GLASS PEDESTAL BOWL,5591.0,1368.0,299
22670,FRENCH WC SIGN BLUE METAL,5590.61,4492.0,425
22763,KEY CABINET MA CAMPAGNE,5590.27,677.0,135
22186,RED STAR CARD HOLDER,5573.11,2041.0,345
85061W,WHITE JEWELLED HEART DECORATION,5567.01,6440.0,469
23531,WALL ART BIG LOVE,5559.11,979.0,112
23126,FELTCRAFT GIRL AMELIE KIT,5556.79,1114.0,291
22203,MILK PAN RED RETROSPOT,5537.49,1416.0,392
21112,"SWISS ROLL TOWEL, PINK  SPOTS",5531.5,2234.0,189
22775,PURPLE DRAWERKNOB ACRYLIC EDWARDIAN,5531.31,3903.0,284
22483,RED GINGHAM TEDDY BEAR,5529.07,1901.0,349
23177,TREASURE ISLAND BOOK BOX,5528.04,2535.0,267
23133,LARGE IVORY HEART WALL ORGANISER,5525.4,782.0,155
20983,12 PENCILS TALL TUBE RED SPOTTY,5521.78,6342.0,641
23158,SET OF 5 LUCKY CAT MAGNETS,5517.99,2635.0,255
23583,LUNCH BAG PAISLEY PARK,5513.83,3395.0,325
21587,COSY HOUR GIANT TUBE MATCHES,5508.45,2211.0,260
22437,SET OF 9 BLACK SKULL BALLOONS,5505.41,6566.0,443
21363,HOME SMALL WOOD LETTERS,5505.03,1020.0,401
37446,MINI CAKE STAND WITH HANGING CAKES,5502.08,3813.0,410
79029,GLASS HONEYPOT WASP CATCHER,5501.12,2958.0,343
20978,36 PENCILS TUBE SKULLS,5497.33,4163.0,557
21069,VINTAGE BILLBOARD TEA MUG,5485.68,5157.0,279
22842,BISCUIT TIN VINTAGE RED,5484.08,844.0,237
16161P,WRAP ENGLISH ROSE,5477.4,13298.0,440
72756,FAIRY CAKE CANDLES,5472.89,4021.0,129
85063,CREAM SWEETHEART MAGAZINE RACK,5460.64,310.0,180
22571,ROCKING HORSE RED CHRISTMAS,5445.43,6091.0,511
21432,SET OF 3 CASES WOODLAND DESIGN,5441.86,943.0,237
22476,EMPIRE UNION JACK TV DINNER TRAY,5426.22,1358.0,269
84968D,S/16 VINTAGE RED CUTLERY,5419.21,474.0,106
23135,SMALL ZINC HEART WALL ORGANISER,5416.18,1541.0,45
21491,SET OF THREE VINTAGE GIFT WRAPS,5404.06,2897.0,248
84937,KASHMIR FOLKART TUMBLERS,5396.64,2543.0,124
22218,CAKE STAND LACE WHITE,5378.41,1235.0,264
23494,VINTAGE DOILY DELUXE SEWING KIT,5377.81,813.0,205
22175,PINK OWL SOFT TOY,5372.77,1850.0,363
21993,FLORAL FOLK STATIONERY SET,5366.54,2907.0,577
35832,WOOLLY HAT SOCK GLOVE ADVENT STRING,5347.75,1739.0,188
22030,SWALLOWS GREETING CARD,5333.92,13059.0,685
84950,ASSORTED COLOUR T-LIGHT HOLDER,5331.65,8027.0,274
22998,TRAVEL CARD WALLET KEEP CALM,5314.9,12490.0,534
22896,PEG BAG APPLE DESIGN,5299.12,2096.0,367
22564,ALPHABET STENCIL CRAFT,5296.4,4630.0,343
85132A,CHARLIE + LOLA BISCUITS TINS,5293.38,1365.0,250
22472,TV DINNER TRAY DOLLY GIRL,5275.94,1115.0,250
21718,RED METAL BEACH SPADE,5274.07,4047.0,467
22433,WATERING CAN GREEN DINOSAUR,5271.06,2818.0,422
21713,CITRONELLA CANDLE FLOWERPOT,5254.66,2783.0,391
21071,VINTAGE BILLBOARD DRINK ME MUG,5252.7,4475.0,472
22894,TABLECLOTH RED APPLES DESIGN,5228.78,569.0,192
22117,METAL SIGN HER DINNER IS SERVED,5222.49,1769.0,230
22691,DOORMAT WELCOME SUNRISE,5221.99,761.0,218
23132,SMALL IVORY HEART WALL ORGANISER,5219.1,1034.0,152
22509,SEWING BOX RETROSPOT DESIGN,5215.01,394.0,187
21872,GLAMOROUS  MUG,5213.49,5125.0,330
22426,ENAMEL WASH BOWL CREAM,5198.99,1348.0,372
22374,AIRLINE BAG VINTAGE JET SET RED,5197.47,1042.0,430
23263,SET OF 3 WOODEN HEART DECORATIONS,5184.69,3893.0,445
22412,METAL SIGN NEIGHBOURHOOD WITCH,5182.86,2417.0,402
23157,SET OF 6 NATIVITY MAGNETS,5170.1,2570.0,163
22593,CHRISTMAS GINGHAM STAR,5169.16,5812.0,415
22610,PENS ASSORTED FUNNY FACE,5153.28,12757.0,287
20977,36 PENCILS TUBE WOODLAND,5149.99,3856.0,485
23165,LARGE CERAMIC TOP STORAGE JAR,5147.66,3118.0,280
21471,STRAWBERRY RAFFIA FOOD COVER,5144.38,1419.0,319
23162,REGENCY TEA STRAINER,5143.69,1412.0,176
21495,SKULLS WRAP,5140.3,12515.0,376
22956,36 FOIL HEART CAKE CASES,5130.22,2617.0,256
22075,6 RIBBONS ELEGANT CHRISTMAS,5122.94,3384.0,358
22318,FIVE HEART HANGING DECORATION,5119.71,1626.0,389
21544,SKULLS  WATER TRANSFER TATTOOS,5119.69,6131.0,503
22732,3D STICKERS VINTAGE CHRISTMAS,5115.26,3856.0,337
22276,WASH BAG VINTAGE ROSE PAISLEY,5112.83,1956.0,373
21706,"FOLDING UMBRELLA , RED/WHITE SPOT",5111.71,1360.0,254
21578,WOODLAND DESIGN  COTTON TOTE BAG,5108.42,2224.0,380
23397,FOOT STOOL HOME SWEET HOME,5097.65,489.0,217
23234,BISCUIT TIN VINTAGE CHRISTMAS,5088.45,1725.0,277
21056,DOCTOR'S BAG SOFT TOY,5086.63,559.0,195
23295,SET OF 12 MINI LOAF BAKING CASES,5078.43,6140.0,444
23198,PANTRY MAGNETIC  SHOPPING LIST,5068.4,3346.0,475
46000S,POLYESTER FILLER PAD 40x40cm,5054.7,3486.0,380
22107,PIZZA PLATE IN BOX,5050.01,1280.0,369
22583,PACK OF 6 HANDBAG GIFT BOXES,5044.8,1903.0,349
23314,VINTAGE CHRISTMAS TABLECLOTH,5037.96,409.0,117
22604,SET OF 4 NAPKIN CHARMS CUTLERY,5029.02,2045.0,247
22957,SET 3 PAPER VINTAGE CHICK PAPER EGG,5023.5,1778.0,214
21896,POTTING SHED TWINE,5011.31,2412.0,290
22688,DOORMAT PEACE ON EARTH BLUE,5000.6,899.0,93
84796B,BLUE SAVANNAH PICNIC HAMPER FOR 2,4999.79,600.0,180
23310,BUBBLEGUM RING ASSORTED,4997.28,12050.0,245
47568,ENGLISH ROSE DESIGN PEG BAG,4993.52,2389.0,410
23556,LANDMARK FRAME COVENT GARDEN,4974.51,439.0,53
85184C,S/4 VALENTINE DECOUPAGE HEART BOX,4953.66,2296.0,345
23570,TRADITIONAL PICK UP STICKS GAME,4944.37,2782.0,276
20963,APPLE BATH SPONGE,4937.62,3646.0,509
22574,HEART WOODEN CHRISTMAS DECORATION,4930.01,5386.0,415
22800,ANTIQUE TALL SWIRLGLASS TRINKET POT,4924.62,1211.0,268
20961,STRAWBERRY BATH SPONGE,4901.57,3684.0,514
23010,CIRCUS PARADE BABY GIFT SET,4896.55,316.0,111
20681,PINK SPOTTY CHILDS UMBRELLA,4882.54,1436.0,341
23351,ROLL WRAP 50'S CHRISTMAS,4880.65,3539.0,354
21534,DAIRY MAID LARGE MILK JUG,4877.81,959.0,342
22027,TEA PARTY BIRTHDAY CARD,4877.11,11459.0,845
22128,PARTY CONES CANDY ASSORTED,4872.09,4013.0,195
23503,PLAYING CARDS KEEP CALM & CARRY ON,4864.3,3646.0,335
21249,WOODLAND  HEIGHT CHART STICKERS,4862.04,1686.0,259
22442,GROW YOUR OWN FLOWERS SET OF 3,4852.77,877.0,172
22474,SPACEBOY TV DINNER TRAY,4845.06,987.0,254
84270,ASSTD DESIGN BUBBLE GUM RING,4840.47,23013.0,476
21328,BALLOONS  WRITING SET,4836.13,2535.0,643
23554,LANDMARK FRAME OXFORD STREET,4830.53,424.0,57
23555,LANDMARK FRAME NOTTING HILL,4818.07,424.0,50
22304,COFFEE MUG BLUE PAISLEY DESIGN,4816.98,2428.0,167
21916,SET 12 RETRO WHITE CHALK STICKS,4815.77,11154.0,713
85049G,CHOCOLATE BOX RIBBONS,4813.65,3902.0,510
22434,BALLOON PUMP WITH 10 BALLOONS,4811.49,2587.0,281
21986,PACK OF 12 PINK SPOT TISSUES,4808.57,13536.0,469
72807B,SET/3 OCEAN SCENT CANDLE JEWEL BOX,4803.03,1093.0,225
22399,MAGNETS PACK OF 4 CHILDHOOD MEMORY,4799.6,4092.0,277
23389,SPACEBOY MINI BACKPACK,4780.54,1122.0,237
22305,COFFEE MUG PINK PAISLEY DESIGN,4777.83,2293.0,144
22672,FRENCH BATHROOM SIGN BLUE METAL,4775.95,2870.0,370
23159,SET OF 5 PANCAKE DAY MAGNETS,4771.76,2321.0,223
23184,BULL DOG BOTTLE OPENER,4764.5,874.0,264
23569,TRADTIONAL ALPHABET STAMP SET,4752.31,961.0,192
23286,BLUE VINTAGE SPOT BEAKER,4747.62,5048.0,222
21811,CHRISTMAS HANGING HEART WITH BELL,4742.29,6461.0,382
22736,RIBBON REEL MAKING SNOWMEN,4742.23,2633.0,408
23558,LANDMARK FRAME LONDON BRIDGE,4741.37,418.0,52
22601,CHRISTMAS RETROSPOT ANGEL WOOD,4732.39,5425.0,417
22562,MONSTERS STENCIL CRAFT,4726.05,4013.0,393
22451,SILK PURSE RUSSIAN DOLL RED,4725.49,1397.0,238
82581,TOILET METAL SIGN,4712.05,8507.0,913
23241,TREASURE TIN GYMKHANA DESIGN,4709.07,2184.0,363
21506,"FANCY FONT BIRTHDAY CARD,",4707.38,11302.0,665
84031A,CHARLIE+LOLA RED HOT WATER BOTTLE,4706.52,1153.0,314
23176,ABC TREASURE BOOK BOX,4697.58,2167.0,226
21864,UNION JACK FLAG PASSPORT COVER,4692.08,1965.0,411
22743,MAKE YOUR OWN FLOWERPOWER CARD KIT,4684.21,1539.0,351
22721,SET OF 3 CAKE TINS SKETCHBOOK,4678.71,1022.0,297
22926,IVORY GIANT GARDEN THERMOMETER,4655.97,762.0,216
15044B,BLUE PAPER PARASOL,4655.94,1673.0,189
21990,MODERN FLORAL STATIONERY SET,4646.23,2500.0,497
10135,COLOURING PENCILS BROWN TUBE,4642.6,4273.0,324
22573,STAR WOODEN CHRISTMAS DECORATION,4631.33,5127.0,405
37447,CERAMIC CAKE DESIGN SPOTTED PLATE,4625.49,2934.0,364
22760,"TRAY, BREAKFAST IN BED",4608.86,361.0,120
51014A,"FEATHER PEN,HOT PINK",4603.92,6748.0,376
22747,POPPY'S PLAYHOUSE BATHROOM,4602.72,2088.0,402
22594,CHRISTMAS GINGHAM TREE,4599.97,5011.0,412
21878,PACK OF 6 SANDCASTLE FLAGS ASSORTED,4595.79,5596.0,403
22908,PACK OF 20 NAPKINS RED APPLES,4590.55,5674.0,485
21068,VINTAGE BILLBOARD LOVE/HATE MUG,4587.91,4398.0,373
21564,PINK  HEART SHAPE LOVE BUCKET,4580.57,1968.0,294
21064,BOOM BOX SPEAKER BOYS,4578.19,909.0,171
21109,"LARGE CAKE TOWEL, CHOCOLATE SPOTS",4573.15,1185.0,223
23285,PINK VINTAGE SPOT BEAKER,4572.41,4807.0,191
15044D,RED PAPER PARASOL,4568.51,1598.0,227
23404,HOME SWEET HOME BLACKBOARD,4561.76,1011.0,169
23168,CLASSIC CAFE SUGAR DISPENSER,4559.92,3292.0,337
23275,SET OF 3 HANGING OWLS OLLIE BEAK,4557.97,3749.0,325
85184D,S/4 BLUE ROUND DECOUPAGE BOXES,4549.73,8312.0,66
22449,SILK PURSE RUSSIAN DOLL PINK,4548.79,1373.0,308
21537,RETRO SPOTS PUDDING BOWL,4547.84,1054.0,256
22733,3D TRADITIONAL CHRISTMAS STICKERS,4543.52,3526.0,338
22312,OFFICE MUG WARMER POLKADOT,4543.25,1321.0,269
21614,SET OF 12 ROSE BOTANICAL T-LIGHTS,4541.12,1628.0,194
84279P,CHERRY BLOSSOM  DECORATIVE FLASK,4540.55,1157.0,299
84997b,RED 3 PIECE RETROSPOT CUTLERY SET,4534.32,539.0,85
23309,SET OF 60 I LOVE LONDON CAKE CASES,4527.2,8332.0,407
21143,ANTIQUE GLASS HEART DECORATION,4526.78,2255.0,182
20966,SANDWICH BATH SPONGE,4518.18,3165.0,420
23163,REGENCY SUGAR TONGS,4515.22,1832.0,209
23112,PARISIENNE CURIO CABINET,4514.58,547.0,241
22299,PIG KEYRING WITH LIGHT & SOUND,4507.13,3967.0,202
21810,CHRISTMAS HANGING STAR WITH BELL,4496.76,7114.0,344
84968E,S/16 VINTAGE BLACK CUTLERY,4490.48,387.0,98
21967,PACK OF 12 SKULL TISSUES,4484.51,15917.0,479
22548,HEADS AND TAILS SPORTING FUN,4483.1,3585.0,428
72807A,SET/3 ROSE CANDLE IN JEWELLED BOX,4476.62,972.0,216
23167,SMALL CERAMIC TOP STORAGE JAR,4476.01,5847.0,231
23530,WALL ART ONLY ONE PERSON,4465.97,1062.0,87
21012,ANTIQUE ALL GLASS CANDLESTICK,4457.0,2365.0,299
22291,"SPRING DEC , HANGING CHICK CREAM",4456.43,3223.0,264
84969,ASSORTED COLOUR SET 6 TEASPOONS,4453.88,1000.0,341
23288,GREEN VINTAGE SPOT BEAKER,4444.23,4625.0,185
22071,SMALL RETRO SPOT MUG IN BOX  WHITE,4442.25,1552.0,256
22227,"DECORATION, HANGING HEART+MIRROR",4436.86,6151.0,643
21913,VINTAGE SEASIDE JIGSAW PUZZLES,4430.7,1157.0,298
79341,WILLOW BRANCH LIGHTS.,4423.69,725.0,79
22202,MILK PAN PINK RETROSPOT,4415.12,1094.0,264
20674,GREEN SPOTTY BOWL,4414.8,3462.0,463
22744,MAKE YOUR OWN MONSOON CARD KIT,4414.19,1565.0,300
21899,"KEY FOB , GARAGE DESIGN",4411.73,6804.0,622
22425,ENAMEL COLLANDER CREAM,4406.75,867.0,301
47580,TEA TIME DES TEA COSY,4405.46,1697.0,344
85053,FRENCH ENAMEL CANDLEHOLDER,4401.12,2046.0,378
72802B,OCEAN SCENT CANDLE IN JEWELLED BOX,4394.94,1590.0,212
20665,RED SPOTTY PURSE,4377.37,1368.0,348
22797,CHEST OF DRAWERS GINGHAM HEART,4375.26,250.0,140
22892,SALT AND PEPPER SHAKERS TOADSTOOLS,4374.56,3562.0,295
15039,SANDALWOOD FAN,4361.73,5119.0,306
84598,BOYS ALPHABET IRON ON PATCHES,4360.46,20799.0,217
79320,FLAMINGO LIGHTS,4357.38,904.0,150
23349,ROLL WRAP VINTAGE CHRISTMAS,4355.1,3231.0,337
22611,VINTAGE UNION JACK SHOPPING BAG,4353.75,909.0,195
22497,SET OF 2 TINS VINTAGE BATHROOM,4349.33,947.0,279
22530,MAGIC DRAWING SLATE DOLLY GIRL,4344.84,10274.0,468
20967,GREY FLORAL FELTCRAFT SHOULDER BAG,4338.83,1144.0,296
22600,CHRISTMAS RETROSPOT STAR WOOD,4320.05,4961.0,429
21355,TOAST ITS - I LOVE YOU,4315.58,3527.0,341
22454,MEASURING TAPE RUSSIAN DOLL RED,4310.84,1540.0,179
21556,CERAMIC STRAWBERRY MONEY BOX,4310.55,1628.0,293
20982,12 PENCILS TALL TUBE SKULLS,4309.25,4928.0,576
22285,"DECORATION HEN ON NEST, HANGING",4307.53,2739.0,261
21245,GREEN  SPOTTY PLATE,4305.54,2589.0,304
21153,RED SPOTTY TABLECLOTH,4294.69,393.0,139
23050,RECYCLED ACAPULCO MAT GREEN,4286.55,497.0,205
22723,SET OF 6 HERB TINS SKETCHBOOK,4282.57,1169.0,295
23237,SET OF 4 KNICK KNACK TINS LEAVES,4278.54,1054.0,177
21470,FLOWER VINE RAFFIA FOOD COVER,4269.92,1121.0,319
22851,SET 20 NAPKINS FAIRY CAKES DESIGN,4250.11,5221.0,523
70006,LOVE HEART POCKET WARMER,4239.52,4482.0,290
21609,SET 12 LAVENDER  BOTANICAL T-LIGHTS,4239.4,1516.0,218
22807,SET OF 6 T-LIGHTS TOADSTOOLS,4229.82,1421.0,294
23089,GLASS BON BON JAR,4217.73,2355.0,225
21707,"FOLDING UMBRELLA , BLACK/BLUE  SPOT",4209.7,1010.0,172
21743,STAR PORTABLE TABLE LIGHT,4209.57,1447.0,182
23012,GLASS APOTHECARY BOTTLE PERFUME,4208.96,1074.0,246
23144,ZINC T-LIGHT HOLDER STARS SMALL,4197.83,5089.0,274
22127,PARTY CONES CARNIVAL ASSORTED,4190.61,3498.0,155
21474,SWEETHEART CREAM STEEL FOLDIN BENCH,4189.5,210.0,94
84580,MOUSE TOY WITH PINK T-SHIRT,4163.45,1086.0,442
21901,"KEY FOB , BACK DOOR",4158.86,6300.0,688
23110,PARISIENNE KEY CABINET,4158.68,702.0,255
21590,KINGS CHOICE CIGAR BOX MATCHES,4151.28,3456.0,286
23486,ANTIQUE HEART SHELF UNIT,4145.47,275.0,74
21349,IVY HEART WREATH,4139.33,567.0,171
84596B,SMALL DOLLY MIX DESIGN ORANGE BOWL,4131.54,6301.0,725
20981,12 PENCILS TALL TUBE WOODLAND,4125.99,4782.0,513
21911,GARDEN METAL SIGN,4125.64,2569.0,344
72349B,SET/6 PURPLE BUTTERFLY T-LIGHTS,4125.6,2025.0,287
23306,SET OF 36 DOILIES PANTRY DESIGN,4123.38,2808.0,277
22359,GLASS JAR KINGS CHOICE,4120.07,1297.0,202
22778,GLASS CLOCHE SMALL,4119.49,1045.0,194
22125,UNION JACK HOT WATER BOTTLE,4118.84,658.0,183
21812,GARLAND WITH HEARTS AND BELLS,4116.57,841.0,205
21472,LADYBIRD + BEE RAFFIA FOOD COVER,4115.32,1066.0,285
21679,SKULLS  STICKERS,4109.15,4955.0,370
16161U,"WRAP,SUKI AND FRIENDS",4105.92,10076.0,318
23255,CHILDRENS CUTLERY CIRCUS PARADE,4101.37,1015.0,158
22731,3D CHRISTMAS STAMPS STICKERS,4099.41,3061.0,266
22639,SET OF 4 NAPKIN CHARMS HEARTS,4097.54,1679.0,275
23193,BUFFALO BILL TREASURE BOOK BOX,4097.28,1930.0,175
22777,GLASS CLOCHE LARGE,4092.06,483.0,100
22284,HEN HOUSE DECORATION,4090.4,2508.0,300
22314,OFFICE MUG WARMER CHOC+BLUE,4088.83,1163.0,249
23194,GYMKHANA TREASURE BOOK BOX,4086.37,1839.0,214
23009,I LOVE LONDON BABY GIFT SET,4082.52,263.0,103
22788,BROCANTE COAT RACK,4073.41,486.0,84
35924,HANGING FAIRY CAKE DECORATION,4068.32,2171.0,188
18097C,WHITE TALL PORCELAIN T-LIGHT HOLDER,4067.68,1818.0,211
22245,"HOOK, 1 HANGER ,MAGIC GARDEN",4063.49,4717.0,413
21717,EASTER TIN BUCKET,4062.54,1562.0,176
21055,TOOL BOX SOFT TOY,4059.16,407.0,222
21648,ASSORTED TUTTI FRUTTI SMALL PURSE,4056.71,2997.0,231
23340,VINTAGE CHRISTMAS CAKE FRILL,4053.88,2512.0,151
22445,PENCIL CASE LIFE IS BEAUTIFUL,4052.12,1321.0,275
23081,GREEN METAL BOX ARMY SUPPLIES,4046.5,484.0,139
21192,WHITE BELL HONEYCOMB PAPER,4043.89,2237.0,216
22057,CERAMIC PLATE STRAWBERRY DESIGN,4043.02,3081.0,260
85206A,CREAM FELT EASTER EGG BASKET,4034.06,2358.0,318
21034,REX CASH+CARRY JUMBO SHOPPER,4028.0,4240.0,1902
22053,EMPIRE DESIGN ROSETTE,4023.39,4553.0,87
22959,WRAP CHRISTMAS VILLAGE,4008.42,9801.0,284
21987,PACK OF 6 SKULL PAPER CUPS,4001.71,6438.0,385
23129,HEART SHAPED HOLLY WREATH,3999.5,950.0,172
85123a,WHITE HANGING HEART T-LIGHT HOLDER,3992.39,597.0,99
23130,MISTLETOE HEART WREATH GREEN,3988.98,962.0,184
21813,GARLAND WITH STARS AND BELLS,3987.4,848.0,184
22612,TEA COSY VINTAGE UNION JACK,3984.99,1001.0,109
22118,JOY WOODEN BLOCK LETTERS,3984.85,823.0,271
22536,MAGIC DRAWING SLATE PURDEY,3980.29,10169.0,365
22475,SKULL DESIGN TV DINNER TRAY,3940.48,781.0,256
21846,PINK DIAMANTE PEN IN GIFT BOX,3937.4,1649.0,264
22965,3 TRADITIONAl BISCUIT CUTTERS  SET,3936.95,1890.0,260
46000M,POLYESTER FILLER PAD 45x45cm,3932.35,2537.0,353
37340,MULTICOLOUR SPRING FLOWER MUG,3932.18,13680.0,204
22272,FELTCRAFT DOLL MARIA,3930.96,1397.0,300
23557,LANDMARK FRAME BAKER STREET,3930.27,350.0,32
72802A,ROSE SCENT CANDLE IN JEWELLED BOX,3925.9,946.0,182
22579,WOODEN TREE CHRISTMAS SCANDISPOT,3923.47,7291.0,553
22980,PANTRY SCRUBBING BRUSH,3914.96,2366.0,291
22843,"BISCUIT TIN, MINT,IVORY, VINTAGE",3912.51,603.0,177
21351,CINAMMON & ORANGE WREATH,3911.1,1132.0,177
23049,RECYCLED ACAPULCO MAT RED,3896.84,456.0,186
21627,ELEPHANT CARNIVAL POUFFE,3885.73,201.0,115
22591,CARDHOLDER GINGHAM CHRISTMAS TREE,3884.75,1359.0,208
22790,"MIRROR, ARCHED GEORGIAN",3884.0,200.0,1
23552,BICYCLE PUNCTURE REPAIR KIT,3883.99,1864.0,116
21067,VINTAGE RED TEATIME MUG,3883.22,4800.0,266
22962,JAM JAR WITH PINK LID,3878.85,4638.0,354
22162,HEART GARLAND RUSTIC PADDED,3877.46,1261.0,260
23032,DOORKNOB CRACKED GLAZE IVORY,3876.78,2342.0,199
21447,12 IVORY ROSE PEG PLACE SETTINGS,3872.64,2799.0,336
22478,BIRDHOUSE GARDEN MARKER,3867.19,2784.0,317
85040B,SET/4 BLUE FLOWER CANDLES IN BOWL,3865.05,2480.0,252
22494,EMERGENCY FIRST AID TIN,3857.23,2860.0,468
21329,DINOSAURS  WRITING SET,3857.2,2126.0,555
22774,RED DRAWER KNOB ACRYLIC EDWARDIAN,3856.28,2981.0,184
71038,WHITE HANGING BEADS CANDLE HOLDER,3854.65,729.0,144
23253,16 PIECE CUTLERY SET PANTRY DESIGN,3848.86,258.0,70
22589,CARDHOLDER GINGHAM STAR,3845.52,1389.0,238
23131,MISTLETOE HEART WREATH CREAM,3840.13,943.0,115
23111,PARISIENNE SEWING BOX,3839.24,312.0,138
22544,MINI JIGSAW SPACEBOY,3826.98,9545.0,341
84558A,3D DOG PICTURE PLAYING CARDS,3825.78,1324.0,199
22765,NEWSPAPER STAND,3825.25,338.0,53
21100,CHARLIE AND LOLA CHARLOTTE BAG,3824.13,2553.0,269
22458,CAST IRON HOOK GARDEN FORK,3820.95,1532.0,173
85049C,ROMANTIC PINKS RIBBONS,3817.55,3037.0,500
21845,DAIRY MAID STRIPE MUG,3812.3,2540.0,158
22398,MAGNETS PACK OF 4 SWALLOWS,3809.15,4334.0,430
23542,70'S ALPHABET WALL ART,3800.16,506.0,89
22292,"SPRING DEC , HANGING CHICK  YELLOW",3797.02,2794.0,222
22769,CHALKBOARD KITCHEN ORGANISER,3795.68,179.0,45
21486,PINK HEART DOTS HOT WATER BOTTLE,3794.05,1154.0,294
84016,FLAG OF ST GEORGE CAR FLAG,3791.67,1004.0,62
23299,FOOD COVER WITH BEADS SET 2,3784.13,1015.0,146
84356,POMPOM CURTAIN,3777.99,751.0,133
23092,LARGE ANTIQUE WHITE PHOTO FRAME,3773.58,525.0,135
85232D,SET/3 DECOUPAGE STACKING TINS,3766.17,724.0,223
23127,DOLLCRAFT GIRL NICOLE,3763.95,737.0,194
85114B,IVORY ENCHANTED FOREST PLACEMAT,3747.89,2076.0,223
22461,SAVOY ART DECO CLOCK,3735.28,417.0,146
21795,SET OF 3 BLUE STRIPE BASKET,3734.94,441.0,80
23091,ZINC HERB GARDEN CONTAINER,3725.07,591.0,209
23182,TOILET SIGN OCCUPIED OR VACANT,3718.09,3777.0,433
23064,CINDERELLA CHANDELIER,3717.56,221.0,23
22782,SET 3 WICKER STORAGE BASKETS,3712.3,254.0,84
22166,"WALL MIRROR , RECT DIAMANTE, PINK/",3705.49,454.0,159
21866,UNION JACK FLAG LUGGAGE TAG,3703.64,2227.0,453
20692,FLORAL ELEPHANT SOFT TOY,3699.76,912.0,139
21246,RED SPOTTY BIG BOWL,3695.53,751.0,209
85040A,S/4 PINK FLOWER CANDLES IN BOWL,3684.56,2090.0,400
84352,SILVER CHRISTMAS TREE BAUBLE STAND,3684.13,216.0,126
22902,TOTE BAG I LOVE LONDON,3680.88,1797.0,199
23013,GLASS APOTHECARY BOTTLE TONIC,3678.11,925.0,223
20785,FUSCHIA RETRO BAR STOOL,3672.35,102.0,36
23497,CLASSIC CHROME BICYCLE BELL,3660.37,2561.0,195
21784,SHOE SHINE BOX,3657.68,302.0,178
23191,BUNDLE OF 3 RETRO EXERCISE BOOKS,3656.94,2218.0,281
22823,CHEST NATURAL WOOD 20 DRAWERS,3655.0,32.0,18
22944,CHRISTMAS METAL POSTCARD WITH BELLS,3646.62,4913.0,158
21054,NURSE'S BAG SOFT TOY,3645.4,394.0,182
22704,WRAP RED APPLES,3638.26,8853.0,295
22095,LADS ONLY TISSUE BOX,3637.62,3379.0,284
21509,COWBOYS AND INDIANS BIRTHDAY CARD,3637.03,8817.0,628
22603,CHRISTMAS RETROSPOT TREE WOOD,3635.56,4225.0,388
23085,ANTIQUE SILVER BAUBLE LAMP,3635.23,381.0,78
23294,SET OF 6 SNACK LOAF BAKING CASES,3631.05,4420.0,354
22452,MEASURING TAPE RUSSIAN DOLL PINK,3629.1,1371.0,255
84968F,S/16 VINTAGE SKY BLUE CUTLERY,3622.76,301.0,131
23210,WHITE ROCKING HORSE HAND PAINTED,3617.78,2902.0,192
21191,LARGE WHITE HONEYCOMB PAPER BELL,3610.52,1544.0,201
22176,BLUE OWL SOFT TOY,3598.8,1201.0,258
22531,MAGIC DRAWING SLATE CIRCUS PARADE,3591.98,8314.0,406
20886,BOX OF 9 PEBBLE CANDLES,3589.5,1793.0,308
21794,CLASSIC FRENCH STYLE BASKET NATURAL,3585.98,716.0,178
22334,DINOSAUR PARTY BAG + STICKER SET,3582.06,2248.0,264
20784,RED RETRO BAR STOOL,3570.87,101.0,37
21179,NO JUNK MAIL METAL SIGN,3570.87,4322.0,505
23332,IVORY WICKER HEART LARGE,3570.76,2076.0,287
22320,BIRDS MOBILE VINTAGE DESIGN,3568.82,602.0,180
22939,APRON APPLE DELIGHT,3560.35,708.0,181
82494l,WOODEN FRAME ANTIQUE WHITE,3545.55,424.0,86
22076,6 RIBBONS EMPIRE,3542.43,2380.0,375
22428,ENAMEL FIRE BUCKET CREAM,3540.58,480.0,191
22862,LOVE HEART NAPKIN BOX,3538.76,790.0,221
22822,CREAM WALL PLANTER HEART SHAPED,3534.77,608.0,183
20786,BLACK RETRO BAR STOOL,3533.9,99.0,31
47505,MINATURE COLOURED GARDENING SET,3532.37,738.0,178
23353,6 GIFT TAGS VINTAGE CHRISTMAS,3517.52,4016.0,327
22309,TEA COSY RED  STRIPE,3517.33,1344.0,266
21466,RED FLOWER CROCHET FOOD COVER,3517.29,937.0,275
21469,POLKA DOT RAFFIA FOOD COVER,3512.01,1173.0,210
23189,SET OF 12 FORK CANDLES,3507.51,1249.0,141
21507,"ELEPHANT, BIRTHDAY CARD,",3495.4,8322.0,584
23232,WRAP VINTAGE PETALS  DESIGN,3478.92,8626.0,238
37501,TEA TIME TEA SET IN GIFT BOX,3478.66,490.0,177
21327,SKULLS WRITING SET,3476.94,1967.0,495
21902,"KEY FOB , FRONT  DOOR",3472.74,5457.0,474
22762,CUPBOARD 3 DRAWER MA CAMPAGNE,3468.1,216.0,133
22183,CAKE STAND VICTORIAN FILIGREE MED,3465.22,613.0,209
22440,BALLOON WATER BOMB PACK OF 35,3463.67,8676.0,292
22764,"RUSTIC WOODEN CABINET, GLASS DOORS",3462.49,183.0,25
21364,PEACE SMALL WOOD LETTERS,3461.72,476.0,167
23350,ROLL WRAP VINTAGE SPOT,3456.33,2721.0,305
22172,METAL SHELF WITH RAIL,3451.82,378.0,185
23426,METAL SIGN DROP YOUR PANTS,3450.21,1277.0,206
23388,WOODLAND MINI BACKPACK,3448.69,825.0,154
22503,CABIN BAG VINTAGE PAISLEY,3447.2,149.0,54
21039,RED SPOTTY SHOPPING BAG,3445.67,1319.0,228
23536,WALL ART VILLAGE SHOW,3442.13,626.0,85
22154,ANGEL DECORATION 3 BUTTONS,3440.73,7986.0,317
22459,CAST IRON HOOK GARDEN TROWEL,3440.58,1394.0,172
23065,LARGE DECO JEWELLERY STAND,3439.94,274.0,99
23156,SET OF 5 MINI GROCERY MAGNETS,3437.85,1672.0,205
22972,CHILDRENS SPACEBOY MUG,3436.61,2001.0,243
21123,SET/10 IVORY SPOTTY PARTY CANDLES,3435.56,2785.0,252
23354,6 GIFT TAGS 50'S CHRISTMAS,3431.89,3743.0,322
84031B,CHARLIE LOLA BLUE HOT WATER BOTTLE,3428.64,868.0,271
23014,GLASS APOTHECARY BOTTLE ELIXIR,3427.48,858.0,209
84472,PINK AND LILAC QUILTED THROW,3402.32,87.0,30
23239,SET OF 4 KNICK KNACK TINS POPPIES,3399.49,853.0,178
22794,SWEETHEART WIRE MAGAZINE RACK,3399.24,402.0,209
22477,WATERING CAN GARDEN MARKER,3398.03,2443.0,276
21211,SET OF 72 SKULL PAPER  DOILIES,3390.29,2422.0,237
20702,PINK PADDED MOBILE,3385.95,803.0,245
44230,SQUARE MIRROR CURTAIN,3381.62,347.0,53
21830,ASSORTED CREEPY CRAWLIES,3380.94,8119.0,256
22792,FLUTED ANTIQUE CANDLE HOLDER,3380.5,3632.0,262
22891,TEA FOR ONE POLKADOT,3379.44,692.0,230
18098C,PORCELAIN BUTTERFLY OIL BURNER,3375.76,1264.0,236
22223,CAKE PLATE LOVEBIRD PINK,3374.78,728.0,175
22419,LIPSTICK PEN RED,3374.55,7067.0,509
22047,EMPIRE GIFT WRAP,3372.0,8300.0,261
84813,SET OF 4 DIAMOND NAPKIN RINGS,3364.5,426.0,99
84797A,PINK HAWAIIAN PICNIC HAMPER FOR 4,3361.25,481.0,44
21917,SET 12 KIDS  WHITE CHALK STICKS,3358.33,8082.0,467
84828,JUNGLE POPSICLES ICE LOLLY HOLDERS,3352.8,2521.0,353
22136,LOVE HEART SOCK HANGER,3348.92,2000.0,265
21352,EUCALYPTUS & PINECONE  WREATH,3340.71,917.0,158
15058B,PINK WHITE SPOTS GARDEN PARASOL,3327.67,438.0,156
22572,ROCKING HORSE GREEN CHRISTMAS,3326.77,3686.0,362
22773,GREEN DRAWER KNOB ACRYLIC EDWARDIAN,3321.28,2495.0,227
22863,SOAP DISH BROCANTE,3314.12,1156.0,169
84849B,FAIRY SOAP SOAP HOLDER,3309.99,1972.0,293
84510A,SET OF 4 ENGLISH ROSE COASTERS,3309.21,2439.0,474
84975,HEART SHAPED MIRROR,3308.65,2015.0,212
23395,BELLE JARDINIERE CUSHION COVER,3305.83,761.0,210
22963,JAM JAR WITH BLUE LID,3304.66,3955.0,319
22281,EASTER TREE YELLOW BIRDS,3303.71,514.0,149
21111,"SWISS ROLL TOWEL, CHOCOLATE  SPOTS",3300.6,1409.0,214
21829,DINOSAUR KEYRINGS ASSORTED,3297.92,15269.0,409
21820,GLITTER HEART GARLAND WITH BELLS,3297.75,836.0,180
22122,SET OF 2 FANCY FONT TEA TOWELS,3295.98,1097.0,191
84944,SET OF 6 KASHMIR FOLKART BAUBLES,3291.53,1168.0,194
37410,BLACK AND WHITE PAISLEY FLOWER MUG,3288.65,25707.0,33
21467,CHERRY CROCHET FOOD COVER,3286.25,1031.0,254
20992,JAZZ HEARTS PURSE NOTEBOOK,3285.58,6224.0,433
23308,SET OF 60 VINTAGE LEAF CAKE CASES,3279.21,6151.0,382
22967,SET 3 SONG BIRD PAPER EGGS ASSORTED,3277.31,1173.0,138
22310,KNITTED MUG COSY IVORY COLOUR,3272.61,1802.0,223
21333,CLASSIC WHITE FRAME,3268.8,1082.0,222
23053,RECYCLED ACAPULCO MAT PINK,3262.57,365.0,164
22313,OFFICE MUG WARMER PINK,3260.17,1023.0,137
21557,SET OF 6 FUNKY BEAKERS,3259.89,956.0,302
84997d,PINK 3 PIECE POLKADOT CUTLERY SET,3258.31,390.0,82
21477,STRING OF 20 ROSE LIGHTS,3248.94,273.0,45
79164,BLACK WINE GLASS,3247.85,3689.0,91
22194,BLACK DINER WALL CLOCK,3246.1,377.0,160
21732,RED HANGING METAL STAR TLIGHT HLDR,3244.57,933.0,58
84837,WHITE SWEETHEARTS CABINET 4 DRAWERS,3235.54,253.0,143
23393,HOME SWEET HOME CUSHION COVER,3230.41,807.0,229
21628,TRIANGULAR POUFFE VINTAGE,3230.13,167.0,87
23230,WRAP ALPHABET DESIGN,3228.42,8001.0,235
23035,DRAWER KNOB CERAMIC IVORY,3226.09,2209.0,191
21949,SET OF 6 STRAWBERRY CHOPSTICKS,3224.28,2636.0,269
23051,RECYCLED ACAPULCO MAT BLUE,3223.49,365.0,162
22927,GREEN GIANT GARDEN THERMOMETER,3221.91,502.0,162
84596F,SMALL MARSHMALLOWS PINK BOWL,3218.6,4743.0,600
21473,SWEETHEART CREAM STEEL TABLE RECT,3212.16,157.0,90
22816,CARD MOTORBIKE SANTA,3210.99,7422.0,436
21705,BAG 500g SWIRLY MARBLES,3210.66,2563.0,225
22473,TV DINNER TRAY VINTAGE PAISLEY,3210.17,833.0,209
79323GR,GREEN CHERRY LIGHTS,3209.36,532.0,83
21519,GIN & TONIC DIET GREETING CARD,3205.43,7482.0,553
85227,SET/6 3D KIT CARDS FOR KIDS,3197.07,3553.0,442
22406,MONEY BOX KINGS CHOICE DESIGN,3195.61,2523.0,217
21786,RAIN HAT WITH RED SPOTS,3193.59,7801.0,450
23342,MINT DINER WALL CLOCK,3193.41,375.0,163
22700,BLACK AND WHITE DOG BOWL,3187.86,1394.0,98
22805,BLUE DRAWER KNOB ACRYLIC EDWARDIAN,3182.73,2330.0,231
20956,PORCELAIN T-LIGHT HOLDERS ASSORTED,3179.0,2396.0,236
22325,MOBILE VINTAGE HEARTS,3178.58,704.0,224
22702,BLACK AND WHITE CAT BOWL,3164.72,1593.0,94
21272,SALLE DE BAIN HOOK,3163.65,2384.0,339
82578,KITCHEN METAL SIGN,3160.39,5645.0,704
22372,AIRLINE BAG VINTAGE WORLD CHAMPION,3158.25,618.0,287
84912B,GREEN ROSE WASHBAG,3156.4,1149.0,259
21765,HANGING METAL BIRD BATH,3155.89,381.0,143
23323,WHITE WICKER STAR,3155.18,1473.0,294
15058A,BLUE WHITE SPOTS GARDEN PARASOL,3153.73,476.0,148
21408,SPOTTY PINK DUCK DOORSTOP,3146.69,719.0,240
47504K,ENGLISH ROSE GARDEN SECATEURS,3138.49,2673.0,312
22347,PIZZA DISH SLICE,3126.68,2722.0,115
22757,LARGE RED BABUSHKA NOTEBOOK,3120.33,2721.0,308
23346,SPACEBOY BEAKER,3117.34,2632.0,184
22754,SMALL RED BABUSHKA NOTEBOOK,3116.19,3986.0,492
22208,WOOD STAMP SET THANK YOU,3113.48,2405.0,433
22177,5 HOOK BLACKBOARD ORGANISER,3111.41,326.0,125
22375,AIRLINE BAG VINTAGE JET SET BROWN,3109.28,615.0,284
22925,BLUE GIANT GARDEN THERMOMETER,3108.46,506.0,191
22129,PARTY CONES CANDY TREE DECORATION,3105.32,3258.0,174
22067,CHOC TRUFFLE GOLD TRINKET POT,3105.24,1905.0,252
22037,ROBOT BIRTHDAY CARD,3096.24,7192.0,634
79072,TEATIME CAKE TIN WITH HANDLE,3093.15,285.0,107
21206,STRAWBERRY HONEYCOMB  GARLAND,3092.65,2170.0,238
84279B,CHERRY BLOSSOM DECORATIVE FLASK,3088.17,811.0,215
23461,SWEETHEART BIRD HOUSE,3082.71,857.0,94
20985,HEART CALCULATOR,3081.76,2395.0,291
35001W,HAND OPEN SHAPE DECO.WHITE,3078.67,973.0,190
22712,CARD DOLLY GIRL,3067.53,7447.0,508
21626,VINTAGE UNION JACK PENNANT,3060.9,1515.0,204
23329,DECORATIVE WICKER HEART LARGE,3056.34,1778.0,233
22755,SMALL PURPLE BABUSHKA NOTEBOOK,3054.99,3833.0,499
15044C,PURPLE PAPER PARASOL,3050.88,973.0,231
21354,TOAST ITS - BEST MUM,3050.82,2534.0,217
22930,BAKING MOULD HEART MILK CHOCOLATE,3049.0,1200.0,189
22576,SWALLOW WOODEN CHRISTMAS DECORATION,3045.24,3364.0,330
23390,DOLLY GIRL MINI BACKPACK,3042.19,751.0,163
23242,TREASURE TIN BUFFALO BILL,3037.11,1476.0,214
22402,MAGNETS PACK OF 4 VINTAGE COLLAGE,3036.47,3450.0,250
22277,COSMETIC BAG VINTAGE ROSE PAISLEY,3028.34,1443.0,250
22519,CHILDS GARDEN BRUSH PINK,3023.43,1445.0,258
22132,RED LOVE HEART SHAPE CUP,3011.51,3361.0,388
21688,SILVER PLATE CANDLE BOWL SMALL,3010.86,967.0,142
22664,TOY TIDY DOLLY GIRL DESIGN,3008.88,1446.0,266
23231,WRAP DOILEY DESIGN,3008.34,7277.0,260
84912A,PINK ROSE WASHBAG,3007.69,1097.0,231
22905,CALENDAR IN SEASON DESIGN,2998.48,1090.0,194
22184,CAKE STAND VICTORIAN FILIGREE LARGE,2997.21,402.0,146
22974,CHILDRENS DOLLY GIRL MUG,2994.29,1748.0,211
22674,FRENCH TOILET SIGN BLUE METAL,2985.09,2399.0,297
84997c,BLUE 3 PIECE POLKADOT CUTLERY SET,2984.28,356.0,75
21821,GLITTER STAR GARLAND WITH BELLS,2983.81,736.0,153
85049D,BRIGHT BLUES RIBBONS,2982.96,2378.0,400
22811,SET OF 6 T-LIGHTS CACTI,2978.66,1040.0,140
22955,36 FOIL STAR CAKE CASES,2975.57,1490.0,185
20752,RETRO BLUE SPOTTY WASHING UP GLOVES,2960.68,1536.0,358
22518,CHILDS GARDEN BRUSH BLUE,2954.45,1419.0,266
21948,SET OF 6 CAKE CHOPSTICKS,2952.69,2310.0,267
22581,WOOD STOCKING CHRISTMAS SCANDISPOT,2946.87,3653.0,380
22990,COTTON APRON PANTRY DESIGN,2942.18,638.0,164
22450,SILK PURSE RUSSIAN DOLL BLUE,2939.12,874.0,180
22983,"CARD, BILLBOARD FONT",2938.52,6916.0,551
22480,RED TEA TOWEL CLASSIC DESIGN,2936.83,2425.0,263
23211,RED ROCKING HORSE HAND PAINTED,2933.07,2331.0,160
22696,WICKER WREATH LARGE,2926.62,1480.0,288
22803,IVORY EMBROIDERED QUILT,2925.49,78.0,36
22897,OVEN MITT APPLE DESIGN,2923.91,1974.0,298
21214,SET OF 72 IVORY PAPER DOILIES,2922.27,2007.0,199
23056,FLOWERS CHANDELIER T-LIGHT HOLDER,2916.87,966.0,39
22293,"SPRING DEC , HANGING CHICK  GREEN",2909.66,2066.0,225
22818,CARD CHRISTMAS VILLAGE,2899.38,6670.0,404
23290,SPACEBOY CHILDRENS BOWL,2899.1,2437.0,214
21324,HANGING MEDINA LANTERN SMALL,2898.82,1031.0,175
21709,FOLDING UMBRELLA  CHOC/WHITE  SPOT,2896.52,700.0,117
23345,DOLLY GIRL BEAKER,2891.25,2455.0,174
22949,36 DOILIES DOLLY GIRL,2888.88,2028.0,177
21693,SMALL HAMMERED SILVER CANDLEPOT,2887.6,949.0,120
21465,PINK FLOWER CROCHET FOOD COVER,2886.89,796.0,187
21439,BASKET OF TOADSTOOLS,2881.34,2289.0,240
22914,BLUE COAT RACK PARIS FASHION,2881.3,600.0,170
23427,STOOL HOME SWEET HOME,2873.08,238.0,114
21682,LARGE MEDINA STAMPED METAL BOWL,2866.59,579.0,152
23212,HEART WREATH DECORATION WITH BELL,2865.89,2300.0,186
22671,FRENCH LAUNDRY SIGN BLUE METAL,2865.85,1720.0,246
21424,WOODLAND STORAGE BOX LARGE,2861.64,955.0,142
47480,HANGING PHOTO CLIP ROPE LADDER,2858.13,1737.0,150
23504,PLAYING CARDS JUBILEE UNION JACK,2857.64,1934.0,208
85199S,SMALL HANGING IVORY/RED WOOD BIRD,2855.45,6156.0,486
22155,STAR DECORATION RUSTIC,2855.22,6332.0,340
23196,LEAVES MAGNETIC  SHOPPING LIST,2848.04,1876.0,298
22101,MIRROR MOSAIC VOTIVE HOLDER,2847.28,1934.0,116
51014C,"FEATHER PEN,COAL BLACK",2845.78,4390.0,265
22217,T-LIGHT HOLDER HANGING LACE,2844.85,2394.0,214
21508,VINTAGE KID DOLLY CARD,2844.16,6802.0,541
21683,MEDIUM MEDINA STAMPED METAL BOWL,2837.13,962.0,152
22710,WRAP I LOVE LONDON,2831.78,7209.0,173
22315,200 RED + WHITE BENDY STRAWS,2830.77,2200.0,387
22161,HEART DECORATION RUSTIC HANGING,2825.76,6842.0,489
22145,CHRISTMAS CRAFT HEART STOCKING,2824.06,1340.0,197
22081,RIBBON REEL FLORA + FAUNA,2823.66,1584.0,302
22650,CERAMIC PIRATE CHEST MONEY BANK,2821.22,1852.0,282
21360,JOY LARGE WOOD LETTERS,2820.26,444.0,100
84519A,TOMATO CHARLIE+LOLA COASTER SET,2815.01,1208.0,203
22597,CHRISTMAS MUSICAL ZINC HEART,2811.83,4657.0,291
84754,S/15 SILVER GLASS BAUBLES IN BAG,2810.95,2213.0,218
22651,GENTLEMAN SHIRT REPAIR KIT,2809.84,3253.0,270
22525,CHILDRENS GARDEN GLOVES PINK,2807.41,1974.0,328
21188,3D HEARTS  HONEYCOMB PAPER GARLAND,2806.8,918.0,128
21744,SNOWFLAKE PORTABLE TABLE LIGHT,2806.35,931.0,217
22482,BLUE TEA TOWEL CLASSIC DESIGN,2805.68,2372.0,214
85183B,CHARLIE & LOLA WASTEPAPER BIN FLORA,2799.26,1775.0,171
21728,METAL MEDINA LANTERN,2798.61,300.0,40
84909A,PINK PAISLEY QUILT,2797.55,209.0,30
85132B,CHARLIE AND LOLA TABLE TINS,2795.9,922.0,123
85015,SET OF 12  VINTAGE POSTCARD SET,2789.19,2925.0,254
21796,SET OF 3 RED STRIPE BASKETS,2782.19,324.0,67
23396,LA JARDIN BOTANIQUE CUSHION COVER,2780.53,662.0,196
22675,FRENCH KITCHEN SIGN BLUE METAL,2778.78,2238.0,270
72800E,4 IVORY DINNER CANDLES SILVER FLOCK,2772.4,1459.0,286
21808,"CHRISTMAS GARLAND STARS,TREES",2771.78,1016.0,144
22416,36 DOILIES SPACEBOY DESIGN,2769.24,1973.0,176
23190,BUNDLE OF 3 SCHOOL EXERCISE BOOKS,2761.9,1702.0,202
22231,JIGSAW TREE WITH BIRDHOUSE,2759.47,2168.0,297
47503J,SET/3 FLORAL GARDEN TOOLS IN BAG,2759.36,348.0,75
85035C,ROSE 3 WICK MORRIS BOX CANDLE,2759.29,1380.0,197
23266,SET OF 3 WOODEN STOCKING DECORATION,2757.57,2064.0,319
21224,SET/4 SKULL BADGES,2756.95,2219.0,312
23147,SINGLE ANTIQUE ROSE HOOK IVORY,2755.1,1870.0,261
15058C,ICE CREAM DESIGN GARDEN PARASOL,2753.72,470.0,122
84795C,OCEAN STRIPE HAMMOCK,2752.59,325.0,131
21818,GLITTER CHRISTMAS HEART,2751.29,4434.0,285
23341,PINK DINER WALL CLOCK,2749.85,308.0,121
21788,KIDS RAIN MAC BLUE,2749.74,3404.0,206
22066,LOVE HEART TRINKET POT,2745.55,3458.0,273
22376,AIRLINE BAG VINTAGE JET SET WHITE,2744.57,548.0,246
23100,SILVER BELLS TABLE DECORATION,2743.13,2169.0,257
22436,12 COLOURED PARTY BALLOONS,2739.05,4295.0,289
22524,CHILDRENS GARDEN GLOVES BLUE,2736.2,1940.0,293
22495,SET OF 2 ROUND TINS CAMEMBERT,2735.44,956.0,237
22828,REGENCY MIRROR WITH SHUTTERS,2730.0,18.0,11
23407,SET OF 2 TRAYS HOME SWEET HOME,2729.33,267.0,133
23333,IVORY WICKER HEART MEDIUM,2721.7,2110.0,233
23164,REGENCY CAKE SLICE,2718.65,578.0,92
21096,SET/6 FRUIT SALAD  PAPER PLATES,2715.96,15924.0,143
22479,DAISY GARDEN MARKER,2714.96,1956.0,214
23489,VINTAGE BELLS GARLAND,2709.23,913.0,159
23292,SPACE BOY CHILDRENS CUP,2704.58,2182.0,222
22500,SET OF 2 TINS JARDIN DE PROVENCE,2700.56,593.0,198
72799E,IVORY PILLAR CANDLE SILVER FLOCK,2699.22,1265.0,178
22094,RED POLKA DOT TISSUE BOX,2698.52,3598.0,339
22152,PLACE SETTING WHITE STAR,2698.44,6357.0,241
22937,BAKING MOULD CHOCOLATE CUPCAKES,2695.84,1024.0,160
23264,SET OF 3 WOODEN SLEIGH DECORATIONS,2694.56,1966.0,299
22028,PENNY FARTHING BIRTHDAY CARD,2693.73,6408.0,507
22713,CARD I LOVE LONDON,2690.93,6257.0,368
21204,DAISIES  HONEYCOMB GARLAND,2686.35,1609.0,205
21742,LARGE ROUND WICKER PLATTER,2683.8,442.0,193
22471,TV DINNER TRAY AIR HOSTESS,2683.26,644.0,176
21923,RED/CREAM STRIPE FRINGE HAMMOCK,2678.54,339.0,119
22758,LARGE PURPLE BABUSHKA NOTEBOOK,2677.18,2476.0,314
90057,DIAMANTE RING ASSORTED IN BOX.,2675.88,1804.0,37
85049F,BABY BOOM RIBBONS,2671.5,2140.0,314
22735,RIBBON REEL SOCKS AND MITTENS,2670.85,1499.0,231
85049B,LUSH GREENS RIBBONS,2665.8,2136.0,338
22270,HAPPY EASTER HANGING DECORATION,2664.92,692.0,153
22190,LOCAL CAFE MUG,2660.31,1428.0,242
21897,POTTING SHED CANDLE CITRONELLA,2659.06,872.0,106
21422,PORCELAIN ROSE SMALL,2655.72,3203.0,147
22439,6 ROCKET BALLOONS,2655.54,3977.0,363
23146,TRIPLE HOOK ANTIQUE IVORY ROSE,2655.13,801.0,227
85034B,3 WHITE CHOC MORRIS BOXED CANDLES,2645.64,1195.0,152
84849D,HOT BATHS SOAP HOLDER,2645.31,1574.0,260
85034C,3 ROSE MORRIS BOXED CANDLES,2643.12,1325.0,197
90062,CARNIVAL BRACELET,2642.42,208.0,109
22146,EASTER CRAFT IVY WREATH WITH CHICK,2640.93,1417.0,107
84012,MAGIC SHEEP WOOL GROWING FROM PAPER,2638.63,1841.0,179
82597,BOMBS AWAY METAL SIGN,2624.26,1236.0,215
23054,RECYCLED ACAPULCO MAT LAVENDER,2621.43,297.0,130
22933,BAKING MOULD EASTER EGG MILK CHOC,2621.32,952.0,122
47585A,PINK FAIRY CAKE CUSHION COVER,2620.38,1086.0,148
22046,TEA PARTY  WRAPPING PAPER,2613.5,6375.0,208
37502,TEA TIME MUG IN GIFT BOX,2611.59,872.0,171
21215,IVORY PAPER CUP CAKE CASES,2607.3,4504.0,291
21171,BATHROOM METAL SIGN,2601.93,1860.0,260
85035B,CHOCOLATE 3 WICK MORRIS BOX CANDLE,2598.76,999.0,131
21288,STRIPEY CHOCOLATE NESTING BOXES,2595.84,993.0,224
22415,WHITE TISSUE REAM,2591.7,326.0,204
21642,ASSORTED TUTTI FRUTTI PEN,2588.06,4425.0,251
21589,SWALLOW GIANT TUBE MATCHES,2583.45,1119.0,88
21262,WHITE GOOSE FEATHER CHRISTMAS TREE,2583.07,640.0,132
21653,GLASS ETCHED T-LIGHT HOLDER LARGE,2576.17,1251.0,111
22342,HOME GARLAND PAINTED ZINC,2572.58,1845.0,230
20960,WATERMELON BATH SPONGE,2570.92,1908.0,215
20668,DISCO BALL CHRISTMAS DECORATION,2570.81,21916.0,367
22829,SWEETHEART WIRE WALL TIDY,2568.07,251.0,118
22153,ANGEL DECORATION STARS ON DRESS,2565.07,5918.0,283
82567,"AIRLINE LOUNGE,METAL SIGN",2559.93,1231.0,489
21680,WOODLAND  STICKERS,2554.15,2939.0,268
21792,CLASSIC FRENCH STYLE BASKET GREEN,2551.7,498.0,141
21898,POTTING SHED ROSE CANDLE,2544.71,829.0,113
20787,BLUE RETRO BAR STOOL,2535.1,69.0,30
21203,BUTTERFLIES  HONEYCOMB GARLAND,2530.3,1541.0,145
23424,GINGHAM RECIPE BOOK BOX,2529.42,466.0,135
23681,LUNCH BAG RED VINTAGE DOILY,2526.69,1577.0,132
22742,MAKE YOUR OWN PLAYTIME CARD KIT,2526.27,1017.0,180
21323,HANGING MEDINA LANTERN LARGE,2523.89,744.0,80
21431,GREEN GINGHAM FLOWER JEWELLERY BOX,2519.61,1488.0,278
85054,FRENCH ENAMEL POT W LID,2518.63,923.0,204
22911,PAPER CHAIN KIT LONDON,2516.3,874.0,164
22091,EMPIRE TISSUE BOX,2515.29,3202.0,324
23316,RED REFECTORY CLOCK,2511.59,251.0,110
21616,4 PEAR BOTANICAL DINNER CANDLES,2503.58,1164.0,191
21686,MEDINA STAMPED METAL STOOL,2500.09,66.0,33
21462,"NURSERY A,B,C PAINTED LETTERS",2499.66,424.0,171
84840,SWEETHEART CARRY-ALL BASKET,2498.76,287.0,140
22789,T-LIGHT HOLDER SWEETHEART HANGING,2498.16,1276.0,196
85041,SET/4 PINK ORCHID CANDLES IN BOWL,2498.12,1858.0,92
23367,SET 12 COLOUR PENCILS SPACEBOY,2495.75,3285.0,282
22676,"FRENCH BLUE METAL DOOR SIGN, 1",2491.27,1847.0,305
21924,BLUE/CREAM STRIPE FRINGE HAMMOCK,2486.66,315.0,123
84509B,FAIRY CAKE PLACEMATS,2486.54,657.0,196
85206B,PINK FELT EASTER EGG BASKET,2485.55,1543.0,183
21809,CHRISTMAS HANGING TREE WITH BELL,2484.64,3050.0,207
85116,BLACK CANDELABRA T-LIGHT HOLDER,2480.9,2040.0,181
21823,PAINTED METAL HEART WITH HOLLY BELL,2480.33,2487.0,212
22306,SILVER MUG BONE CHINA TREE OF LIFE,2474.79,1710.0,163
22021,BLUE FELT EASTER EGG BASKET,2473.21,1439.0,233
22362,GLASS JAR PEACOCK BATH SALTS,2472.48,768.0,253
22852,DOG BOWL VINTAGE CREAM,2467.11,565.0,160
21789,KIDS RAIN MAC PINK,2464.19,2950.0,218
22540,MINI JIGSAW CIRCUS PARADE,2464.09,6286.0,189
85036A,GARDENIA 1 WICK MORRIS BOXED CANDLE,2463.96,638.0,165
23352,ROLL WRAP 50'S RED CHRISTMAS,2462.95,1803.0,212
21330,WOODLAND ANIMAL  WRITING SET,2460.67,1456.0,201
84509F,NEW ENGLAND PLACEMATS,2456.1,2781.0,46
21106,CREAM SLICE FLANNEL CHOCOLATE SPOT,2455.09,801.0,169
21747,SMALL SKULL WINDMILL,2453.6,2050.0,153
21873,IF YOU CAN'T STAND THE HEAT MUG,2448.37,2079.0,199
21274,EMBOSSED HEART 3 DRAWER SHELF,2446.19,177.0,105
84795B,SUNSET CHECK HAMMOCK,2442.69,306.0,96
22448,PIN CUSHION RUSSIAN DOLL RED,2440.13,757.0,121
22537,MAGIC DRAWING SLATE DINOSAUR,2439.42,5902.0,350
22609,PENS ASSORTED SPACEBALL,2438.18,7165.0,201
22973,CHILDREN'S CIRCUS PARADE MUG,2433.43,1428.0,155
22613,PACK OF 20 SPACEBOY NAPKINS,2432.47,3065.0,273
85035A,GARDENIA 3 WICK MORRIS BOXED CANDLE,2429.81,663.0,178
23406,HOME SWEET HOME KEY HOLDER,2428.91,457.0,111
21973,SET OF 36 MUSHROOM PAPER DOILIES,2428.73,1676.0,210
22566,FELTCRAFT HAIRBAND PINK AND PURPLE,2427.25,2896.0,297
23265,SET OF 3 WOODEN TREE DECORATIONS,2423.54,1784.0,293
35001G,HAND OPEN SHAPE GOLD,2414.6,760.0,103
22321,BIRD DECORATION RED SPOT,2413.62,2608.0,305
21741,COSY SLIPPER SHOES LARGE GREEN,2411.77,739.0,190
85034A,3 GARDENIA MORRIS BOXED CANDLES,2411.07,859.0,135
22986,GINGHAM ROSE WRAP,2410.9,5845.0,204
23400,SHELF WITH 4 HOOKS HOME SWEET HOME,2409.34,461.0,107
21187,WHITE BELL HONEYCOMB PAPER GARLAND,2409.32,1446.0,144
10133,COLOURING PENCILS BROWN TUBE,2407.59,3882.0,289
85059,FRENCH ENAMEL WATER BASIN,2403.64,702.0,211
21540,DAIRY MAID CERAMIC BUTTER DISH,2403.45,1325.0,87
21696,SMALL SILVER TRELLIS CANDLEPOT,2398.65,798.0,107
22421,LIPSTICK PEN FUSCHIA,2398.21,4816.0,406
22453,MEASURING TAPE RUSSIAN DOLL BLUE,2396.17,868.0,144
22246,"GARLAND, MAGIC GARDEN 1.8M",2389.08,1112.0,188
23028,DRAWER KNOB CRACKLE GLAZE BLUE,2387.03,1375.0,137
84818,DANISH ROSE PHOTO FRAME,2385.59,1790.0,214
23048,SET OF 10 LANTERNS FAIRY LIGHT STAR,2384.97,581.0,99
21826,EIGHT PIECE DINOSAUR SET,2383.24,1833.0,240
21824,PAINTED METAL STAR WITH HOLLY BELLS,2382.38,2803.0,211
23498,CLASSIC BICYCLE CLIPS,2378.48,1644.0,99
21615,4 LAVENDER BOTANICAL DINNER CANDLES,2377.42,1187.0,169
22642,SET OF 4 NAPKIN CHARMS STARS,2376.52,1000.0,141
21464,DISCO BALL ROTATOR BATTERY OPERATED,2376.0,560.0,217
23437,50'S CHRISTMAS GIFT BAG LARGE,2373.63,1939.0,131
47570,ENGLISH ROSE TABLE CLOTH,2373.01,220.0,78
21126,SET OF 6 GIRLS CELEBRATION CANDLES,2372.98,2343.0,285
21468,BUTTERFLY CROCHET FOOD COVER,2372.64,672.0,142
23436,GIFT BAG LARGE VINTAGE CHRISTMAS,2367.39,1979.0,114
85172,HYACINTH BULB T-LIGHT CANDLES,2361.92,4479.0,150
84459B,YELLOW METAL CHICKEN HEART,2358.57,1480.0,213
23401,RUSTIC MIRROR WITH LACE HEART,2354.87,459.0,83
23412,HEART MIRROR ANTIQUE WHITE,2354.8,358.0,76
21437,24 HANGING EASTER EGGS FLORAL TUB,2354.67,678.0,109
21947,SET OF 6 HEART CHOPSTICKS,2351.59,1711.0,298
21708,FOLDING UMBRELLA  CREAM/MULTI  SPOT,2351.33,614.0,129
84536A,ENGLISH ROSE NOTEBOOK A7 SIZE,2349.58,5198.0,613
85107,CUT GLASS T-LIGHT HOLDER OCTAGON,2346.19,1231.0,70
85199L,LARGE HANGING IVORY & RED WOOD BIRD,2344.15,3545.0,272
85114A,BLACK ENCHANTED FOREST PLACEMAT,2341.84,1410.0,103
22251,BIRDHOUSE DECORATION MAGIC GARDEN,2340.15,1888.0,298
21804,WHITE CHRISTMAS GARLAND STARS TREES,2338.85,620.0,137
16237,SLEEPING CAT ERASERS,2337.66,10938.0,580
85114C,RED ENCHANTED FOREST PLACEMAT,2335.78,1221.0,161
22409,MONEY BOX BISCUITS DESIGN,2335.48,1720.0,164
85106,CUT GLASS HEXAGON T-LIGHT HOLDER,2333.74,1208.0,59
85176,SEWING SUSAN 21 NEEDLE SET,2331.38,2776.0,306
21651,HANGING GLASS ETCHED TEALIGHT,2327.53,1436.0,124
21819,GLITTER CHRISTMAS STAR,2323.92,3938.0,248
23197,SKETCHBOOK MAGNETIC SHOPPING LIST,2323.8,1492.0,249
22785,CUSHION COVER PINK UNION FLAG,2318.59,427.0,122
22539,MINI JIGSAW DOLLY GIRL,2314.5,5747.0,247
23371,SET 36 COLOUR PENCILS SPACEBOY,2313.53,1712.0,185
22363,GLASS JAR MARMALADE,2312.25,783.0,169
22831,WHITE BROCANTE SOAP DISH,2309.9,782.0,138
20658,RED SPOTTY LUGGAGE TAG,2308.93,1623.0,353
21482,MUSHROOM BLUE HOT WATER BOTTLE,2308.56,744.0,184
22133,PINK LOVE HEART SHAPE CUP,2304.11,2508.0,327
23029,DRAWER KNOB CRACKLE GLAZE GREEN,2303.92,1352.0,156
23330,DECORATIVE WICKER HEART MEDIUM,2299.47,1804.0,216
17091J,VANILLA INCENSE IN TIN,2297.99,4086.0,178
22336,DOVE DECORATION PAINTED ZINC,2296.65,4736.0,214
23360,SET 8 CANDLES VINTAGE DOILY,2296.15,1187.0,114
22163,HEART STRING MEMO HOLDER HANGING,2294.86,1288.0,197
22024,RAINY LADIES BIRTHDAY CARD,2294.83,5478.0,439
21638,ASSORTED TUTTI FRUTTI NOTEBOOK,2294.51,1048.0,142
22948,METAL DECORATION NAUGHTY CHILDREN,2294.47,2245.0,180
22935,BAKING MOULD ROSE MILK CHOCOLATE,2294.07,771.0,65
21655,HANGING RIDGE GLASS T-LIGHT HOLDER,2287.64,1402.0,89
84913A,SOFT PINK ROSE TOWEL,2287.26,629.0,266
23128,DOLLCRAFT BOY JEAN-PAUL,2283.41,453.0,139
23252,VINTAGE RED ENAMEL TRIM JUG,2276.61,607.0,138
85183A,CHARLIE & LOLA WASTEPAPER BIN BLUE,2275.75,1512.0,141
85014C,BLUE/BROWN DOTS RUFFLED UMBRELLA,2270.73,547.0,72
21710,FOLDING UMBRELLA  PINK/WHITE  SPOT,2270.2,731.0,110
21125,SET 6 FOOTBALL CELEBRATION CANDLES,2270.14,2169.0,246
85045,GREEN CHRISTMAS TREE STRING 20LIGHT,2264.09,476.0,83
51014L,"FEATHER PEN,LIGHT PINK",2263.15,3493.0,226
20931,BLUE POT PLANT CANDLE,2260.93,676.0,157
22716,CARD CIRCUS PARADE,2259.74,5330.0,447
15056n,EDWARDIAN PARASOL NATURAL,2259.44,180.0,116
21681,GIANT MEDINA STAMPED METAL BOWL,2254.71,235.0,79
21476,STEEL SWEETHEART ROUND TABLE CREAM,2249.41,144.0,85
84469,ROSE DES PADDED FLOOR CUSHION,2249.41,664.0,44
22286,"DECORATION , WOBBLY RABBIT , METAL",2245.3,1964.0,195
23093,SMALL PARISIENNE HEART PHOTO FRAME,2244.22,941.0,142
23079,TOADSTOOL BEDSIDE LIGHT,2243.35,253.0,106
21398,RED  SPOTTY COFFEE  MUG,2242.41,2299.0,126
23326,HANGING MINI COLOURED BOTTLES,2237.71,3443.0,76
22920,HERB MARKER BASIL,2237.46,3526.0,252
21620,S/4 ROSE    BOTANICAL  CANDLE,2236.73,1105.0,222
84691,PACK 20 DOLLY PEGS,2231.45,2754.0,235
22074,6 RIBBONS SHIMMERING PINKS,2231.19,2165.0,287
22514,CHILDS GARDEN SPADE BLUE,2228.12,1094.0,233
23438,GIFT BAG LARGE SPOT,2227.42,1823.0,109
22824,3 TIER SWEETHEART GARDEN SHELF,2225.85,63.0,48
22069,BROWN  PIRATE TREASURE CHEST,2225.08,986.0,267
22711,WRAP CIRCUS PARADE,2220.84,5402.0,181
23501,KEY RING BASEBALL BOOT UNION JACK,2220.37,1823.0,112
20770,ABSTRACT CIRCLE JOURNAL,2218.36,1056.0,201
17084R,ASSORTED INCENSE PACK,2213.97,12137.0,66
22853,CAT BOWL VINTAGE CREAM,2208.82,646.0,146
23403,LETTER HOLDER HOME SWEET HOME,2207.86,626.0,134
21617,4 LILY  BOTANICAL DINNER CANDLES,2202.51,854.0,169
21774,DECORATIVE CATS BATHROOM BOTTLE,2201.26,1748.0,368
85039B,S/4 IVORY MINI ROSE CANDLE IN BOWL,2200.05,1666.0,266
22182,CAKE STAND VICTORIAN FILIGREE SMALL,2200.03,571.0,172
22338,STAR DECORATION PAINTED ZINC,2198.11,6154.0,264
23302,KNEELING MAT HOUSEWORK  DESIGN,2194.62,1544.0,230
21195,PINK  HONEYCOMB PAPER BALL,2194.2,1017.0,150
21611,SET OF 12 LILY BOTANICAL T-LIGHTS,2193.99,754.0,148
23020,GLASS  SONGBIRD STORAGE JAR,2191.84,180.0,76
21291,SMALL SPOTTY CHOCOLATE GIFT BAG,2184.91,2534.0,153
21359,RELAX LARGE WOOD LETTERS,2182.38,211.0,73
23031,DRAWER KNOB CRACKLE GLAZE PINK,2182.0,1296.0,155
22913,RED COAT RACK PARIS FASHION,2179.39,462.0,122
23445,ICE CREAM BUBBLES,2177.84,2688.0,101
22714,CARD BIRTHDAY COWBOY,2174.73,5315.0,359
22802,FAUX FUR CHOCOLATE THROW,2173.05,121.0,62
22932,BAKING MOULD TOFFEE CUP CHOCOLATE,2169.93,963.0,72
85103,SILVER T-LIGHT SETTING,2166.93,319.0,87
85216,ASSORTED CAKES FRIDGE MAGNETS,2165.92,2867.0,187
21421,PORCELAIN ROSE LARGE,2163.23,1807.0,105
21643,ASSORTED TUTTI FRUTTI MIRROR,2161.81,1536.0,204
22708,WRAP DOLLY GIRL,2161.5,5375.0,159
22515,CHILDS GARDEN SPADE PINK,2161.28,1057.0,208
20764,ABSTRACT CIRCLES SKETCHBOOK,2161.01,692.0,193
21905,MORE BUTTER METAL SIGN,2159.97,1624.0,263
22677,"FRENCH BLUE METAL DOOR SIGN, 2",2158.09,1589.0,280
22931,BAKING MOULD HEART WHITE CHOCOLATE,2157.85,902.0,129
23370,SET 36 COLOURING PENCILS DOILY,2157.85,1555.0,151
23005,TRAVEL CARD WALLET I LOVE LONDON,2147.55,4783.0,241
22695,WICKER WREATH SMALL,2147.32,1501.0,225
23161,REGENCY CAKE FORK,2145.3,1715.0,98
84670,JAPANESE CROCHETED ANIMAL,2140.06,5223.0,182
23213,STAR WREATH DECORATION WITH BELL,2139.67,1683.0,152
23066,SMALL DECO JEWELLERY STAND,2137.81,259.0,85
22023,EMPIRE BIRTHDAY CARD,2136.46,5112.0,430
21070,VINTAGE BILLBOARD MUG,2124.75,2063.0,229
72799F,IVORY PILLAR CANDLE GOLD FLOCK,2116.01,1136.0,102
22859,EASTER TIN BUNNY BOUQUET,2115.57,1266.0,165
22308,TEA COSY BLUE STRIPE,2115.41,683.0,214
21865,PINK UNION JACK  PASSPORT COVER,2115.06,908.0,297
22279,POCKET BAG BLUE PAISLEY RED SPOT,2114.62,1448.0,214
85099b,JUMBO BAG RED RETROSPOT,2111.64,419.0,25
23046,PAPER LANTERN 9 POINT DELUXE STAR,2111.49,349.0,36
84854,GIRLY PINK TOOL SET,2109.17,387.0,110
23251,VINTAGE RED ENAMEL TRIM MUG,2107.0,1713.0,120
23233,WRAP POPPIES  DESIGN,2105.5,5175.0,158
21803,CHRISTMAS TREE STAR DECORATION,2105.22,4853.0,322
84676,BATH DUCK WATERING CAN,2102.46,848.0,110
40018F,CHERRY DESIGN PAPERLANTERNS,2102.28,1093.0,117
22996,TRAVEL CARD WALLET VINTAGE TICKET,2099.97,4813.0,408
22832,BROCANTE SHELF WITH HOOKS,2097.65,191.0,85
23152,IVORY SWEETHEART WIRE LETTER RACK,2095.65,558.0,159
23315,IVORY REFECTORY CLOCK,2094.24,213.0,86
21619,4 VANILLA BOTANICAL CANDLES,2092.89,1139.0,212
21640,ASSORTED TUTTI FRUTTI  FOB NOTEBOOK,2088.42,2269.0,205
35953,FOLKART STAR CHRISTMAS DECORATIONS,2084.72,3930.0,155
79323S,SILVER CHERRY LIGHTS,2084.32,334.0,56
85049H,URBAN BLACK RIBBONS,2080.94,2076.0,334
21657,MILK BOTTLE WITH GLASS STOPPER,2079.11,272.0,118
21058,PARTY INVITES WOODLAND,2078.5,2422.0,275
84990,60 GOLD AND SILVER FAIRY CAKE CASES,2077.59,4276.0,193
22928,YELLOW GIANT GARDEN THERMOMETER,2077.02,301.0,118
84796A,PINK HAWAIIAN PICNIC HAMPER FOR 2,2072.95,284.0,111
22400,MAGNETS PACK OF 4 HOME SWEET HOME,2072.29,2473.0,234
21356,TOAST ITS - FAIRY FLOWER,2071.8,1624.0,349
21200,MULTICOLOUR HONEYCOMB PAPER GARLAND,2071.76,1425.0,126
21802,CHRISTMAS TREE HEART DECORATION,2070.52,4738.0,323
23227,FILIGREE HEART BUTTERFLY WHITE,2070.06,1642.0,117
20686,DOLLY MIXTURE CHILDREN'S UMBRELLA,2069.19,605.0,186
37476,CONDIMENT TRAY 4 BOWLS AND 4 SPOONS,2066.64,212.0,77
84459A,PINK METAL CHICKEN HEART,2066.32,1272.0,201
22903,CALENDAR FAMILY FAVOURITES,2062.82,747.0,82
21077,SET/20 WOODLAND PAPER NAPKINS,2060.65,2793.0,192
84509G,FAIRY CAKE PLACEMATS,2060.45,806.0,159
23291,DOLLY GIRL CHILDRENS CUP,2060.28,1635.0,195
85016,SET OF 6 VINTAGE NOTELETS KIT,2056.16,1688.0,167
22719,GUMBALL MONOCHROME COAT RACK,2056.1,1516.0,235
23490,T-LIGHT HOLDER HANGING LOVE BIRD,2055.27,548.0,101
21504,SKULLS GREETING CARD,2050.38,5021.0,329
22201,FRYING PAN BLUE POLKADOT,2047.12,511.0,166
23500,KEY RING BASEBALL BOOT ASSORTED,2044.58,1631.0,98
22261,FELT EGG COSY WHITE RABBIT,2041.11,2119.0,243
84763,ZINC FINISH 15CM PLANTER POTS,2039.79,1638.0,170
21348,PINK SPOTS CHOCOLATE NESTING BOXES,2039.69,845.0,133
21397,BLUE  SPOTTY EGG CUP,2039.46,2171.0,180
22068,BLACK PIRATE TREASURE CHEST,2039.35,1139.0,276
22799,SWEETHEART WIRE FRUIT BOWL,2037.84,255.0,108
21630,FLOOR CUSHION ELEPHANT CARNIVAL,2037.6,167.0,95
22405,MONEY BOX POCKET MONEY DESIGN,2035.9,1674.0,217
22211,WOOD STAMP SET FLOWERS,2033.9,1538.0,291
21612,SET 12 WILDFLOWER BOTANICAL T-LIGHT,2025.77,698.0,113
21695,SMALL SILVER FLOWER CANDLE POT,2022.98,654.0,102
23268,SET OF 2 CERAMIC CHRISTMAS REINDEER,2019.59,1448.0,89
79160,HEART SHAPE WIRELESS DOORBELL,2019.27,966.0,210
21389,IVORY HANGING DECORATION  BIRD,2013.96,2304.0,261
23289,DOLLY GIRL CHILDRENS BOWL,2013.7,1622.0,191
47591C,BLUE FAIRY CAKE CHILD'S APRON,2012.43,1051.0,159
22520,CHILDS GARDEN TROWEL BLUE,2012.13,2295.0,369
23358,HOT STUFF HOT WATER BOTTLE,2012.13,595.0,89
23529,WALL ART DOLLY GIRL,2011.99,637.0,37
22496,SET OF 2 ROUND TINS DUTCH CHEESE,2010.84,736.0,193
20703,BLUE PADDED SOFT MOBILE,2010.47,475.0,169
23274,STAR T-LIGHT HOLDER WILLIE WINKIE,2009.95,1183.0,119
79323G,GOLD  CHERRY LIGHTS,2007.88,314.0,61
22098,BOUDOIR SQUARE TISSUE BOX,2005.01,2900.0,309
22614,PACK OF 12 SPACEBOY TISSUES,2003.81,5883.0,368
22521,CHILDS GARDEN TROWEL PINK,2002.3,2303.0,370
35971,ROSE FOLKART HEART DECORATIONS,2001.52,2003.0,217
20846,ZINC HEART LATTICE T-LIGHT HOLDER,2000.73,1471.0,169
22343,PARTY PIZZA DISH RED WHITE SPOT,1996.51,3312.0,188
22438,BALLOON ART MAKE YOUR OWN FLOWERS,1995.51,1502.0,170
23357,HOT WATER BOTTLE SEX BOMB,1993.6,453.0,102
21629,SQUARE FLOOR CUSHION VINTAGE PINK,1993.17,181.0,105
22599,CHRISTMAS MUSICAL ZINC STAR,1991.29,3135.0,189
22559,SEASIDE FLYING DISC,1990.63,1585.0,202
22262,FELT EGG COSY CHICKEN,1986.36,2058.0,306
85217,ASSORTED ICE CREAM FRIDGE MAGNETS,1985.75,2875.0,164
20871,OPULENT VELVET SET/3 CANDLES,1984.35,1276.0,127
84872A,TEATIME FUNKY FLOWER BACKPACK FOR 2,1983.54,177.0,102
23075,PARLOUR CERAMIC WALL HOOK,1981.05,477.0,80
85231B,CINAMMON SET OF 9 T-LIGHTS,1979.93,2156.0,384
23145,ZINC T-LIGHT HOLDER STAR LARGE,1979.48,2084.0,169
22204,MILK PAN BLUE RETROSPOT,1978.04,538.0,169
23068,ALUMINIUM STAMPED HEART,1976.89,813.0,136
21692,SILVER LATTICE VANILLA CANDLE POT,1970.37,519.0,111
21647,ASSORTED TUTTI FRUTTI LARGE PURSE,1966.48,880.0,144
21991,BOHEMIAN COLLAGE STATIONERY SET,1966.07,1118.0,289
22753,SMALL YELLOW BABUSHKA NOTEBOOK,1965.0,2382.0,404
21082,SET/20 FRUIT SALAD PAPER NAPKINS,1963.85,7187.0,163
23374,RED SPOT PAPER GIFT BAG,1962.83,2456.0,131
85185B,PINK HORSE SOCK PUPPET,1961.51,628.0,182
23228,FILIGREE HEART BIRD WHITE,1960.0,1492.0,125
20984,12 PENCILS TALL TUBE POSY,1959.84,5907.0,245
23235,STORAGE TIN VINTAGE LEAF,1957.69,739.0,105
22210,WOOD STAMP SET BEST WISHES,1953.0,1618.0,287
46775D,SUNSET COLOUR CHUNKY KNITTED THROW,1949.21,154.0,95
84581,DOG TOY WITH PINK CROCHET SKIRT,1947.65,513.0,234
21538,DAIRY MAID  PUDDING BOWL,1947.01,1314.0,51
22307,GOLD MUG BONE CHINA TREE OF LIFE,1942.18,1272.0,118
22565,FELTCRAFT HAIRBANDS PINK + WHITE,1940.36,2129.0,278
21773,DECORATIVE ROSE BATHROOM BOTTLE,1939.49,1665.0,308
20684,STRAWBERRY DREAM CHILDS UMBRELLA,1936.87,585.0,176
21581,SKULLS  DESIGN  COTTON TOTE BAG,1935.17,1188.0,203
20716,PARTY FOOD SHOPPER BAG,1935.06,1539.0,246
22513,DOORSTOP FOOTBALL DESIGN,1928.57,593.0,170
21983,PACK OF 12 BLUE PAISLEY TISSUES,1925.59,6275.0,325
21043,APRON MODERN VINTAGE COTTON,1924.93,679.0,141
23094,LE GRAND TRAY CHIC SET,1924.92,152.0,79
40001,WHITE BAMBOO RIBS LAMPSHADE,1920.88,2492.0,121
22985,"WRAP, BILLBOARD FONTS DESIGN",1916.24,4772.0,136
23155,KNICKERBOCKERGLORY MAGNET ASSORTED,1914.73,2233.0,135
21445,12 PINK ROSE PEG PLACE SETTINGS,1912.23,1539.0,146
22522,CHILDS GARDEN FORK BLUE,1911.76,2246.0,334
21677,HEARTS  STICKERS,1909.21,2176.0,279
22587,FELTCRAFT HAIRBAND RED AND BLUE,1909.03,2188.0,308
21659,GLASS CAKE STAND,1906.65,121.0,66
84519B,CARROT CHARLIE+LOLA COASTER SET,1905.47,871.0,214
85162B,BLACK RETRODISC LAMPSHADE,1905.15,977.0,13
23491,VINTAGE JINGLE BELLS HEART,1897.76,228.0,78
22678,"FRENCH BLUE METAL DOOR SIGN, 3",1896.84,1411.0,248
85232A,SET/3 POLKA DOT STACKING TINS,1894.83,376.0,138
21287,SCENTED VELVET LOUNGE CANDLE,1893.75,4134.0,93
16169E,WRAP 50'S  CHRISTMAS,1892.46,4563.0,149
23434,3 RAFFIA RIBBONS 50'S CHRISTMAS,1892.07,2105.0,199
22523,CHILDS GARDEN FORK PINK,1891.6,2193.0,352
16016,LARGE CHINESE STYLE SCISSOR,1891.1,2338.0,106
23394,POSTE FRANCE CUSHION COVER,1888.9,438.0,150
21687,SILVER PLATE CANDLE BOWL LARGE,1886.23,481.0,101
21894,POTTING SHED SEED ENVELOPES,1886.22,1352.0,247
22858,EASTER TIN KEEPSAKE,1882.29,1138.0,139
21547,CERAMIC BIRDHOUSE CRESTED TIT SMALL,1877.98,728.0,119
84856S,SMALL TAHITI BEACH BAG,1877.21,467.0,33
21761,WOOD AND GLASS MEDICINE CABINET,1874.65,67.0,24
21841,BABY MOUSE RED GINGHAM DRESS,1874.47,441.0,132
21085,SET/6 WOODLAND PAPER CUPS,1873.33,13732.0,66
21613,S/12 VANILLA  BOTANICAL T-LIGHTS,1873.25,636.0,145
23359,SET OF 12 T-LIGHTS VINTAGE DOILY,1872.31,993.0,79
21241,GREEN SPOTTY CUP,1871.62,2216.0,260
23090,VINTAGE GLASS T-LIGHT HOLDER,1870.86,2238.0,149
22535,MAGIC DRAWING SLATE BUNNIES,1869.22,4469.0,298
21091,SET/6 WOODLAND PAPER PLATES,1868.7,13700.0,47
23525,BUFFALO BILL WALL ART,1867.57,583.0,53
20772,GARDEN PATH JOURNAL,1866.5,975.0,161
22686,"FRENCH BLUE METAL DOOR SIGN, No",1864.91,1410.0,221
21394,RED SPOTTY BEAKER,1864.63,4005.0,150
70007,HI TEC ALPINE HAND WARMER,1861.82,1373.0,205
79302M,"ART LIGHTS,FUNK MONKEY",1860.6,654.0,107
21391,FRENCH EMROIDR LAVENDER SCENT HEART,1856.48,1440.0,175
22680,"FRENCH BLUE METAL DOOR SIGN, 5",1854.2,1383.0,230
22586,FELTCRAFT HAIRBAND PINK AND BLUE,1852.34,2126.0,295
22533,MAGIC DRAWING SLATE BAKE A CAKE,1848.96,4680.0,231
22317,FIVE CATS HANGING DECORATION,1848.31,592.0,167
21161,KEEP OUT BOYS DOOR HANGER,1846.12,2385.0,206
84797B,BLUE SAVANNAH PICNIC HAMPER FOR 4,1845.2,323.0,33
21618,4 WILDFLOWER BOTANICAL CANDLES,1845.11,704.0,139
84006,MAGIC TREE -PAPER FLOWERS,1844.45,1964.0,212
23378,PACK OF 12 50'S CHRISTMAS TISSUES,1842.42,4003.0,176
85162C,WHITE RETRODISC LAMPSHADE,1841.7,904.0,46
21357,TOAST ITS - DINOSAUR,1841.51,1399.0,211
22324,BLUE POLKADOT KIDS BAG,1841.51,681.0,152
85173,SET/6 FROG PRINCE T-LIGHT CANDLES,1841.25,1021.0,150
21158,MOODY GIRL DOOR HANGER,1832.7,2613.0,310
22770,MIRROR CORNICE,1829.52,114.0,71
72816,SET/3 CHRISTMAS DECOUPAGE CANDLES,1826.04,1456.0,136
85164B,BLACK BAROQUE CUCKOO CLOCK,1825.18,140.0,65
21529,RETRO SPOT CERAMIC TOASTRACK,1824.94,513.0,152
84327A,PINK JUMPER LARRY THE LAMB,1824.47,961.0,123
23148,MINIATURE ANTIQUE ROSE HOOK IVORY,1820.46,2144.0,247
22922,FRIDGE MAGNETS US DINER ASSORTED,1819.8,2109.0,113
21088,SET/6 FRUIT SALAD PAPER CUPS,1816.73,16615.0,136
21384,IVORY HANGING DECORATION  BUTTERFLY,1815.29,1923.0,150
90167,BEADED LOVE HEART JEWELLERY SET,1809.67,2207.0,111
23160,REGENCY TEA SPOON,1809.48,1462.0,76
22254,FELT TOADSTOOL LARGE,1808.46,1411.0,148
22422,TOOTHPASTE TUBE PEN,1805.29,2787.0,354
47566b,TEA TIME PARTY BUNTING,1803.61,217.0,113
21548,CERAMIC BIRDHOUSE FINCH BLUE ROOF,1802.67,691.0,107
21163,DO NOT TOUCH MY STUFF DOOR HANGER,1802.52,2829.0,253
21280,VINTAGE KITCHEN PRINT VEGETABLES,1800.44,3333.0,70
85127,SMALL SQUARE CUT GLASS CANDLESTICK,1800.31,292.0,81
84748,FOLK FELT HANGING MULTICOL GARLAND,1796.12,1174.0,93
47591B,SCOTTIES DES CHILD'S APRON,1795.5,1114.0,281
37343,SPOTS DESIGN MUG W PINK INSIDE,1792.1,1129.0,104
22103,MIRROR MOSAIC T-LIGHT HOLDER ROUND,1790.34,1764.0,71
22975,SPACEBOY CHILDRENS EGG CUP,1788.51,1322.0,193
21205,MULTICOLOUR 3D BALLS GARLAND,1787.69,683.0,144
23317,BLUE REFECTORY CLOCK,1787.41,174.0,82
23057,BEADED CHANDELIER T-LIGHT HOLDER,1783.52,776.0,45
22209,WOOD STAMP SET HAPPY BIRTHDAY,1782.9,1434.0,257
21662,VINTAGE GLASS COFFEE CADDY,1782.56,274.0,106
21294,ETCHED GLASS COASTER,1778.75,2346.0,139
20729,RED SPOTTY CANDY BAG,1778.12,5262.0,121
22446,PIN CUSHION RUSSIAN DOLL PINK,1775.38,625.0,186
84535B,FAIRY CAKES NOTEBOOK A6 SIZE,1767.18,2712.0,327
22546,MINI JIGSAW PURDEY,1767.16,4384.0,181
21000,ROSE DU SUD COSMETICS BAG,1766.92,696.0,94
84507B,STRIPES DESIGN MONKEY DOLL,1764.03,1349.0,115
21652,GLASS ETCHED T-LIGHT HOLDER MEDIUM,1761.59,903.0,78
23096,PETIT TRAY CHIC,1759.79,1047.0,146
20767,BLUE PAISLEY JOURNAL,1759.46,819.0,179
21927,BLUE/CREAM STRIPE CUSHION COVER,1758.24,1284.0,192
10125,MINI FUNKY DESIGN TAPES,1758.2,2151.0,167
21189,WHITE HONEYCOMB PAPER GARLAND,1754.29,814.0,123
23372,SET 36 COLOUR PENCILS DOLLY GIRL,1752.79,1391.0,147
23399,HOME SWEET HOME HANGING HEART,1752.35,1922.0,225
84843,WHITE SOAP RACK WITH 2 BOTTLES,1748.91,283.0,110
21275,ZINC TOP  2 DOOR WOODEN SHELF,1748.38,251.0,55
21281,VINTAGE KITCHEN PRINT SEAFOOD,1747.28,3689.0,67
21780,MA CAMPAGNE 4 DRAWER WALL SHELF,1745.85,203.0,32
85060,WOOD FAN WITH FLOWER DESIGN,1745.62,1448.0,87
23101,SILVER STARS TABLE DECORATION,1744.61,2037.0,213
22035,VINTAGE CARAVAN GREETING CARD,1743.02,4109.0,360
21637,ASSORTED SANSKRIT MINI NOTEBOOK,1741.72,1358.0,93
21760,FRENCH STYLE WALL DRESSER,1740.0,15.0,12
21090,SET/6 COLLAGE PAPER PLATES,1736.53,3119.0,278
22516,CHILDS GARDEN RAKE BLUE,1736.32,854.0,162
23244,STORAGE TIN VINTAGE LEAF,1733.98,936.0,112
23181,BULL DOG BOTTLE TOP WALL CLOCK,1733.57,201.0,82
22026,BANQUET BIRTHDAY  CARD,1733.44,4066.0,366
37342,SPOTTY COFFEE CUP & SAUCER,1731.4,1629.0,131
21895,POTTING SHED SOW 'N' GROW SET,1731.35,557.0,85
22123,PING MICROWAVE APRON,1729.79,661.0,166
22319,HAIRCLIPS FORTIES FABRIC ASSORTED,1729.24,3035.0,174
72817,SET OF 2 CHRISTMAS DECOUPAGE CANDLE,1729.1,1590.0,214
23122,PARTY CHARMS 50 PIECES,1727.75,2253.0,133
23073,GEORGIAN TRINKET BOX,1719.0,144.0,61
22706,WRAP COWBOYS,1714.24,4272.0,125
21576,LETS GO SHOPPING COTTON TOTE BAG,1713.75,743.0,205
21283,NATURAL BARK CANDLE SMALL,1710.45,537.0,81
22679,"FRENCH BLUE METAL DOOR SIGN, 4",1708.19,1272.0,230
22673,FRENCH GARDEN SIGN BLUE METAL,1707.52,1350.0,195
22934,BAKING MOULD EASTER EGG WHITE CHOC,1707.47,589.0,78
20996,JAZZ HEARTS ADDRESS BOOK,1707.11,6343.0,335
20990,SPRING FLOWER CHOPSTICKS SET/5,1706.14,895.0,103
23214,JINGLE BELL HEART ANTIQUE GOLD,1705.44,794.0,103
21251,DINOSAUR HEIGHT CHART STICKER SET,1704.61,599.0,132
84795A,PASTEL STRIPE HAMMOCK,1703.97,209.0,70
82615,PINK MARSHMALLOW SCARF KNITTING KIT,1698.72,619.0,90
21446,12 RED ROSE PEG PLACE SETTINGS,1697.36,1277.0,232
21284,RETRO SPOT CANDLE  SMALL,1694.05,1561.0,140
21645,ASSORTED TUTTI FRUTTI ROUND BOX,1692.15,999.0,133
85039A,SET/4 RED MINI ROSE CANDLE IN BOWL,1691.23,1466.0,251
17129F,DEEP BLUE GLASS GEMS IN BAG,1691.22,1584.0,145
21157,RED SPOTTY WASHBAG,1690.55,714.0,176
21382,SET/4 SPRING FLOWER DECORATION,1690.01,1247.0,152
85131A,BEADED PEARL HEART WHITE ON STICK,1688.13,2083.0,199
22323,PINK POLKADOT KIDS BAG,1687.21,637.0,116
85221,ASSORTED COLOUR SILK COIN PURSE,1685.46,3558.0,47
21278,VINTAGE KITCHEN PRINT PUDDINGS,1685.05,2770.0,118
85036C,ROSE 1 WICK MORRIS BOXED CANDLE,1684.02,898.0,128
18098c,PORCELAIN BUTTERFLY OIL BURNER,1682.01,332.0,135
23368,SET 12 COLOUR PENCILS DOLLY GIRL,1681.5,2382.0,232
21633,SUNFLOWER DECORATIVE PARASOL,1675.86,176.0,72
46776F,WOVEN ROSE GARDEN CUSHION COVER,1675.73,487.0,157
84913B,MINT GREEN ROSE TOWEL,1672.37,442.0,200
35809A,ENAMEL PINK TEA CONTAINER,1671.82,1139.0,177
22410,MONEY BOX HOUSEKEEPING DESIGN,1671.21,1366.0,198
23366,SET 12 COLOURING PENCILS DOILY,1670.55,2253.0,195
85049a,TRADITIONAL CHRISTMAS RIBBONS,1669.64,499.0,51
21448,12 DAISY PEGS IN WOOD BOX,1666.63,970.0,211
21694,SMALL REGAL  SILVER CANDLEPOT,1663.96,580.0,70
21162,TOXIC AREA  DOOR HANGER,1661.86,2407.0,285
22025,RING OF ROSES BIRTHDAY CARD,1661.01,4011.0,288
23505,PLAYING CARDS I LOVE LONDON,1660.04,1207.0,115
23270,SET OF 2 CERAMIC PAINTED HEARTS,1659.37,1183.0,125
37441,ASSORTED WHITE EMBOSSED CHINA MUGS,1652.4,706.0,54
35241,ENAMEL BLUE RIM BISCUIT BIN,1651.49,312.0,130
23483,HANGING  BUTTERFLY T-LIGHT HOLDER,1651.36,1340.0,73
21426,WOODLAND STORAGE BOX SMALL,1649.17,1029.0,99
23273,HEART T-LIGHT HOLDER WILLIE WINKIE,1649.05,969.0,112
21332,MOROCCAN BEATEN METAL MIRROR,1644.17,270.0,50
21545,CERAMIC BIRDHOUSE BUTTERFLY SMALL,1643.07,698.0,82
48195,DOOR MAT GREEN PAISLEY,1642.97,271.0,87
23348,CHILDRENS TOY COOKING UTENSIL SET,1642.13,750.0,168
21286,RETRO SPOT CANDLE  LARGE,1638.19,1009.0,101
21279,VINTAGE KITCHEN PRINT FRUITS,1637.01,3530.0,101
21656,RIDGED GLASS POSY VASE,1636.68,995.0,140
85180A,RED HEARTS LIGHT CHAIN,1636.42,629.0,99
21541,DINOSAURS WATER TRANSFER TATTOOS,1636.24,1907.0,201
21801,CHRISTMAS TREE DECORATION WITH BELL,1633.83,3789.0,258
35471D,SET OF 3 BIRD LIGHT PINK FEATHER,1633.63,2278.0,348
23391,I LOVE LONDON MINI BACKPACK,1632.32,390.0,87
22705,WRAP GREEN PEARS,1630.86,3883.0,151
21593,SWALLOW CIGAR BOX MATCHES,1630.56,1392.0,94
20802,SMALL GLASS SUNDAE DISH CLEAR,1630.05,1067.0,116
21837,CROSS STITCH ALPHABET CUSHION COVER,1628.59,245.0,91
21793,CLASSIC FRENCH STYLE BASKET BROWN,1627.36,353.0,102
84619,BLUE GINGHAM ROSE QUILT,1622.96,72.0,29
21675,BUTTERFLIES STICKERS,1620.84,1829.0,268
22099,CARAVAN SQUARE TISSUE BOX,1620.79,2152.0,291
22106,MIRROR MOSAIC HURRICANE LAMP,1620.34,515.0,79
84919,BLUE CUSHION COVER WITH FLOWER,1619.84,291.0,43
22260,FELT EGG COSY BLUE RABBIT,1618.21,1576.0,241
23280,FOLDING BUTTERFLY MIRROR HOT PINK,1614.99,2024.0,157
23217,LAUREL HEART ANTIQUE SILVER,1613.82,1309.0,97
23287,RED VINTAGE SPOT BEAKER,1613.59,1891.0,198
22517,CHILDS GARDEN RAKE PINK,1612.53,815.0,152
21849,SILVER DIAMANTE PEN IN GIFT BOX,1611.98,660.0,134
21867,PINK UNION JACK  LUGGAGE TAG,1611.63,1182.0,288
21383,PACK OF 12 STICKY BUNNIES,1609.28,2233.0,323
22976,CIRCUS PARADE CHILDRENS EGG CUP,1607.82,1235.0,149
23462,ROCOCO WALL MIROR,1607.04,80.0,46
22912,YELLOW COAT RACK PARIS FASHION,1606.98,338.0,108
35810A,ENAMEL PINK COFFEE CONTAINER,1605.57,1206.0,171
21542,WOODLAND WATER TRANSFER TATTOOS,1605.0,1882.0,190
21550,CERAMIC BIRDHOUSE CRESTED TIT LARGE,1601.21,301.0,64
22786,PILLOWCUSHION COVER PINK UNION JACK,1600.93,255.0,92
21579,LOLITA  DESIGN  COTTON TOTE BAG,1597.41,1044.0,136
23226,FILIGREE HEART DAISY WHITE,1596.67,1247.0,98
21289,LARGE STRIPES CHOCOLATE GIFT BAG,1594.31,1449.0,102
72803A,ROSE SCENT CANDLE JEWELLED DRAWER,1591.75,733.0,97
20986,BLUE CALCULATOR RULER,1591.09,1251.0,204
35160,BUDDHA INCENSE HOLDER ASSORTED,1590.64,2180.0,56
20735,BLACK MINI TAPE MEASURE,1589.03,1545.0,202
20902,VINTAGE KEEPSAKE BOX PARIS DAYS,1588.8,212.0,116
85170A,SET/6 IVORY BIRD T-LIGHT CANDLES,1587.16,849.0,84
84536B,FAIRY CAKES NOTEBOOK A7 SIZE,1583.91,3541.0,399
85036B,CHOCOLATE 1 WICK MORRIS BOX CANDLE,1583.66,612.0,87
15056bl,EDWARDIAN PARASOL BLACK,1583.52,126.0,87
21925,UNION STRIPE CUSHION COVER,1582.33,1217.0,167
22608,PENS ASSORTED FUNKY JEWELED,1582.31,5772.0,170
85222,ASSORTED COLOUR SILK COSMETIC PURSE,1581.78,1407.0,50
23369,SET 36 COLOUR PENCILS LOVE LONDON,1581.06,1105.0,126
21099,SET/6 STRAWBERRY PAPER CUPS,1580.34,13388.0,33
20766,GARDEN PATH SKETCHBOOK,1578.59,525.0,155
21282,NATURAL BARK CANDLE LARGE,1577.53,369.0,69
21711,FOLDING UMBRELLA WHITE/RED POLKADOT,1575.73,385.0,71
84789,ENCHANTED BIRD PLANT CAGE,1573.51,448.0,124
79323B,BLACK CHERRY LIGHTS,1572.45,243.0,58
21631,HIPPY CHIC DECORATIVE PARASOL,1571.75,221.0,54
21092,SET/6 STRAWBERRY PAPER PLATES,1571.5,12846.0,28
22915,ASSORTED BOTTLE TOP  MAGNETS,1570.76,3461.0,194
15059A,ENGLISH ROSE EDWARDIAN PARASOL,1567.0,509.0,4
22681,"FRENCH BLUE METAL DOOR SIGN, 6",1565.78,1171.0,189
21610,SET 12 PEAR BOTANICAL T-LIGHTS,1564.32,549.0,97
85194L,HANGING SPRING FLOWER EGG LARGE,1562.33,1820.0,147
21972,SET OF 36 DINOSAUR PAPER DOILIES,1562.27,1056.0,171
21399,BLUE  SPOTTY  COFFEE MUG,1559.32,2392.0,118
21276,TWO EMBOSSED HEART MINI DRAWERS,1558.94,677.0,29
23524,HORSE & PONY WALL ART,1557.63,481.0,63
20893,HANGING BAUBLE T-LIGHT HOLDER SMALL,1555.79,675.0,76
22337,ANGEL DECORATION PAINTED ZINC,1550.96,2509.0,146
75131,METAL TUBE CHIME ON BAMBOO,1549.77,1220.0,68
21851,LILAC DIAMANTE PEN IN GIFT BOX,1549.57,645.0,149
21002,ROSE DU SUD DRAWSTRING BAG,1547.54,429.0,184
22322,BIRD DECORATION GREEN  SPOT,1546.71,1634.0,272
22982,PANTRY PASTRY BRUSH,1545.02,1155.0,212
16033,MINI HIGHLIGHTER PENS,1544.52,15121.0,50
20768,GREEN FERN JOURNAL,1544.39,771.0,149
21822,GLITTER CHRISTMAS TREE WITH BELLS,1542.1,1132.0,142
85136C,RED SHARK HELICOPTER,1541.22,190.0,122
85125,SMALL ROUND CUT GLASS CANDLESTICK,1539.99,317.0,62
22340,NOEL GARLAND PAINTED ZINC,1539.28,1825.0,184
84795D,SEASIDE STRIPE HAMMOCK,1538.79,189.0,83
22288,"DECORATION , HANGING METAL RABBIT",1538.53,1316.0,119
21146,ANTIQUE GLASS RIDGED HANGING BALL,1537.07,801.0,58
85177,BASKET OF FLOWERS SEWING KIT,1534.13,1838.0,143
23267,SET OF 4 SANTA PLACE SETTINGS,1531.95,1202.0,108
72008,FROSTED BOX 9 WHITE T-LIGHT CANDLES,1531.82,3820.0,215
23250,VINTAGE RED TRIM ENAMEL BOWL,1531.03,1179.0,110
84659A,WHITE TRAVEL ALARM CLOCK,1527.32,611.0,224
22682,"FRENCH BLUE METAL DOOR SIGN, 7",1526.88,1168.0,182
21785,RAIN PONCHO,1524.79,2016.0,100
21661,VINTAGE GLASS TEA CADDY,1517.26,240.0,98
22157,ANGEL DECORATION WITH LACE PADDED,1516.85,1775.0,124
21634,ASSORTED MINI MADRAS NOTEBOOK,1512.76,1773.0,69
21807,WHITE CHRISTMAS STAR DECORATION,1511.53,3433.0,172
22815,CARD PSYCHEDELIC APPLES,1511.4,3532.0,340
22137,BATHROOM SET LOVE HEART DESIGN,1511.23,607.0,43
21009,ETCHED GLASS STAR TREE DECORATION,1509.99,1059.0,102
22683,"FRENCH BLUE METAL DOOR SIGN, 8",1509.18,1135.0,190
21066,VINTAGE RED MUG,1508.44,2293.0,131
23528,SPACEBOY WALL ART,1504.49,479.0,50
84856L,LARGE TAHITI BEACH BAG,1504.15,239.0,81
84526,GIANT BLACK SUNGLASSES,1503.64,538.0,34
85159B,"WHITE TEA,COFFEE,SUGAR JARS",1503.5,659.0,88
21051,RIBBONS PURSE,1502.98,760.0,127
21739,COSY SLIPPER SHOES SMALL GREEN,1502.0,511.0,177
84510B,SET OF 4 FAIRY CAKES COASTERS,1501.05,1187.0,147
21190,PINK HEARTS PAPER GARLAND,1500.39,918.0,111
23271,CHRISTMAS TABLE SILVER CANDLE SPIKE,1499.38,1734.0,104
21199,PINK  HEART CONFETTI IN TUBE,1495.7,1305.0,149
85160A,WHITE BIRD GARDEN DESIGN MUG,1493.75,8816.0,32
85167B,BLACK GRAND BAROQUE PHOTO FRAME,1493.53,727.0,59
22052,VINTAGE CARAVAN GIFT WRAP,1492.0,3600.0,128
85055,FRENCH ENAMEL UTENSIL HOLDER,1491.81,371.0,107
23334,IVORY WICKER HEART SMALL,1491.75,2271.0,130
79030G,"TUMBLER, NEW ENGLAND",1491.21,1766.0,121
21065,BOOM BOX SPEAKER GIRLS,1491.03,613.0,118
22393,PAPERWEIGHT VINTAGE COLLAGE,1489.77,841.0,120
23559,WOODLAND BUNNIES LOLLY MAKERS,1488.65,652.0,124
20734,SILVER MINI TAPE MEASURE,1485.68,1598.0,117
23392,SPACEBOY ROCKET LOLLY MAKERS,1485.43,667.0,113
21644,ASSORTED TUTTI FRUTTI HEART BOX,1485.22,1106.0,137
21392,RED SPOTTY PUDDING BOWL,1484.43,7548.0,48
84997a,CHILDRENS CUTLERY POLKADOT GREEN,1481.78,178.0,81
20733,GOLD MINI TAPE MEASURE,1481.1,1961.0,294
85198,ASSORTED FARMYARD ANIMALS IN BUCKET,1479.7,3871.0,51
35965,FOLKART HEART NAPKIN RINGS,1476.16,645.0,174
21317,GLASS SPHERE CANDLE STAND MEDIUM,1475.32,360.0,74
21410,COUNTRY COTTAGE  DOORSTOP GREEN,1475.25,315.0,150
20761,BLUE PAISLEY SKETCHBOOK,1475.2,470.0,146
21198,WHITE HEART CONFETTI IN TUBE,1473.95,1283.0,118
21869,POTTING SHED COFFEE MUG,1473.33,1267.0,111
84616,SILVER ROCCOCO CHANDELIER,1472.62,72.0,25
22390,PAPERWEIGHT CHILDHOOD MEMORIES,1468.92,821.0,83
84637,KITCHEN FLOWER POTS WALL PLAQUE,1467.21,586.0,114
23034,DRAWER KNOB CERAMIC BLACK,1466.07,991.0,88
35637A,IVORY STRING CURTAIN WITH POLE,1464.58,552.0,53
23365,SET 12 COLOUR PENCILS LOVE LONDON,1464.38,1859.0,169
22093,MOTORING TISSUE BOX,1464.33,2376.0,275
21159,MOODY BOY  DOOR HANGER,1463.16,2118.0,250
47591d,PINK FAIRY CAKE CHILDRENS APRON,1461.6,290.0,72
23470,CARD HOLDER LOVE BIRD LARGE,1460.5,232.0,84
85135C,RED DRAGONFLY HELICOPTER,1459.83,179.0,111
22929,SCHOOL DESK AND CHAIR,1459.75,23.0,17
22228,BUNNY WOODEN PAINTED WITH BIRD,1458.3,1729.0,275
85098B,BLUE FLYING SINGING CANARY,1456.94,366.0,114
23086,ZINC  STAR T-LIGHT HOLDER,1455.18,1228.0,47
22396,MAGNETS PACK OF 4 RETRO PHOTO,1453.66,1917.0,184
22316,200 BENDY SKULL STRAWS,1452.82,1273.0,119
21292,SMALL STRIPES CHOCOLATE GIFT BAG,1450.91,2477.0,91
22249,DECORATION WHITE CHICK MAGIC GARDEN,1449.96,1654.0,243
84596G,SMALL CHOCOLATES PINK BOWL,1448.67,2233.0,348
22817,CARD SUKI BIRTHDAY,1447.53,3419.0,355
22287,"DECORATION , WOBBLY CHICKEN, METAL",1447.3,1347.0,121
23249,VINTAGE RED ENAMEL TRIM PLATE,1445.9,854.0,81
35004G,SET OF 3 GOLD FLYING DUCKS,1444.91,363.0,76
84313C,ORANGE TV TRAY TABLE,1442.39,548.0,73
20801,LARGE PINK GLASS SUNDAE DISH,1437.22,1096.0,111
85071A,BLUE CHARLIE+LOLA PERSONAL DOORSIGN,1436.34,1914.0,147
22545,MINI JIGSAW BUNNIES,1435.63,3484.0,184
15034,PAPER POCKET TRAVELING FAN,1434.21,10266.0,255
23527,ANIMALS AND NATURE WALL ART,1432.31,421.0,48
22819,"BIRTHDAY CARD, RETRO SPOT",1431.6,3379.0,331
20840,FRENCH FLORAL CUSHION COVER,1428.41,886.0,93
20780,BLACK EAR MUFF HEADPHONES,1428.23,249.0,98
85169A,IVORY LOVE BIRD CANDLE,1427.08,1284.0,151
21532,DAIRY MAID SUGAR JAM BOWL,1423.91,1389.0,90
22917,HERB MARKER ROSEMARY,1423.62,2042.0,252
22924,FRIDGE MAGNETS LA VIE EN ROSE,1422.78,1581.0,95
21358,TOAST ITS - HAPPY BIRTHDAY,1422.47,1147.0,222
21828,EIGHT PIECE SNAKE  SET,1420.43,1118.0,180
90200D,PINK SWEETHEART BRACELET,1418.97,338.0,150
85032D,YULETIDE IMAGES GIFT WRAP SET,1417.78,1193.0,133
21738,COSY SLIPPER SHOES SMALL  RED,1417.06,451.0,131
47503A,ASS FLORAL PRINT MULTI SCREWDRIVER,1416.84,2878.0,195
21011,GLITTER SNOW PEAR TREE DECORATION,1415.85,1869.0,118
21395,BLUE SPOTTY BEAKER,1415.64,2980.0,115
85135B,BLUE DRAGONFLY HELICOPTER,1413.0,174.0,115
22756,LARGE YELLOW BABUSHKA NOTEBOOK,1412.22,1217.0,215
22339,CHRISTMAS TREE PAINTED ZINC,1407.5,3552.0,145
85017B,ENVELOPE 50 BLOSSOM IMAGES,1407.39,2251.0,317
21684,SMALL MEDINA STAMPED METAL BOWL,1405.94,1747.0,104
22685,"FRENCH BLUE METAL DOOR SIGN, 0",1405.87,1087.0,160
23104,IVORY CAFE HANGING LAMP,1405.42,118.0,46
22923,FRIDGE MAGNETS LES ENFANTS ASSORTED,1402.41,1674.0,90
23119,PACK OF 6 LARGE FRUIT STRAWS,1402.32,2283.0,151
23055,IVORY CHANDELIER T-LIGHT HOLDER,1401.43,658.0,38
85087,CANDY SPOT CUSHION COVER,1401.11,421.0,146
21910,WAY OUT METAL SIGN,1399.83,1067.0,111
22916,HERB MARKER THYME,1398.04,2006.0,249
22977,DOLLY GIRL CHILDRENS EGG CUP,1397.66,1061.0,140
21277,FRENCH STYLE EMBOSSED HEART CABINET,1397.19,58.0,48
22984,"CARD, GINGHAM ROSE",1396.78,3410.0,214
84562A,PINK/WHITE RIBBED MELAMINE JUG,1394.16,171.0,78
23040,PAPER LANTERN 9 POINT SNOW STAR,1394.03,253.0,41
84819,DANISH ROSE ROUND SEWING BOX,1393.76,914.0,95
47503K,ASSORTED FLORAL SECATEURS,1393.34,3179.0,42
35957,SMALLFOLKART BAUBLE CHRISTMAS DEC,1392.78,3787.0,148
22250,DECORATION  BUTTERFLY  MAGIC GARDEN,1392.19,1529.0,257
23376,PACK OF 12 VINTAGE CHRISTMAS TISSUE,1389.59,3051.0,155
84685,BEACH HUT KEY CABINET,1388.91,439.0,125
84665,SQUARE CHERRY BLOSSOM CABINET,1388.5,230.0,47
21530,DAIRY MAID CERAMIC TOASTRACK,1388.13,966.0,162
46776B,WOVEN BERRIES CUSHION COVER,1386.07,432.0,153
35599D,PINK AND WHITE CHRISTMAS TREE 120CM,1384.21,409.0,103
21285,RETRO SPOT CANDLE  MEDIUM,1383.67,1012.0,99
20762,GREEN FERN SKETCHBOOK,1381.53,466.0,136
20866,BLUE ROSE FABRIC MIRROR,1381.44,1287.0,191
84396,6 HOOK JEWELLERY STAND BLACK DRESS,1380.52,552.0,49
23414,ZINC BOX SIGN HOME,1378.75,141.0,64
35962,12 ASS ZINC CHRISTMAS DECORATIONS,1376.98,593.0,92
23546,WRAP PAISLEY PARK,1375.5,3275.0,120
20704,MR ROBOT SOFT TOY,1371.42,361.0,80
21059,PARTY INVITES DINOSAURS,1369.81,1621.0,221
21209,MULTICOLOUR HONEYCOMB FAN,1369.69,1477.0,137
23000,TRAVEL CARD WALLET TRANSPORT,1369.12,3171.0,278
22050,PINK PAISLEY ROSE GIFT WRAP,1364.5,3325.0,115
23221,REINDEER HEART DECORATION SILVER,1363.87,1537.0,145
35649,VINTAGE BEAD COSMETIC BAG,1362.9,1826.0,53
22269,EGG CUP NATURAL CHICKEN,1362.71,1524.0,204
16235,RECYCLED PENCIL WITH RABBIT ERASER,1362.27,5943.0,310
22918,HERB MARKER PARSLEY,1361.42,1975.0,249
85071B,RED CHARLIE+LOLA PERSONAL DOORSIGN,1360.2,2448.0,165
84965B,BLUE KASHMIRI COFFEE TABLE,1359.95,27.0,4
35598D,PINK/WHITE CHRISTMAS TREE 60CM,1359.17,1764.0,103
85141,JARDIN ETCHED GLASS FRUITBOWL,1355.99,191.0,71
21945,STRAWBERRIES  DESIGN FLANNEL,1355.72,1903.0,240
23469,CARD HOLDER LOVE BIRD SMALL,1355.24,332.0,72
23061,VINTAGE EMBOSSED HEART,1355.18,1033.0,117
22684,"FRENCH BLUE METAL DOOR SIGN, 9",1353.71,1019.0,162
84466,TOP SECRET PEN SET,1352.11,1259.0,73
17129D,CLEAR COLOUR GLASS GEMS IN BAG,1351.18,1125.0,39
21580,RABBIT  DESIGN  COTTON TOTE BAG,1349.88,551.0,172
22481,BLACK TEA TOWEL CLASSIC DESIGN,1349.34,1305.0,219
21775,DECORATIVE FLORE BATHROOM BOTTLE,1347.62,883.0,277
20798,CLEAR MILKSHAKE GLASS,1345.95,569.0,83
72818,CHRISTMAS DECOUPAGE CANDLE,1345.1,2465.0,127
47593B,SCOTTIES DESIGN BABY BIB,1343.89,2367.0,356
21219,SET/4 BADGES BALLOON GIRL,1340.82,1038.0,176
22051,BLUE SCANDINAVIAN PAISLEY WRAP,1338.5,3225.0,116
85032A,ROMANTIC IMAGES GIFT WRAP SET,1336.76,1448.0,161
84569D,PACK 6 HEART/ICE-CREAM PATCHES,1335.06,1059.0,179
23538,WALL ART VINTAGE HEART,1334.49,332.0,32
20993,JAZZ HEARTS MEMO PAD,1334.11,10967.0,32
22893,MINI CAKE STAND T-LIGHT HOLDER,1330.5,2774.0,182
20933,YELLOW POT PLANT CANDLE,1329.49,505.0,52
22701,PINK DOG BOWL,1329.43,677.0,158
21926,RED/CREAM STRIPE CUSHION COVER,1327.77,1011.0,147
85200,BUNNY EGG BOX,1321.59,1047.0,105
23405,HOME SWEET HOME 2 DRAWER CABINET,1321.38,254.0,70
22761,CHEST 7 DRAWER MA CAMPAGNE,1320.48,54.0,34
72800B,S/4 PURPLE DINNER CANDLE BLK FLOCK,1320.13,1002.0,91
35648,VINTAGE BEAD PINK PURSE,1319.81,1057.0,143
22232,JIGSAW TOADSTOOLS 3 PIECE,1318.99,1109.0,158
20760,GARDEN PATH POCKET BOOK,1317.91,5555.0,81
84658,WHITE STITCHED CUSHION COVER,1317.81,231.0,64
22097,SWALLOW SQUARE TISSUE BOX,1317.69,2100.0,242
22181,SNOWSTORM PHOTO FRAME FRIDGE MAGNET,1317.65,1567.0,138
21880,RED AND WHITE SPOT TAPE,1314.24,2519.0,329
84688,BEACH HUT DESIGN BLACKBOARD,1313.52,422.0,81
23373,VINTAGE CHRISTMAS PAPER GIFT BAG,1313.39,1608.0,100
85170D,SET/6 PINK BIRD T-LIGHT CANDLES,1311.09,727.0,151
21248,DOOR HANGER  MUM + DADS ROOM,1309.7,1050.0,158
82613D,METAL SIGN CUPCAKE SINGLE HOOK,1309.46,1198.0,271
21842,PINK HEART CANDY BUTTON CALCULATOR,1308.74,551.0,47
84609,TALL ROCOCO CANDLE HOLDER,1306.22,144.0,38
22543,MINI JIGSAW BAKE A CAKE,1304.61,3300.0,118
85025C,PINK HEART SHAPE PHOTO FRAME,1304.18,729.0,125
85231G,ORANGE SCENTED SET/9 T-LIGHTS,1304.06,1496.0,253
20765,CHRYSANTHEMUM SKETCHBOOK,1302.56,452.0,146
20738,GREEN MINI TAPE MEASURE,1301.72,1610.0,74
16225,RATTLE SNAKE EGGS,1298.93,1530.0,165
22105,MIRROR MOSAIC GOBLET CANDLE HOLDER,1298.91,693.0,55
17091A,LAVENDER INCENSE IN TIN,1298.77,2096.0,117
79191C,RETRO PLASTIC ELEPHANT TRAY,1298.01,1624.0,157
22258,FELT FARM ANIMAL RABBIT,1294.8,1345.0,131
22267,EASTER DECORATION EGG BUNNY,1292.72,1473.0,117
46776A,WOVEN BUBBLE GUM CUSHION COVER,1291.65,408.0,121
85006,SET 4 NURSERY DES ROUND BOXES,1289.31,3049.0,37
84625A,PINK NEW BAROQUECANDLESTICK CANDLE,1287.49,861.0,81
21063,PARTY INVITES JAZZ HEARTS,1286.87,1492.0,238
46775E,CANDY POP CHUNKY KNITTED THROW,1282.9,101.0,51
22919,HERB MARKER MINT,1281.94,1833.0,248
20777,CHRYSANTHEMUM NOTEBOOK,1280.97,3669.0,169
22999,TRAVEL CARD WALLET RETRO PETALS,1280.31,2960.0,222
22214,CANDLE PLATE LACE WHITE,1279.79,549.0,92
84816,DANISH ROSE BEDSIDE CABINET,1278.35,33.0,20
22268,EASTER DECORATION SITTING BUNNY,1278.09,2562.0,236
22389,PAPERWEIGHT SAVE THE PLANET,1276.12,659.0,92
21689,SILVER VANILLA  FLOWER CANDLE POT,1275.62,344.0,60
21425,SKULLS STORAGE BOX LARGE,1274.93,505.0,95
21759,METAL WALL SHELF UNIT WITH HOOKS,1274.47,30.0,13
23072,MARIE ANTOINETTE TRINKET BOX SILVER,1273.76,334.0,30
21549,CERAMIC BIRDHOUSE RED ROOF SMALL,1270.39,547.0,51
85136A,YELLOW SHARK HELICOPTER,1269.06,156.0,106
85163B,BLACK BAROQUE WALL CLOCK,1268.66,115.0,66
21253,SET OF PICTURE FRAME  STICKERS,1266.5,343.0,122
22808,SET OF 6 T-LIGHTS EASTER CHICKS,1264.53,427.0,83
77101A,UNION FLAG WINDSOCK,1263.47,1088.0,88
85130A,BEADED PEARL HEART WHITE LARGE,1262.09,737.0,86
85159A,"BLACK TEA,COFFEE,SUGAR JARS",1261.68,494.0,82
22062,CERAMIC BOWL WITH LOVE HEART DESIGN,1261.15,769.0,126
22290,STANDING METAL RABBIT WITH EGG,1260.82,688.0,78
79163,BLACK CHAMPAGNE GLASS,1260.63,1845.0,64
21752,GLASS CAKE STAND MIRRORED BASE,1259.76,78.0,37
48173c,DOOR MAT BLACK FLOCK,1259.39,78.0,37
22280,POCKET BAG PINK PAISELY BROWN SPOT,1258.34,884.0,158
40003,WHITE BAMBOO RIBS LAMPSHADE,1258.27,1151.0,60
22921,HERB MARKER CHIVES,1256.54,1806.0,220
21145,ANTIQUE GLASS PLACE SETTING,1256.21,869.0,49
23511,EMBROIDERED RIBBON REEL EMILY,1256.17,573.0,98
23071,MARIE ANTOINETTE TRINKET BOX GOLD,1255.1,319.0,19
20825,GOLD WINE GLASS,1255.08,361.0,7
20731,POSY CANDY BAG,1254.17,4143.0,73
79066K,RETRO MOD TRAY,1250.32,1434.0,240
84967B,BLUE KASHMIRI OCCASIONAL TABLE,1249.45,24.0,11
23067,HANGING ENGRAVED METAL HEART,1249.11,297.0,78
20707,CRAZY DAISY HEART DECORATION,1248.69,1616.0,199
21438,TUB 24 HANGING EASTER EGGS SPOTTY,1248.57,378.0,36
21883,STARS GIFT TAPE,1244.4,2414.0,226
84910A,PINK PAISLEY CUSHION COVER,1242.29,434.0,53
23138,SINGLE WIRE HOOK IVORY HEART,1238.76,884.0,82
85162A,SILVER RETRODISC LAMPSHADE,1234.27,607.0,20
22216,T-LIGHT HOLDER WHITE LACE,1232.43,1406.0,116
20771,CHRYSANTHEMUM  JOURNAL,1229.73,629.0,140
23539,WALL ART LOVES' SECRET,1227.95,247.0,41
16046,TEATIME PEN CASE & PENS,1227.75,10061.0,59
84559A,3D SHEET OF DOG STICKERS,1227.51,1359.0,230
22403,MAGNETS PACK OF 4 VINTAGE LABELS,1223.8,1736.0,212
23142,IVORY WIRE KITCHEN ORGANISER,1220.82,121.0,40
72819,CUPID DESIGN SCENTED CANDLES,1219.83,710.0,92
23598,PAPER BUNTING VINTAGE PARTY,1218.48,428.0,47
72232,FENG SHUI PILLAR CANDLE,1216.38,6402.0,118
21904,HOUSE WRECKING METAL SIGN,1216.22,764.0,145
22233,JIGSAW RABBIT AND BIRDHOUSE,1215.65,953.0,164
22265,EASTER DECORATION NATURAL CHICK,1215.56,1853.0,168
21261,GREEN GOOSE FEATHER CHRISTMAS TREE,1214.7,292.0,77
21490,SET OF THREE 50'S GIFT WRAPS,1214.5,639.0,55
84687,BEACH HUT SHELF W 3 DRAWERS,1214.01,315.0,73
22256,FELT FARM ANIMAL CHICKEN,1213.83,943.0,119
84823,DANISH ROSE FOLDING CHAIR,1210.0,120.0,29
22252,BIRDCAGE DECORATION TEALIGHT HOLDER,1206.81,981.0,113
22102,MIRROR MOSAIC T-LIGHT HOLDER,1206.54,1851.0,59
21396,RED SPOTTY EGG CUP,1205.25,948.0,77
85129D,BEADED CRYSTAL HEART PINK SMALL,1204.83,800.0,168
21130,COLOURFUL STANDING GNOME,1204.38,722.0,49
21366,MIRRORED WALL ART PHOTO FRAMES,1203.57,247.0,77
21650,ASSORTED TUTTI FRUTTI BRACELET,1203.52,3262.0,197
84674,FLYING PIG WATERING CAN,1202.49,468.0,106
23026,DRAWER KNOB VINTAGE GLASS STAR,1201.04,557.0,62
84815,SET OF 3 DANISH ROSE PLANTERS,1200.82,930.0,53
23444,Next Day Carriage,1200.0,79.0,79
84313B,BLUE TV TRAY TABLE,1198.0,229.0,83
84678,CLASSICAL ROSE SMALL VASE,1196.29,623.0,81
20934,SET/3 POT PLANT CANDLES,1195.97,199.0,74
84830,LARGE ENGLISH ARBORETUM,1195.15,113.0,7
21393,BLUE  SPOTTY PUDDING BOWL,1191.71,5253.0,43
85118,HEART T-LIGHT HOLDER,1189.42,2132.0,81
22615,PACK OF 12 CIRCUS PARADE TISSUES,1189.36,3866.0,188
84750A,PINK SMALL GLASS CAKE STAND,1189.23,544.0,105
21815,STAR  T-LIGHT HOLDER,1187.67,750.0,92
47503E,ASS FLORAL PRINT SCISSORS,1186.9,6842.0,25
21312,LARGE CHUNKY GLASS ROMAN BOWL,1185.92,300.0,26
85124C,GREEN JUICY FRUIT PHOTO FRAME,1185.05,449.0,121
22806,SET OF 6 T-LIGHTS WEDDING CAKE,1184.42,442.0,57
21806,WHITE CHRISTMAS HEART DECORATION,1183.63,2717.0,128
23041,PAPER LANTERN 6 POINT SNOW STAR,1178.48,272.0,54
22718,CARD CAT AND TREE,1178.34,2691.0,264
23225,CHERUB HEART DECORATION SILVER,1177.0,1356.0,88
22048,BIRTHDAY BANQUET GIFT WRAP,1176.8,2840.0,102
23431,NATURAL HANGING QUILTED HEARTS,1175.38,1454.0,72
72598,SET/12 TAPER CANDLES,1175.15,1270.0,158
22814,CARD PARTY GAMES,1173.88,2783.0,295
23523,WALL ART TREASURE AHOY,1173.81,360.0,41
20892,SET/3 TALL GLASS CANDLE HOLDER PINK,1171.83,106.0,38
22264,FELT FARM ANIMAL WHITE BUNNY,1171.73,2036.0,168
37475,SET/4 COLOURFUL MIXING BOWLS,1170.51,117.0,72
23418,LAVENDER TOILETTE BOTTLE,1168.08,558.0,79
23508,MINI PLAYING CARDS DOLLY GIRL,1165.13,2631.0,120
23515,EMBROIDERED RIBBON REEL DAISY,1164.98,579.0,71
22253,6 CROCHET STRAWBERRIES,1164.53,969.0,86
21942,SKULLS DESIGN FLANNEL,1164.5,1689.0,221
23269,SET OF 2 CERAMIC CHRISTMAS TREES,1163.13,786.0,94
17021,NAMASTE SWAGAT INCENSE,1163.04,4436.0,76
21649,ASSORTED TUTTI FRUTTI PHOTO FRAME,1162.89,421.0,29
23566,EGG CUP MILKMAID HEIDI,1159.43,883.0,83
21763,VINTAGE WOODEN BAR STOOL,1157.9,43.0,17
84847,FLORAL BATHROOM SET,1157.23,2332.0,49
22255,FELT TOADSTOOL  SMALL,1156.78,1218.0,142
23507,MINI PLAYING CARDS BUFFALO BILL,1156.51,2884.0,119
21413,PERIWINKLE T-LIGHT HOLDER,1156.22,3174.0,52
21316,SMALL CHUNKY GLASS ROMAN  BOWL,1154.97,695.0,47
20867,PINK ROSE FABRIC MIRROR,1154.45,1141.0,153
20669,RED HEART LUGGAGE TAG,1153.2,824.0,214
20622,VIPPASSPORT COVER,1152.83,590.0,128
23402,HOME SWEET HOME 3 PEG HANGER,1151.03,297.0,68
84596E,SMALL LICORICE DES PINK BOWL,1149.52,1136.0,201
21817,GLITTER CHRISTMAS TREE,1148.06,1772.0,130
20932,PINK POT PLANT CANDLE,1147.72,334.0,81
21555,CERAMIC STRAWBERRY TRINKET TRAY,1146.67,431.0,134
22116,METAL SIGN HIS DINNER IS SERVED,1145.2,835.0,198
22040,BOTANICAL ROSE GIFT WRAP,1144.3,2815.0,94
20832,RED FLOCK LOVE HEART PHOTO FRAME,1143.71,1714.0,158
84750B,BLACK SMALL GLASS CAKE STAND,1142.02,609.0,78
22715,CARD WEDDING DAY,1140.67,2731.0,218
23506,MINI PLAYING CARDS SPACEBOY,1139.2,2747.0,146
85110,BLACK SILVER FLOWER T-LIGHT HOLDER,1138.04,11520.0,23
22598,CHRISTMAS MUSICAL ZINC TREE,1137.26,1799.0,144
37424,WHITE WITH BLACK CATS MUG,1136.38,5251.0,108
84360,TABLE LAMP WHITE SHADE WOOD BASE,1136.19,217.0,40
22230,JIGSAW TREE WITH WATERING CAN,1135.78,1659.0,193
20700,GREEN CAT FLORAL CUSHION COVER,1135.22,421.0,103
85212,MINI PAINTED GARDEN DECORATION,1134.65,2872.0,121
21850,BLUE  DIAMANTE PEN IN GIFT BOX,1132.15,460.0,106
84625C,BLUE NEW BAROQUE CANDLESTICK CANDLE,1130.37,804.0,71
85224,ASSORTED COLOUR SILK GLASSES CASE,1129.36,2008.0,61
21040,MODERN VINTAGE COTTON SHOPPING BAG,1128.4,895.0,68
37482B,CUBIC MUG BLUE POLKA DOT,1127.91,1251.0,9
22532,MAGIC DRAWING SLATE LEAP FROG,1125.47,2919.0,175
21010,ETCHED GLASS BIRD TREE DECORATION,1122.26,856.0,83
21944,KITTENS DESIGN FLANNEL,1120.14,1798.0,204
23510,MINI PLAYING CARDS GYMKHANA,1119.22,2522.0,120
47504H,ENGLISH ROSE SPIRIT LEVEL,1118.92,1031.0,140
23411,TRELLIS COAT RACK,1118.61,227.0,56
17096,ASSORTED LAQUERED INCENSE HOLDERS,1117.94,6243.0,76
22997,TRAVEL CARD WALLET UNION JACK,1115.93,2595.0,222
21632,VINTAGE PINK DECORATIVE PARASOL,1114.46,134.0,53
23513,EMBROIDERED RIBBON REEL SUSIE,1114.26,566.0,70
84631,FRUIT TREE AND BIRDS WALL PLAQUE,1114.11,289.0,50
85131D,BEADED CRYSTAL HEART PINK\ON STICK,1112.66,1466.0,267
20615,BLUE SPOTTY PASSPORT COVER,1111.47,647.0,195
21666,RIDGED GLASS T-LIGHT HOLDER,1110.71,1767.0,85
23375,50'S CHRISTMAS PAPER GIFT BAG,1108.89,1352.0,103
23433,HANGING QUILTED PATCHWORK APPLES,1108.58,1258.0,89
21202,DOLLY HONEYCOMB GARLAND,1108.43,857.0,66
21758,VINTAGE SHELLS PRINT,1107.92,138.0,79
84358,FLOOR LAMP SHADE WOOD BASE,1107.43,122.0,29
20755,BLUE PAISLEY POCKET BOOK,1105.8,5162.0,122
20782,CAMOUFLAGE EAR MUFF HEADPHONES,1105.44,171.0,87
37479B,CUBIC MUG FLOCK BLUE ON BROWN,1103.5,1256.0,32
84559B,3D SHEET OF CAT STICKERS,1102.02,1234.0,195
21839,MUMMY MOUSE RED GINGHAM RIBBON,1101.94,204.0,83
84638,SMALL KITCHEN FLOWER POTS PLAQUE,1101.55,400.0,69
47587A,PINK FAIRY CAKE COASTER,1099.88,2706.0,26
22709,WRAP WEDDING DAY,1099.58,2799.0,77
21131,GOLD STANDING GNOME,1098.86,276.0,49
21779,MA CAMPAGNE MINI WOODEN CHEST,1097.8,301.0,22
84509C,DOTTY PLACEMATS,1097.33,279.0,96
84707A,SILVER JEWELLED MIRROR TRINKET TRAY,1095.63,130.0,64
84989A,75 GREEN FAIRY CAKE CASES,1095.07,2123.0,152
84791,GINGHAM HEART DECORATION,1094.98,337.0,106
85093,CANDY SPOT EGG WARMER HARE,1094.97,1363.0,152
84247E,PACK/12 XMAS FUN CARD,1093.55,386.0,96
21690,SILVER  CANDLEPOT JARDIN,1092.09,285.0,82
72815,3 WICK CHRISTMAS BRIAR CANDLE,1091.83,283.0,70
23087,ZINC  HEART T-LIGHT HOLDER,1090.66,868.0,69
23432,PRETTY HANGING QUILTED HEARTS,1090.02,1278.0,74
85008,SET OF 3 CONEY ISLAND OVAL BOXES,1088.69,274.0,99
23102,SILVER HEARTS TABLE DECORATION,1086.65,1288.0,157
22511,RETROSPOT BABUSHKA DOORSTOP,1084.16,407.0,111
84923,PINK BUTTERFLY HANDBAG W BOBBLES,1080.87,248.0,150
22821,GIFT BAG PSYCHEDELIC APPLES,1080.6,1711.0,186
85078,SCANDINAVIAN 3 HEARTS NAPKIN RING,1079.44,2284.0,162
22860,EASTER TIN CHICKS PINK DAISY,1079.0,623.0,111
21827,EIGHT PIECE CREEPY CRAWLIE SET,1078.89,843.0,134
21061,PARTY INVITES FOOTBALL,1078.01,1433.0,163
23347,I LOVE LONDON BEAKER,1077.3,860.0,97
85099f,JUMBO BAG STRAWBERRY,1077.08,213.0,25
85126,LARGE ROUND CUTGLASS CANDLESTICK,1075.91,157.0,34
35651,VINTAGE BEAD PINK SCARF,1073.75,460.0,63
72800D,S/4 BLUE DINNER CANDLE SILVER FLOCK,1071.21,651.0,86
85163A,WHITE BAROQUE WALL CLOCK,1070.92,104.0,57
21269,ANTIQUE CREAM CUTLERY SHELF,1070.82,117.0,65
35646,VINTAGE BEAD PINK EVENING BAG,1068.91,647.0,104
21664,RIDGED GLASS STORAGE JAR CREAM LID,1068.57,268.0,67
72800F,4 IVORY DINNER CANDLES GOLD FLOCK,1067.84,825.0,67
23033,DRAWER KNOB CERAMIC RED,1067.6,720.0,74
22856,ASSORTED EASTER DECORATIONS  BELLS,1067.35,883.0,32
85144,JARDIN ETCHED GLASS BUTTER DISH,1065.25,291.0,70
21725,SWEETIES  STICKERS,1064.12,1159.0,173
20839,FRENCH PAISLEY CUSHION COVER,1063.77,642.0,118
23516,EMBROIDERED RIBBON REEL SOPHIE,1062.35,297.0,42
23331,DECORATIVE WICKER HEART SMALL,1062.28,1596.0,109
37327,ASSTD MULTICOLOUR CIRCLES MUG,1062.22,1746.0,88
22995,TRAVEL CARD WALLET SUKI,1062.0,2389.0,266
85179B,WHITE BITTY LIGHT CHAIN,1061.25,247.0,45
22857,ASSORTED EASTER GIFT TAGS,1060.18,1244.0,66
21825,PAINTED METAL TREE WITH HOLLY BELLS,1058.99,737.0,75
22134,LADLE LOVE HEART RED,1057.57,2374.0,298
20783,HEART EAR MUFF HEADPHONES,1056.89,166.0,55
22049,WRAP CHRISTMAS SCREEN PRINT,1056.75,3625.0,114
16047,POP ART PEN CASE & PENS,1056.4,10614.0,31
20671,BLUE TEATIME PRINT BOWL,1052.47,797.0,143
84908B,BLUE 5 PATCH FLOWER CUSHION COVER,1052.29,435.0,35
84908A,PINK 5 PATCH FLOWER CUSHION COVER,1052.11,433.0,36
23327,HANGING CLEAR MINI BOTTLE,1051.14,1734.0,41
22953,BIRTHDAY PARTY CORDON BARRIER TAPE,1051.05,842.0,119
84965A,PINK KASHMIRI COFFEE TABLE,1050.0,20.0,3
18007,ESSENTIAL BALM 3.5g TIN IN ENVELOPE,1048.76,11424.0,72
21814,HEART T-LIGHT HOLDER,1048.51,691.0,95
85104,SILVER GLASS T-LIGHT SET,1048.09,359.0,56
72750B,"F.FAIRY S/3 CANDLE/GLASS,LAVENDER",1047.2,496.0,39
84030e,ENGLISH ROSE HOT WATER BOTTLE,1047.16,128.0,46
82616C,MIDNIGHT GLAMOUR SCARF KNITTING KIT,1045.94,640.0,142
23419,HOME SWEET HOME BOTTLE,1045.8,474.0,86
46775A,BUBBLE GUM CHUNKY KNITTED THROW,1044.23,83.0,32
21721,CANDY SHOP  STICKER SHEET,1042.72,1140.0,144
22266,EASTER DECORATION HANGING BUNNY,1042.71,2546.0,161
84405A,S/3 PINK COL METAL BASKET W HANDLE,1042.16,129.0,50
20652,BLUE SPOTTY LUGGAGE TAG,1041.06,1525.0,172
21014,SWISS CHALET TREE DECORATION,1040.36,1975.0,189
85124A,PINK JUICY FRUIT PHOTO FRAME,1037.13,377.0,95
22717,CARD DOG AND BALL,1036.09,2444.0,215
84985A,SET OF 72 GREEN PAPER DOILIES,1034.08,655.0,153
23088,ZINC HEART FLOWER T-LIGHT HOLDER,1033.28,795.0,79
85160B,BLACK BIRD GARDEN DESIGN MUG,1032.7,6155.0,36
84709B,PINK OVAL JEWELLED MIRROR,1032.33,179.0,86
21417,COCKLE SHELL DISH,1032.31,505.0,118
85180B,PINK HEARTS LIGHT CHAIN,1031.48,365.0,67
22643,SET OF 4 NAPKIN CHARMS LEAVES,1029.98,474.0,96
22247,BUNNY DECORATION MAGIC GARDEN,1027.89,1190.0,182
84686,BEACH HUT MIRROR,1027.79,389.0,76
21836,GINGHAM OVEN GLOVE RED HEART,1026.63,253.0,100
23545,WRAP RED DOILEY,1025.6,2480.0,84
35923,CANDY HEART HANGING DECORATION,1025.02,1546.0,112
84596L,BISCUITS SMALL BOWL LIGHT BLUE,1023.14,1543.0,255
21427,SKULLS STORAGE BOX SMALL,1023.02,517.0,119
35599B,BLACK CHRISTMAS TREE 120CM,1022.09,276.0,51
23452,HEART MINI PORTRAIT FRAME,1021.76,518.0,87
35653,VINTAGE BEAD NOTEBOOK,1020.92,320.0,113
21636,MADRAS NOTEBOOK MEDIUM,1020.84,1032.0,98
20619,TROPICAL PASSPORT COVER,1020.73,580.0,194
84929,ASSTD FRUIT+FLOWERS FRIDGE MAGNETS,1020.72,3120.0,93
23153,ZINC SWEETHEART WIRE LETTER RACK,1020.69,263.0,90
22420,LIPSTICK PEN BABY PINK,1020.27,2118.0,234
47589,CONGRATULATIONS BUNTING,1019.63,185.0,76
85031C,CURIOUS IMAGES SCRAP BOOK SET,1017.48,481.0,106
23544,WALL ART MID CENTURY MODERN,1015.78,164.0,20
72586,"S/6 HALLOWEEN GHOST T LIGHTS, 5CM H",1014.34,2309.0,183
20730,STRAWBERRY CANDY BAG,1011.7,2218.0,102
85170C,SET/6 EAU DE NIL BIRD T-LIGHTS,1009.85,549.0,107
23107,WHITE HEARTS WIRE PLANT POT HOLDER,1009.51,359.0,73
21084,SET/6 COLLAGE PAPER CUPS,1008.81,2929.0,223
84905,PINK BUTTERFLY CUSHION COVER,1007.91,269.0,105
71279,PINK GLASS CANDLEHOLDER,1007.52,304.0,78
23460,SWEETHEART WALL TIDY,1007.08,108.0,43
47310M,"SMALL POP BOX,FUNKY MONKEY",1006.19,747.0,172
82613B,"METAL SIGN,CUPCAKE SINGLE HOOK",1005.64,905.0,223
21127,COLOURFUL FISHING GNOME,1003.98,298.0,48
21250,SET OF SKULL WALL STICKERS,1003.45,404.0,60
23121,PACK OF 6 COCKTAIL PARASOL STRAWS,1002.54,2506.0,111
22108,PING! MICROWAVE PLATE,1002.26,320.0,128
23281,FOLDING BUTTERFLY MIRROR RED,1000.82,1280.0,101
85018D,YULETIDE IMAGES S/6 PAPER BOXES,1000.5,799.0,80
82616B,FRAPPUCINO SCARF KNITTING KIT,1000.27,614.0,126
84907,PINK YELLOW PATCH CUSHION COVER,999.17,391.0,36
23533,WALL ART GARDEN HAVEN,998.64,215.0,36
20617,FIRST CLASS PASSPORT COVER,997.2,499.0,105
35958,FOLKART ZINC STAR CHRISTMAS DEC,996.53,1145.0,82
22529,MAGIC DRAWING SLATE GO TO THE FAIR,996.45,2470.0,155
23517,EMBROIDERED RIBBON REEL REBECCA,996.38,334.0,63
20705,MRS ROBOT SOFT TOY,996.19,273.0,53
84660C,PINK STITCHED WALL CLOCK,995.6,726.0,85
85025B,EAU DE NILE HEART SHAPE PHOTO FRAME,995.36,575.0,95
84918,CREAM C/COVER W YELLOW/GREEN FLOWER,995.12,208.0,63
20773,BLUE PAISLEY NOTEBOOK,993.68,3357.0,117
72484,ROSES IN WHITE HEART CANDLE,991.38,1818.0,64
85049e,SCANDINAVIAN REDS RIBBONS,990.69,297.0,61
84964B,BLUE PAINTED KASHMIRI TABLE,990.0,17.0,2
21335,LIBRARY LAMP,989.62,42.0,28
78124,MAGAZINE RACK GEBRA ASSORTED,987.36,737.0,31
20878,SET/9 CHRISTMAS T-LIGHTS SCENTED,986.26,764.0,85
20661,BLUE SPOTTY PURSE,985.96,900.0,123
21303,FILIGREE WALL MIRROR  ANTIQUE WHITE,985.54,96.0,30
23380,PACK OF 12 VINTAGE DOILY TISSUES,983.5,2344.0,121
23518,EMBROIDERED RIBBON REEL RACHEL,983.3,362.0,44
85019B,BLOSSOM  IMAGES NOTEBOOK SET,982.47,718.0,47
21208,PASTEL COLOUR HONEYCOMB FAN,980.27,1079.0,120
21691,SILVER VANILLA FLOWER CANDLE POT,979.74,254.0,72
72814,SET/3 CHRISTMAS BRIAR CANDLES,979.17,269.0,54
22512,DOORSTOP RACING CAR DESIGN,978.79,389.0,71
23514,EMBROIDERED RIBBON REEL SALLY,977.39,478.0,74
20774,GREEN FERN NOTEBOOK,977.33,3493.0,119
23512,EMBROIDERED RIBBON REEL ROSIE,977.32,501.0,57
20830,SILVER PHOTO FRAME,977.21,413.0,82
22104,MIRROR MOSAIC CANDLE PLATE,974.72,1191.0,99
90175A,WHITE GLASS CHUNKY CHARM BRACELET,973.4,108.0,62
84873a,FUNKY FLOWER PICNIC BAG FOR 4,973.36,88.0,59
85111,SILVER GLITTER FLOWER VOTIVE HOLDER,972.63,2931.0,77
85124B,BLUE JUICY FRUIT PHOTO FRAME,971.62,366.0,102
85189,HANGING BUTTERFLY  EGG,971.35,1180.0,68
84800L,LARGE WHITE/PINK ROSE ART FLOWER,970.79,650.0,38
85130D,BEADED CRYSTAL HEART PINK LARGE,970.4,795.0,107
21129,SILVER FISHING GNOME,970.29,127.0,60
21562,HAWAIIAN GRASS SKIRT,970.28,678.0,73
20998,ROSE DU SUD OVEN GLOVE,969.23,332.0,127
85197,SET OF 12 MINI BUNNIES IN A BUCKET,967.86,1673.0,74
23183,MOTHER'S KITCHEN SPOON REST,967.17,226.0,84
20758,ABSTRACT CIRCLES POCKET BOOK,967.02,5441.0,95
21299,EDWARDIAN TOILET ROLL UNIT,966.35,166.0,34
17012C,ORIGAMI LAVENDER INCENSE/CANDL SET,965.5,862.0,113
21726,MULTI HEARTS  STICKERS,964.06,1114.0,155
21060,PARTY INVITES BALLOON GIRL,962.75,1288.0,151
85032B,BLOSSOM IMAGES GIFT WRAP SET,961.14,994.0,152
85032C,CURIOUS IMAGES GIFT WRAP SET,960.49,894.0,161
21641,ASSORTED TUTTI FRUTTI KEYRING BALL,959.59,1674.0,111
22994,TRAVEL CARD WALLET RETROSPOT,958.2,2197.0,218
72753B,S/3 FLWR FAIRY LAVENDER CANDLES,957.73,445.0,14
21805,WHITE CHRISTMAS TREE DECORATION,957.63,2221.0,103
90147,CHUNKY SILVER NECKLACE PASTEL FLOWE,957.35,95.0,58
84664,CHERRY BLOSSOM BATHROOM CABINET,955.35,193.0,51
84341B,SMALL PINK MAGIC CHRISTMAS TREE,954.32,1791.0,121
20778,GARDEN PATH NOTEBOOK,952.61,3616.0,90
22096,PINK PAISLEY SQUARE TISSUE BOX,951.61,1680.0,180
22143,CHRISTMAS CRAFT HEART DECORATIONS,947.08,448.0,70
23540,WALL ART THE MAGIC FOREST,947.06,150.0,14
37492B,BLUE YELLOW FLOWER PIGGY BANK,946.72,489.0,44
21331,MOROCCAN BEATEN METAL DISH LARGE,946.68,110.0,30
35954,SMALL FOLKART STAR CHRISTMAS DEC,946.55,2387.0,111
23178,JAM CLOCK MAGNET,943.92,330.0,68
85031A,ROMANTIC IMAGES SCRAP BOOK SET,943.44,477.0,102
21720,CAKE SHOP  STICKER SHEET,941.71,1082.0,112
20831,GOLD PHOTO FRAME,940.56,480.0,79
20775,DAISY NOTEBOOK,939.8,3611.0,112
84817,DANISH ROSE DECORATIVE PLATE,937.44,1059.0,79
85121B,RETRO LAUNDRY TUB PINK,936.74,86.0,48
84963A,PINK PAINTED KASHMIRI CHAIR,935.15,27.0,9
85226A,WHITE/BLUE PULL BACK RACING CAR,934.72,1717.0,144
22647,CERAMIC LOVE HEART MONEY BANK,934.59,1067.0,82
82001s,VINYL RECORD FRAME SILVER,932.98,125.0,29
20903,VINTAGE KEEPSAKE BOX TRAVELOGUE,932.5,189.0,86
82607A,GLASS BONBON JAR PARFUME AUX FLEURE,932.47,670.0,159
85019A,ROMANTIC IMAGES NOTEBOOK SET,932.04,651.0,49
47504E,ENGLISH ROSE SCISSORS,931.86,4387.0,48
23179,CLOCK MAGNET MUM'S KITCHEN,930.48,324.0,53
72800C,S/4 PINK DINNER CANDLE SILVER FLOCK,929.94,662.0,78
84826,ASSTD DESIGN 3D PAPER STICKERS,929.43,1805.0,51
23413,VINTAGE COFFEE GRINDER BOX,929.11,177.0,58
21264,WHITE GOOSE FEATHER TREE 60CM,927.66,394.0,68
37330,SPOTS MUG,927.46,517.0,28
21724,PANDA AND BUNNIES STICKER SHEET,926.47,1038.0,178
22703,PINK CAT BOWL,926.01,515.0,165
23099,FRENCH CARRIAGE LANTERN,925.35,137.0,58
23002,TRAVEL CARD WALLET SKULLS,925.29,2145.0,192
22936,BAKING MOULD ROSE WHITE CHOCOLATE,925.22,288.0,50
21220,SET/4 BADGES DOGS,924.97,684.0,159
85130B,BEADED CRYSTAL HEART GREEN LARGE,921.69,912.0,83
85121C,RETRO LAUNDRY TUB PISTACHIO,918.91,98.0,53
72529W,WHITE ADVENT CANDLE,918.75,464.0,47
21702,SET 5 MINI GATEAUX  FRIDGE MAGNETS,918.68,2636.0,8
72045D,ROSES ON BLUE TEACUP CANDLE,918.65,539.0,6
84600,NEW BAROQUE JEWELLERY BOX,918.27,108.0,52
85214,TUB 24 PINK FLOWER PEGS,917.58,533.0,169
23338,EGG FRYING PAN RED,915.4,431.0,109
21007,ETCHED GLASS DROPLET DECORATION,914.67,1927.0,48
20757,RED DAISY POCKET BOOK,914.5,5375.0,78
46000P,POLYESTER FILLER PAD 65CMx65CM,913.75,215.0,49
37482P,CUBIC MUG PINK POLKA DOT,913.54,680.0,83
46776C,WOVEN FROST CUSHION COVER,913.52,260.0,96
84086C,PINK/PURPLE RETRO RADIO,913.39,305.0,88
21320,GLASS CHALICE GREEN  LARGE,913.34,398.0,56
35598B,BLACK CHRISTMAS TREE 60CM,911.77,961.0,57
21676,FLOWERS  STICKERS,909.87,1212.0,159
21147,JINGLE BELLS TREE DECORATION,909.46,494.0,118
84974,S/2 ZINC HEART DESIGN PLANTERS,909.4,92.0,57
23472,NINE DRAWER OFFICE TIDY,909.37,59.0,33
72349b,SET/6 PURPLE BUTTERFLY T-LIGHTS,907.35,218.0,112
23004,TRAVEL CARD WALLET PANTRY,906.94,2011.0,221
22164,STRING OF STARS CARD HOLDER,906.83,322.0,49
22707,WRAP MONSTER FUN,905.94,2157.0,83
22248,DECORATION  PINK CHICK MAGIC GARDEN,904.86,1016.0,173
21318,GLASS CHALICE BLUE SMALL,903.72,974.0,93
20803,SMALL PINK GLASS SUNDAE DISH,903.5,1166.0,84
21480,PINK STRIPE HOT WATER BOTTLE,902.47,286.0,57
21444,BLUE CHALET BIRDFEEDER,902.03,291.0,36
23532,WALL ART WORK REST AND PLAY,901.58,210.0,31
84660B,BLACK STITCHED WALL CLOCK,901.06,747.0,61
85031B,BLOSSOM IMAGES SCRAP BOOK SET,901.04,497.0,85
84820,DANISH ROSE TRINKET TRAYS,900.95,325.0,54
21270,ANTIQUE CREAM CUTLERY CUPBOARD,899.93,78.0,51
20941,FROG CANDLE,898.79,999.0,124
20913,SET/5 BLUE SPOTTY LID GLASS BOWLS,898.72,314.0,43
21062,PARTY INVITES SPACEMAN,897.12,1078.0,136
23502,PLAYING CARDS VINTAGE DOILY,896.41,714.0,94
17109B,FLOWER FAIRY INCENSE LAVENDER,896.34,4542.0,17
84760L,LARGE HANGING GLASS+ZINC LANTERN,896.0,560.0,1
90200C,BLUE SWEETHEART BRACELET,895.84,211.0,98
20759,CHRYSANTHEMUM POCKET BOOK,895.38,5782.0,63
90200E,GREEN SWEETHEART BRACELET,895.2,214.0,91
84666,SQUARE CHERRY BLOSSOM CABINET,892.7,226.0,33
85194S,HANGING SPRING FLOWER EGG SMALL,889.46,1760.0,131
17012B,ORIGAMI JASMINE INCENSE/CANDLE SET,885.02,728.0,126
20991,JAZZ HEARTS MAGNETIC MEMO PAD,884.56,7084.0,32
22486,PLASMATRONIC LAMP,881.9,106.0,40
23479,WIRE EGG BASKET,880.23,114.0,44
84925F,PSYCHEDELIC WALL THERMOMETER,878.21,716.0,34
72799A,BLACK PILLAR CANDLE SILVER FLOCK,877.8,612.0,18
23423,PANTRY 3 HOOK ROLLING PIN HANGER,876.9,219.0,66
21185,HOME SWEET HOME  BLACKBOARD,876.29,132.0,44
21635,MADRAS NOTEBOOK LARGE,873.99,403.0,42
22547,MINI JIGSAW DINOSAUR,873.73,2041.0,189
21338,MARAKESH LANTERN SMALL,873.25,199.0,13
20936,FORKED CACTUS CANDLE,872.9,342.0,76
85165,CANDY PINK FRENCH BOUDOIR CLOCK,872.76,90.0,58
21293,MIRRORED DOVE WALL DECORATION,872.34,343.0,85
20897,VINTAGE NOTEBOOK PARIS DAYS,872.31,358.0,75
20894,HANGING BAUBLE T-LIGHT HOLDER LARGE,871.55,282.0,79
21414,SCALLOP SHELL SOAP DISH,870.89,1637.0,36
23220,REINDEER HEART DECORATION GOLD,869.98,994.0,103
21128,GOLD FISHING GNOME,868.25,129.0,57
17033,"BROCADE PURSE,SMALL ARCH BUTTON",867.84,3280.0,69
21478,SILVER SKULL HOT WATER BOTTLE,865.48,207.0,92
85166B,BLACK METAL BAROQUE PHOTO FRAME,864.1,510.0,38
85161,ACRYLIC GEOMETRIC LAMP,863.85,51.0,32
21376,LARGE  TALL CAMPHOR WOOD TOADSTOOL,860.36,188.0,46
21255,"FRENCH BOTTLE , LAVENDER",860.08,476.0,96
84632,DECORATIVE HANGING SHELVING UNIT,859.25,15.0,11
84578,ELEPHANT TOY WITH BLUE T-SHIRT,858.66,223.0,112
84849A,HELLO SAILOR BLUE SOAP HOLDER,857.23,484.0,103
17107D,"FLOWER FAIRY,5 SUMMER B'DRAW LINERS",856.8,336.0,86
20756,GREEN FERN POCKET BOOK,856.66,5734.0,64
85208,SET/12 FUNKY FELT FLOWER PEG IN BAG,855.84,429.0,87
22510,DOORSTOP RUSSIAN DOLL GINGHAM,855.32,325.0,90
84660A,WHITE STITCHED WALL CLOCK,855.26,860.0,51
47563A,RETRO LONGBOARD IRONING BOARD COVER,853.44,347.0,151
22820,GIFT BAG BIRTHDAY,852.93,1365.0,110
85071C,"""CHARLIE+LOLA""""EXTREMELY BUSY"""" SIGN""",852.53,1291.0,141
84951A,S/4 PISTACHIO LOVEBIRD COASTERS,852.1,624.0,135
21458,2 PICTURE BOOK EGGS EASTER BUNNY,849.24,768.0,88
47367B,PAIR PADDED HANGERS PINK CHECK,849.17,246.0,95
90161C,ANT COPPER LIME BOUDICCA BRACELET,849.0,170.0,100
21375,LARGE CAMPHOR WOOD FIELD MUSHROOM,847.59,139.0,61
21719,LOVELY BONBON STICKER SHEET,845.36,942.0,141
22229,BUNNY WOODEN PAINTED WITH FLOWER,845.3,1007.0,185
84509a,SET OF 4 ENGLISH ROSE PLACEMATS,844.74,113.0,75
37423,WHITE WITH BLACK CATS PLATE,843.88,6168.0,70
21552,CERAMIC BIRDHOUSE BLACK ROSE  LARGE,843.55,166.0,35
85231L,LAVENDER SCENTED SET/9 T-LIGHTS,841.75,1043.0,116
21300,ANTIQUE EDWARDIAN DRESSER,841.7,53.0,12
23564,EGG CUP MILKMAID INGRID,841.31,644.0,76
23551,PACK OF 12 PAISLEY PARK TISSUES,841.01,1843.0,136
40018E,TEA TIME PAPER LANTERNS,840.92,386.0,81
84782A,PINK 3 TIER GLASS PLATE STAND,840.45,119.0,26
17039,INLAID WOOD INCENSE HOLDER,837.88,3707.0,43
84762B,PINK PICNIC BARBECUE BUCKET,837.77,113.0,48
20776,ABSTRACT CIRCLES NOTEBOOK,834.31,3259.0,84
85213,MINI  ZINC GARDEN DECORATIONS,834.14,1391.0,80
82613C,"METAL SIGN,CUPCAKE SINGLE HOOK",833.81,776.0,187
21654,RIDGED GLASS FINGER BOWL,833.59,1201.0,82
84920,PINK FLOWER FABRIC PONY,831.63,208.0,88
85196,EASTER BUNNIES ON A STICK,831.04,1564.0,71
22135,LADLE LOVE HEART PINK,829.85,1662.0,317
20699,MOUSEY LONG LEGS SOFT TOY,828.36,301.0,88
23017,APOTHECARY MEASURING JAR,826.28,67.0,22
85188A,GREEN METAL SWINGING BUNNY,825.82,945.0,105
84534B,FAIRY CAKE NOTEBOOK A5 SIZE,825.43,871.0,187
21551,CERAMIC BIRDHOUSE BUTTERFLY LARGE,824.95,169.0,22
79342B,BROWN FLOWER LIGHTS,824.95,119.0,34
21374,MIRRORED WALL ART SKULLS,824.67,474.0,71
22825,DECORATIVE PLANT POT WITH FRIEZE,822.87,103.0,38
22289,"DECORATION , HANGING METAL CHICKEN",822.48,768.0,76
37333,"""RETRO """"TEA FOR ONE""""""",819.95,148.0,58
85187,S/12 MINI RABBIT EASTER,819.78,481.0,109
22344,PARTY PIZZA DISH PINK+WHITE SPOT,819.75,1596.0,133
23186,FRENCH STYLE STORAGE JAR CAFE,819.46,1982.0,70
16011,ANIMAL STICKERS,819.06,3906.0,112
20769,DAISY JOURNAL,819.01,442.0,79
17012A,ORIGAMI VANILLA INCENSE/CANDLE SET,818.71,731.0,95
21222,SET/4 BADGES BEETLES,817.17,629.0,133
22408,MONEY BOX CONFECTIONERY DESIGN,816.17,664.0,95
23324,RUSTIC STRAWBERRY JAM POT LARGE,816.04,399.0,44
23106,ZINC HEARTS PLANT POT HOLDER,815.59,291.0,53
84970s,HANGING HEART ZINC T-LIGHT HOLDER,813.86,387.0,98
72801G,S/4 BURGUNDY WINE DINNER CANDLES,813.62,1337.0,64
22447,PIN CUSHION RUSSIAN DOLL BLUE,813.16,252.0,82
85145,JARDIN ETCHED GLASS LARGE BELL JAR,813.0,92.0,30
20901,VINTAGE KEEPSAKE BOX PINK FLOWER,812.93,92.0,67
47594B,SCOTTIES DESIGN WASHBAG,812.29,410.0,122
20833,SHAKER THROW  QUILTED,811.8,52.0,5
47574A,ENGLISH ROSE SCENTED HANGING FLOWER,810.48,578.0,129
21454,PAINTED PINK RABBIT,809.3,939.0,194
84922,PINK BUTTERFLY WASHBAG,808.22,342.0,17
23022,SMALL BONNE JAM JAR  T-LIGHT HOLDER,808.16,422.0,22
22058,CERAMIC LOVE HEARTS DESIGN MUG,807.64,528.0,103
85044,RED REINDEER STRING OF 20 LIGHTS,806.35,150.0,40
84767,ZINC POLICE BOX LANTERN,806.22,195.0,6
84951B,S/4 BLACK LOVEBIRD COASTERS,802.73,565.0,120
23409,PHOTO FRAME LINEN AND LACE LARGE,801.68,215.0,43
85017A,ENVELOPE 50 ROMANTIC IMAGES,800.65,1167.0,174
21723,ALPHABET HEARTS STICKER SHEET,799.61,899.0,135
21015,DARK BIRD HOUSE TREE DECORATION,797.91,1722.0,186
21455,PAINTED YELLOW WOODEN DAISY,797.27,901.0,167
20997,ROSE DU SUD CUSHION COVER,796.74,170.0,83
37494A,FAIRY CAKE CERAMIC BUTTER DISH,796.39,238.0,51
84625D,WHITE NEWBAROQUE CANDLESTICK CANDLE,796.29,651.0,51
23487,SWEET HEART CAKE CARRIER,795.58,80.0,44
20910,VINTAGE PHOTO ALBUM PARIS DAYS,794.52,110.0,47
23521,WALL ART CAT AND BIRD,793.37,413.0,44
35915C,PEACH KNITTED HEN,793.32,662.0,82
23335,EGG FRYING PAN IVORY,792.86,378.0,96
23519,EMBROIDERED RIBBON REEL CLAIRE,792.31,224.0,24
45008C,DECORATIVE NET CANOPY CREAM,792.07,83.0,34
84712B,PINK JEWELLED PHOTO FRAME,791.01,101.0,60
90200B,BLACK SWEETHEART BRACELET,788.2,186.0,84
23568,EGG CUP HENRIETTA HEN CREAM,787.52,630.0,48
23115,RED APPLES CHOPPING BOARD,785.17,155.0,45
90200A,PURPLE SWEETHEART BRACELET,783.66,185.0,99
72799C,PINK PILLAR CANDLE SILVER FLOCK,783.1,471.0,48
20989,URBAN CHIC CHOPSTICKS SET/5,782.18,407.0,57
37461,FUNKY MONKEY MUG,779.89,743.0,95
85130C,BEADED CRYSTAL HEART BLUE  LARGE,779.14,684.0,68
84761,IVORY HANGING BIRD PLANTER,776.5,279.0,61
21456,2 PICTURE BOOK EGGS EASTER CHICKS,776.05,738.0,65
22640,SET OF 4 NAPKIN CHARMS 3 KEYS,775.59,361.0,87
35095B,RED VICTORIAN FABRIC OVAL BOX,773.78,1964.0,177
21554,CERAMIC BIRDHOUSE RED ROOF LARGE,773.7,168.0,22
85135A,YELLOW DRAGONFLY HELICOPTER,770.49,96.0,63
84663A,GRASS HOPPER WOODEN WALL CLOCK,770.11,377.0,64
72755C,FLOWER FAIRY OIL BURNER SET ROSE,767.0,592.0,14
72750A,"F.FAIRY S/3 CANDLE/GLASS,LILY/VALLY",766.85,383.0,16
47581B,FAIRY CAKE WICKER PICNIC BASKET,766.52,47.0,36
84029C,BROWN FURRY HOT WATER BOTTLE,766.19,204.0,48
23140,TRIPLE WIRE HOOK IVORY HEART,766.1,182.0,52
16259,PIECE OF CAMO STATIONERY SET,766.09,5473.0,55
23006,TRAVEL CARD WALLET FLOWER MEADOW,765.27,1764.0,173
84952C,MIRROR LOVE BIRD T-LIGHT HOLDER,765.13,413.0,42
16244B,MAXWELL 2 TONE BLUE 60 PAGE PHOTO A,765.02,345.0,28
22124,SET OF 2 TEA TOWELS PING MICROWAVE,764.92,303.0,132
23550,WRAP ALPHABET POSTER,763.1,1855.0,64
35811A,ENAMEL PINK SUGAR CONTAINER,762.97,434.0,84
23458,DOLLY CABINET 3 DRAWERS,762.45,51.0,30
84762C,GREEN PICNIC BARBECUE BUCKET,761.25,105.0,43
21377,SMALL CAMPHOR WOOD FIELD  MUSHROOM,760.83,527.0,98
23025,DRAWER KNOB VINTAGE GLASS BALL,760.8,350.0,54
90209C,PINK ENAMEL+GLASS HAIR COMB,760.79,402.0,66
22638,SET OF 4 NAPKIN CHARMS CROWNS,760.73,415.0,74
23123,COCKTAIL SWORDS 50 PIECES,760.4,936.0,95
90161B,ANT COPPER TURQ BOUDICCA BRACELET,759.33,152.0,76
84620,BLUE GINGHAM ROSE CUSHION COVER,758.51,123.0,50
85131B,BEADED CRYSTAL HEART GREEN ON STICK,758.34,980.0,216
23282,FOLDING MIRROR IVORY,757.86,812.0,135
21194,PINK  HONEYCOMB PAPER FAN,757.8,581.0,95
21298,EDWARDIAN 2 DRAWER WALL CABINET,755.8,52.0,14
21415,CLAM SHELL SMALL,755.57,361.0,82
21001,ROSE DU SUD WASHBAG,754.96,149.0,90
17165B,ASS COL LARGE SAND GECKO P'WEIGHT,754.83,813.0,57
23454,THREE MINI HANGING FRAMES,753.95,179.0,52
84821,DANISH ROSE DELUXE COASTER,752.7,1330.0,74
23223,CHRISTMAS TREE HANGING SILVER,751.85,803.0,88
90209B,GREEN ENAMEL+GLASS HAIR COMB,751.75,390.0,97
23124,18PC WOODEN CUTLERY SET DISPOSABLE,751.38,567.0,43
72800A,S/4 BLACK DINNER CANDLE SILVER FLOC,750.91,677.0,46
84653,GREEN ROSE QUILT,750.48,14.0,12
21319,GLASS CHALICE GREEN  SMALL,750.33,510.0,65
21344,MOROCCAN BEATEN METAL DISH,749.82,166.0,26
84615,PINK ROUND BUTTERFLY MIRROR,748.48,240.0,21
35647,VINTAGE BEAD PINK SHADE,748.24,563.0,74
84842,HELLO SAILOR BATHROOM SET,747.9,1506.0,35
20854,BLUE PATCH PURSE PINK HEART,747.73,462.0,107
84689,S/2 BEACH HUT TREASURE CHESTS,742.9,312.0,40
21221,SET/4 BADGES CUTE CREATURES,740.94,557.0,107
23325,RUSTIC STRAWBERRY JAM POT SMALL,740.94,462.0,35
21503,TOYBOX  WRAP,740.42,1801.0,64
23114,VINTAGE LEAF CHOPPING BOARD,737.95,149.0,45
84033,FLAG OF ST GEORGE,737.03,393.0,49
79030D,"TUMBLER, BAROQUE",736.6,1022.0,61
21133,PAINTED BIRD ASSORTED CHRISTMAS,736.57,424.0,42
47503F,ASS FLORAL PRINT TORCH,736.55,2571.0,11
22100,SKULLS SQUARE TISSUE BOX,734.94,1021.0,127
84715,SET OF 6 ICE CREAM SKITTLES,734.89,241.0,47
23435,3 RAFFIA RIBBONS VINTAGE CHRISTMAS,734.79,827.0,99
84708B,PINK JEWELLED PHOTO FRAME,732.79,142.0,53
85230F,JASMINE VOTIVE CANDLE,732.66,2970.0,62
21443,OLIVE CHALET BIRDFEEDER,731.68,258.0,26
21365,MIRRORED WALL ART STARS,731.53,476.0,77
ADJUST2,Adjustment by Peter on Jun 25 2010,731.05,3.0,3
21378,SMALL TALL CAMPHOR WOOD TOADSTOOL,730.62,561.0,88
21026,SPACE OWL,730.5,558.0,124
23562,SET OF 6 RIBBONS PERFECTLY PRETTY,730.37,253.0,43
20657,TROPICAL LUGGAGE TAG,728.97,1879.0,118
35095A,BLUE VICTORIAN FABRIC OVAL BOX,728.92,1813.0,166
85017C,ENVELOPE 50 CURIOUS IMAGES,728.17,1097.0,119
23522,DOG AND BALL WALL ART,727.44,354.0,32
84971L,LARGE HEART FLOWERS HOOK,727.26,588.0,58
21379,CAMPHOR WOOD PORTOBELLO MUSHROOM,726.73,656.0,125
84976,RECTANGULAR SHAPED MIRROR,726.12,675.0,56
22345,PARTY PIZZA DISH BLUE WHITE SPOT,724.69,1483.0,128
85088,CANDY SPOT HAND BAG,723.85,347.0,78
10134,COLOURING PENCILS BROWN TUBE,723.63,627.0,52
84595E,LARGE TORTILLA DESIGN RED BOWL,723.57,367.0,43
84569A,PACK 3 IRON ON DOG PATCHES,722.44,576.0,112
72131,COLUMBIAN CANDLE RECTANGLE,721.53,763.0,56
20701,PINK CAT FLORAL CUSHION COVER,721.49,353.0,50
84684,BEACH HUT PHOTO FRAME,720.7,609.0,40
82613A,"METAL SIGN,CUPCAKE SINGLE HOOK",718.72,533.0,116
85186A,EASTER BUNNY GARLAND OF FLOWERS,718.66,1548.0,159
23222,CHRISTMAS TREE HANGING GOLD,718.53,799.0,75
35951,FOLKART BAUBLE CHRISTMAS DECORATION,717.99,1352.0,46
21265,PINK GOOSE FEATHER TREE 60CM,717.41,323.0,34
21457,2 PICTURE BOOK EGGS EASTER DUCKS,717.25,686.0,65
35915B,BLUE KNITTED HEN,717.03,565.0,67
21076,SET/20 COLLAGE PAPER NAPKIN,715.4,844.0,92
90082D,DIAMANTE BOW BROOCH BLACK COLOUR,715.15,111.0,51
22641,SET OF 4 NAPKIN CHARMS INSTRUMENT,715.06,303.0,69
20763,DAISY SKETCHBOOK,714.23,269.0,74
20850,ZINC HEART LATTICE PLANTER BOWL,713.8,820.0,23
16015,MEDIUM CHINESE STYLE SCISSOR,711.88,1573.0,65
23042,PAPER LANTERN 7 POINT SNOW STAR,711.51,103.0,28
21442,GREEN BIRDHOUSE DECORATION,710.03,978.0,136
23070,EDWARDIAN HEART PHOTO FRAME,709.54,160.0,44
21740,COSY SLIPPER SHOES LARGE RED,706.86,204.0,66
21308,LOUVRE VANITY MIRROR,705.9,132.0,6
21386,IVORY HANGING DECORATION  EGG,705.74,1196.0,105
22981,PANTRY APPLE CORER,705.58,472.0,105
22036,DINOSAUR BIRTHDAY CARD,705.19,1673.0,135
84869,CANDY BUTTON PHOTO ALBUM,703.54,302.0,26
84563A,PINK & WHITE BREAKFAST TRAY,703.0,142.0,62
90161D,ANT COPPER PINK BOUDICCA BRACELET,702.79,141.0,75
84872a,TEATIME FUNKY FLOWER BACKPACK FOR 2,702.59,64.0,45
84952B,BLACK LOVE BIRD T-LIGHT HOLDER,701.74,427.0,44
84931B,BLUE SCOTTIE DOG W FLOWER PATTERN,701.48,279.0,83
84917,WHITE HAND TOWEL WITH BUTTERFLY,698.66,232.0,53
21674,RIDGED GLASS PENDANT LAMPSHADE,697.8,44.0,9
84584,PINK GINGHAM CAT WITH SCARF,696.75,282.0,75
85231E,STRAWBERRY SCENTED SET/9 T-LIGHTS,696.08,836.0,106
85096,HILDA CANDY SPOT RABBIT,695.91,167.0,66
23120,PACK OF 6 SMALL FRUIT STRAWS,695.41,1716.0,100
23187,FRENCH STYLE STORAGE JAR BONBONS,695.06,2338.0,74
35964,FOLKART CLIP ON STARS,694.25,1192.0,132
20898,VINTAGE NOTEBOOK TRAVELOGUE,693.92,327.0,53
72755D,FLOWER FAIRY OIL BURNER SET SUMMER,693.25,533.0,13
17012F,ORIGAMI SANDLEWOOD INCENSE/CAND SET,693.2,591.0,107
20862,PINK PATCH PENCIL CASE BLUE HEART,691.14,325.0,37
72753A,S/3 FLWR FAIRY LILLY CANDLES,690.24,315.0,14
22034,ROBIN CHRISTMAS CARD,689.87,1656.0,94
17165D,ASS COL LARGE SAND FROG P'WEIGHT,689.67,723.0,89
37444C,PINK BREAKFAST CUP AND SAUCER,689.27,1659.0,54
20856,DENIM PATCH PURSE PINK BUTTERFLY,688.94,417.0,122
84865,NEW BAROQUE BLACK PHOTO ALBUM,687.8,83.0,48
22033,BOTANICAL ROSE GREETING CARD,686.97,1615.0,128
84986B,SET OF 36 SILVER PAPER DOILIES,685.46,464.0,75
23597,PAPER BUNTING PAISLEY PARK,684.97,251.0,31
47594A,CAROUSEL DESIGN WASHBAG,684.46,346.0,105
90160C,TURQ+RED BOUDICCA LARGE BRACELET,684.22,98.0,45
21263,GREEN GOOSE FEATHER TREE 60CM,683.82,306.0,56
21197,MULTICOLOUR  CONFETTI IN TUBE,683.26,466.0,45
85084,HOLLY TOP CHRISTMAS STOCKING,683.1,684.0,84
62094B,TURQ ICE CREAM BUM BAG,683.05,306.0,67
37492D,PURPLE GREEN FLOWER PIGGY BANK,682.99,361.0,26
85023B,EAU DE NILE JEWELLED PHOTOFRAME,682.35,293.0,38
84925D,LA PALMIERA WALL THERMOMETER,680.0,453.0,26
21847,GREEN  DIAMANTE PEN IN GIFT BOX,679.58,348.0,71
90184C,BLACK CHUNKY BEAD BRACELET W STRAP,679.13,75.0,49
21750,LARGE SKULL WINDMILL,678.58,313.0,62
75013B,"STRING OF 8 BUTTERFLIES,PINK",677.87,395.0,76
84916,HAND TOWEL PALE BLUE W FLOWERS,676.91,267.0,58
84824,DANISH ROSE UMBRELLA STAND,676.45,38.0,32
23428,IVORY RETRO KITCHEN WALL CLOCK,675.91,77.0,33
21879,HEARTS GIFT TAPE,674.66,1579.0,152
21884,CAKES AND BOWS GIFT  TAPE,673.21,1455.0,161
37474,SET/4 2 TONE EGG SHAPE MIXING BOWLS,670.95,65.0,44
22042,CHRISTMAS CARD SINGING ANGEL,670.64,1841.0,128
46776E,WOVEN CANDY CUSHION COVER,670.52,207.0,77
90184B,AMETHYST CHUNKY BEAD BRACELET W STR,670.23,74.0,47
85203,HANGING WOOD AND FELT BUTTERFLY,670.11,1469.0,224
72023F,RED ORGANIC CANDLE IN GLASS,669.62,640.0,49
85205B,PINK FELT EASTER RABBIT GARLAND,669.38,241.0,61
16169K,WRAP FOLK ART,669.25,2100.0,60
23024,LARGE BONNE JAM JAR  T-LIGHT HOLDER,667.85,255.0,11
21441,BLUE BIRDHOUSE DECORATION,667.32,941.0,133
17012D,ORIGAMI ROSE INCENSE/CANDLE SET,667.14,524.0,116
21247,SET OF RED SALAD SERVERS,666.22,423.0,81
71403,"""PINK/WHITE """"KEEP CLEAN"""" BULLET BIN""",664.9,179.0,69
85019C,CURIOUS  IMAGES NOTEBOOK SET,663.94,426.0,25
22056,CERAMIC PLATE LOVE HEART DESIGN,662.83,611.0,34
85168B,BLACK BAROQUE CARRIAGE CLOCK,662.12,73.0,52
85188B,PINK METAL SWINGING BUNNY,661.73,749.0,74
23547,WRAP FLOWER SHOP,661.5,1575.0,62
17109C,FLOWER FAIRY INCENSE ROSE,661.23,3124.0,15
23482,PEARLISED IVORY HEART LARGE,661.02,418.0,39
84993A,75 GREEN PETIT FOUR CASES,660.79,1498.0,177
21764,VINTAGE WOODEN PLATE RACK,659.15,17.0,11
21307,SET/4 BUTTERFLY MIRROR MAGNETS,658.47,753.0,72
22054,MINI CAKE STAND HANGING HEARTS,658.31,363.0,74
85186C,BUNNY EGG GARLAND,658.19,1400.0,152
46776D,WOVEN SUNSET CUSHION COVER,658.07,153.0,76
85028S,FRENCH CHATEAU SMALL FRUITBOWL,656.82,430.0,33
85215,ASSORTED CHEESE FRIDGE MAGNETS,656.24,850.0,66
85028L,FRENCH CHATEAU LARGE FRUIT BOWL,654.01,271.0,27
21350,GINGHAM HEART WREATH,653.65,227.0,42
20618,QUEEN OF THE SKIES PASSPORT COVER,652.74,299.0,137
17164B,ASS COL SMALL SAND GECKO P'WEIGHT,651.6,1632.0,81
20714,POSY SHOPPER BAG,649.82,1580.0,28
21134,VICTORIAN METAL POSTCARD CHRISTMAS,649.74,379.0,46
23224,CHERUB HEART DECORATION GOLD,649.02,738.0,71
85185D,FROG SOCK PUPPET,647.91,199.0,66
21003,ROSE DU SUD CUSHION COVER,647.75,109.0,64
17084N,FAIRY DREAMS INCENSE,647.66,2798.0,187
22391,PAPERWEIGHT HOME SWEET HOME,645.39,327.0,66
17181,CIRCLE OF FRIENDS CANDLE HOLDER,645.21,354.0,65
47597,NEW ENGLAND TEATOWELS,644.88,322.0,124
23408,PHOTO FRAME LINEN AND LACE SMALL,644.8,310.0,59
84766,SILVER ROCOCO CANDLE STICK,643.95,201.0,27
84247G,"DECOUPAGE,GREETING CARD,",643.84,1511.0,107
21816,CHRISTMAS TREE T-LIGHT HOLDER,643.14,426.0,50
84520D,PACK OF 20 FAIRY CAKE PAPER NAPKINS,641.17,701.0,94
16169M,WRAP DAISY CARPET,640.95,2060.0,59
84507C,BLUE CIRCLES DESIGN MONKEY DOLL,639.74,435.0,70
35004P,SET OF 3 PINK FLYING DUCKS,638.97,120.0,43
21665,TRIANGULAR RIDGED GLASS POSY HOLDER,638.8,879.0,75
84601A,NEW BAROQUE IVORY CUSHION COVER,638.34,260.0,15
47592A,CAROUSEL DES CHILD'S OVERALL,637.37,331.0,101
84707B,PINK JEWELLED MIRROR TRINKET TRAY,636.94,81.0,51
16169N,WRAP BLUE RUSSIAN FOLKART,636.75,2050.0,56
23492,VINTAGE JINGLE BELLS WREATH,635.38,76.0,28
20819,SILVER TEDDY BEAR,635.24,229.0,65
22043,CHRISTMAS CARD SCREEN PRINT,634.92,2234.0,125
23456,MEDIUM PARLOUR PICTURE FRAME,634.1,158.0,36
20696,FLORAL SOFT CAR TOY,633.18,153.0,60
22263,FELT EGG COSY LADYBIRD,632.48,842.0,105
23453,OVAL  MINI PORTRAIT FRAME,631.58,324.0,47
23216,LAUREL HEART ANTIQUE GOLD,630.73,525.0,44
84964A,PINK PAINTED KASHMIRI TABLE,630.0,11.0,2
90195A,PURPLE GEMSTONE BRACELET,629.95,75.0,44
22092,BLUE PAISLEY TISSUE BOX,629.94,964.0,140
90199C,5 STRAND GLASS NECKLACE CRYSTAL,629.74,106.0,31
90143,SILVER BRACELET W PASTEL FLOWER,629.7,83.0,41
84596J,MIXED NUTS LIGHT GREEN BOWL,629.26,814.0,138
23019,SMALL APOTHECARY MEASURING JAR,629.05,81.0,28
15056p,EDWARDIAN PARASOL PINK,628.72,50.0,38
85230E,STRAWBRY SCENTED VOTIVE CANDLE,628.41,2445.0,66
23027,DRAWER KNOB VINTAGE GLASS HEXAGON,627.95,295.0,30
71101E,STANDING FAIRY POLE SUPPORT,627.83,779.0,47
23471,SIX DRAWER OFFICE TIDY,626.74,66.0,27
20694,FLORAL PINK MONSTER,626.08,167.0,54
85218,S/5 MINI ICE CREAM FRIDGE MAGNETS,625.2,1992.0,2
21004,ROSE DU SUD CHILDS APRON,625.07,137.0,70
22346,PARTY PIZZA DISH GREEN WHITE SPOT,624.23,1316.0,103
82616A,BUBBLE GUM SCARF KNITTING KIT,624.21,316.0,52
16012,FOOD/DRINK SPUNGE STICKERS,623.13,2973.0,83
85114c,RED ENCHANTED FOREST PLACEMAT,622.72,188.0,42
85092,CANDY SPOT TEA COSY,622.57,391.0,24
23425,STORAGE TIN HOME SWEET HOME,621.44,275.0,56
23180,MUM'S KITCHEN CLOCK,621.09,122.0,49
84051,ASS COLOUR GLOWING TIARAS,620.73,761.0,60
20689,RETRO SISTERS EXPRESSO CUPS,620.05,430.0,41
20655,QUEEN OF SKIES LUGGAGE TAG,619.75,421.0,189
16156N,"WRAP, FRIENDSHIP ON GREEN",619.5,1475.0,56
84876D,BLUE HEART COMPACT MIRROR,619.27,336.0,35
90198A,VINTAGE ROSE BEAD BRACELET RASPBERR,617.92,146.0,84
18094C,WHITE/BLUE RECT CERAMIC OIL BURNER,616.91,446.0,98
82095,HEART BUTTONS JEWELLERY BOX,616.21,102.0,48
72772,SET/4 SCENTED CANDLES IN RAMEKINS,615.84,457.0,9
84932C,SMALL ORIENTAL BLUE FOLDING STOOL,615.4,282.0,34
84859A,SILVER DISCO HANDBAG,613.53,293.0,58
47583A,SET OF 3 WICKER BASKET ROSE,612.82,71.0,6
22538,MINI JIGSAW GO TO THE FAIR,612.55,1446.0,86
37351,ORANGE FLOWER MUG,612.51,5404.0,11
23018,LARGE APOTHECARY MEASURING JAR,612.16,51.0,21
79190B,RETRO PLASTIC POLKA TRAY,611.93,1503.0,136
79315W,FLYING SAUCER TABLE LIGHT IN WHITE,611.51,199.0,13
35972,DAISY FOLKART HEART DECORATION,611.38,440.0,87
20781,GOLD EAR MUFF HEADPHONES,611.28,110.0,61
21173,LOO ROLL  METAL SIGN,611.26,342.0,77
84858C,PINK RIVIERA HANDBAG,611.07,347.0,30
21416,CLAM SHELL LARGE,610.56,753.0,22
gift_0001_30,Dotcomgiftshop Gift Voucher £30.00,610.09,24.0,24
20695,FLORAL BLUE MONSTER,608.83,143.0,61
21440,12 MINI TOADSTOOL PEGS,608.81,481.0,95
62096A,PINK/YELLOW FLOWERS HANDBAG,607.79,395.0,89
84563B,BLUE & WHITE BREAKFAST TRAY,607.79,133.0,59
85169D,PINK LOVE BIRD CANDLE,606.49,522.0,88
20863,BLUE PATCH PENCIL CASE PINK HEART,605.73,295.0,50
23520,EMBROIDERED RIBBON REEL RUBY,604.3,168.0,32
17109D,FLOWER FAIRY INCENSE BOUQUET,603.38,1260.0,38
82011C,BATHROOM SCALES FOOTPRINTS IN SAND,602.68,133.0,71
84932A,SMALL GREEN PEONY FOLDING STOOL,602.6,262.0,24
84846A,SCENTED CANDLE IN DIGITALIS TIN,601.17,265.0,54
85117,NIGHTINGALE COATHOOK WHITE,600.92,351.0,61
21167,WHITE SAGE INCENSE,600.17,2495.0,114
85146,JARDIN ETCHED GLASS SMALL BELL JAR,599.38,118.0,29
16236,KITTY PENCIL ERASERS,599.31,2666.0,260
82605,OLD DOC.RUSSEL METAL SIGN,599.27,270.0,125
47469,ASSORTED SHAPES PHOTO CLIP SILVER,597.53,1225.0,29
84682,CLASSICAL ROSE DISH,596.94,295.0,49
90010B,BLACK/WHITE GLASS/SILVER BRACELET,596.74,65.0,34
20794,BLUE  TILE HOOK,596.08,213.0,48
72122,COFFEE SCENT PILLAR CANDLE,595.23,588.0,120
84569B,PACK 3 FIRE ENGINE/CAR PATCHES,594.68,463.0,76
23377,PACK OF 12 DOLLY GIRL TISSUES,593.62,1354.0,133
84924A,WAKE UP COCKEREL CALENDAR SIGN,593.5,139.0,62
21553,CERAMIC BIRDHOUSE FINCH BLUE  LARGE,593.17,92.0,39
20849,ZINC HEART LATTICE DOUBLE PLANTER,593.03,674.0,24
20804,GLASS CHICKEN BUTTER DISH,592.51,333.0,61
21223,SET/4 BADGES WOODLAND ANIMAL,592.08,496.0,43
85113,POLKA DOT PISTACHIO PAIL,591.66,285.0,48
21304,ARCHED GREY MIRROR,591.58,86.0,18
84963B,BLUE PAINTED KASHMIRI CHAIR,591.5,18.0,6
21322,GLASS SPHERE CANDLE STAND LARGE,590.45,301.0,14
85230B,CINNAMON SCENTED VOTIVE CANDLE,588.88,2216.0,68
21256,"FRENCH BOTTLE, BRASSERIE DES ARTIST",588.64,326.0,65
37444A,YELLOW BREAKFAST CUP AND SAUCER,587.84,2716.0,43
21893,POTTING SHED SEED TIN,587.8,172.0,20
23499,SET 12 VINTAGE DOILY CHALK,587.49,1315.0,110
47421,ASSORTED COLOUR LIZARD SUCTION HOOK,586.98,1497.0,74
84934,ASSTD DESIGN POP ART SLIM PEN,586.5,687.0,13
23565,EGG CUP MILKMAID HELGA,586.31,410.0,63
84569C,PACK 4 FLOWER/BUTTERFLY PATCHES,584.93,415.0,89
21016,LIGHT BIRD HOUSE TREE DECORATION,584.55,836.0,82
23537,WALL ART I LOVE LONDON,581.13,111.0,34
85202,HANGING WOOD AND FELT HEART,581.01,1225.0,208
20935,ROUND CACTUS CANDLE,580.38,302.0,46
16238,PARTY TIME PENCIL ERASERS,580.1,2525.0,236
21419,CONCH SHELL,577.69,1259.0,19
35922,EASTER BUNNY WREATH,575.99,97.0,36
17013D,ORIGAMI ROSE INCENSE IN TUBE,575.76,1069.0,31
22044,CHRISTMAS CARD STACK OF PRESENTS,575.48,2000.0,89
23016,GLASS TWIST BON BON JAR,575.25,74.0,24
23125,6PC WOOD PLATE SET DISPOSABLE,574.88,459.0,38
84932D,SMALL ORIENTAL RED FOLDING STOOL,574.71,239.0,21
85169B,BLACK LOVE BIRD CANDLE,574.18,483.0,93
84675,FROG KING WATERING CAN,571.71,206.0,62
85119,WATERING CAN SINGLE HOOK PISTACHIO,570.84,414.0,39
16162L,THE KING GIFT BAG,570.43,8101.0,30
85129A,"WHITE PEARL BEADED HEART, SMALL",570.41,445.0,75
23455,SMALL PARLOUR PICTURE FRAME,569.43,207.0,35
84773,RED ROSE AND LACE C/COVER,569.35,193.0,48
85169C,EAU DE NIL LOVE BIRD CANDLE,569.33,506.0,71
85086A,CANDY SPOT HEART DECORATION,568.73,587.0,152
23069,EDWARDIAN PHOTO FRAME,568.71,90.0,32
23219,LAUREL STAR ANTIQUE SILVER,568.6,430.0,61
47559b,TEA TIME OVEN GLOVE,568.58,171.0,44
84806B,WHITE CANDYSTUFT ARTIFICIAL FLOWER,568.02,450.0,32
23381,PACK OF 12 VINTAGE LEAF TISSUES,567.95,1509.0,80
85014b,RED RETROSPOT UMBRELLA,567.74,45.0,35
16169C,WRAP BLUE REINDEER,567.0,1350.0,43
20838,FRENCH LATTICE CUSHION COVER,565.8,446.0,63
85071D,CHARLIE+LOLA MY ROOM DOOR SIGN,564.16,890.0,112
21881,CUTE CATS TAPE,563.4,1345.0,118
23272,TREE T-LIGHT HOLDER WILLIE WINKIE,562.22,364.0,44
37345,ASSTD HEARTS DESIGN MUGS,561.05,321.0,9
16049,TEATIME GEL PENS ASST,560.48,3169.0,32
21311,SET/4 BIRD MIRROR MAGNETS,559.81,733.0,94
85090,CANDY SPOT APRON,559.28,106.0,53
21160,KEEP OUT GIRLS DOOR HANGER,558.94,795.0,58
85020,ROUND PINK HEART MIRROR,558.69,251.0,58
23451,SQUARE MINI PORTRAIT FRAME,558.12,278.0,52
84306,S/3 PINK SQUARE PLANTERS ROSES,557.48,48.0,31
21371,MIRRORED WALL ART POPPIES,556.01,404.0,64
23074,EMBOSSED HEART TRINKET BOX,555.59,250.0,48
20823,GOLD WINE GOBLET,555.47,261.0,19
23457,LARGE PARLOUR PICTURE FRAME,554.83,113.0,31
22394,PAPERWEIGHT KINGS CHOICE,554.45,349.0,55
90120D,WHITE MURANO TWIST BRACELET,554.13,134.0,40
23473,WOODLAND SMALL RED FELT HEART,552.85,679.0,51
84859C,PINK DISCO HANDBAG,552.72,304.0,39
84683,CLASSICAL ROSE CANDLESTAND,551.86,564.0,46
84805B,BLUE CLIMBING HYDRANGA ART FLOWER,551.4,340.0,9
84509c,SET OF 4 DOTTY PLACEMATS,550.98,73.0,44
90195B,BLACK GEMSTONE BRACELET,550.19,62.0,26
47021G,SET/6 BEAD COASTERS GAUZE BAG GOLD,549.52,716.0,70
90203,SILVER CHARM NECKLACE 70CM,549.27,73.0,34
85129C,BEADED CRYSTAL HEART BLUE SMALL,548.99,420.0,65
21373,MIRRORED WALL ART SNOWFLAKES,548.89,636.0,61
85091,CANDY SPOT BREAD BASKETS,548.81,343.0,20
23549,WRAP BIRD GARDEN,548.1,1305.0,52
20888,SET 3 JARDIN DE FEMME SCENT CANDLES,547.74,367.0,19
23484,HEART TRELLIS TRIPLE T-LIGHT HOLDER,547.35,185.0,35
85030,FRENCH CHATEAU OVAL PLATTER,547.35,213.0,29
90058B,CRYSTAL STUD EARRINGS ASSORTED COL,547.24,1118.0,29
72267,PREMIUM CHURCH CANDLE,546.96,273.0,45
85027L,FRENCH CHATEAU LARGE PLATTER,546.45,191.0,40
72801C,S/4 ROSE PINK DINNER CANDLES,546.36,720.0,56
35969,FOLKART CROWN TABLE DECORATIONS,545.77,525.0,76
90175D,TIGRIS EYE CHUNKY CHARM BRACELET,545.72,60.0,41
21339,MARAKESH LANTERN LARGE,544.5,30.0,12
20943,SET/6 GINGERBREAD STAR T-LIGHTS,543.96,384.0,71
23043,PAPER LANTERN 9 POINT HOLLY STAR L,543.51,81.0,23
84596K,JELLY BABIES YELLOW SMALL BOWL,543.41,428.0,93
84592,CROCHET ROSE PURSE WITH SUEDE BACK,542.3,175.0,47
84984B,RED PEONY DES C/COVER,541.3,322.0,16
20659,ECONOMY LUGGAGE TAG,539.76,374.0,138
90010E,AMBER GLASS/SILVER BRACELET,539.01,60.0,35
85179A,GREEN BITTY LIGHT CHAIN,538.99,222.0,70
23398,HANGING HEART BONHEUR,538.75,610.0,69
21017,RED BIRD HOUSE TREE DECORATION,538.44,662.0,87
84804B,BLUE DELPHINIUM ARTIFICIAL FLOWER,537.37,367.0,19
16048,TEATIME ROUND PENCIL SHARPENER,537.18,3462.0,105
21418,STARFISH SOAP DISH,536.39,195.0,66
84414B,FUSCHIA/GREEN STRIPE WOOLLY BLANKET,536.24,78.0,9
71270,PHOTO CLIP LINE,535.4,378.0,81
84661B,BLACK SQUARE TABLE CLOCK,535.28,244.0,51
23660,HENRIETTA HEN MUG,534.66,306.0,42
85142,JARDIN ETCHED GLASS GINGER JAR,534.38,61.0,34
BANK CHARGES,Bank Charges,534.24,35.0,33
20653,CHERRY BLOSSOM LUGGAGE TAG,533.79,2006.0,81
16169P,WRAP GREEN RUSSIAN FOLKART,533.75,1750.0,48
21734,SMALL MARAKESH LANTERN ON STICK,533.24,98.0,29
85039C,S/4 BLACK MINI ROSE CANDLE IN BOWL,532.86,546.0,114
84827,ASS DES PHONE SPONGE CRAFT STICKER,532.69,1093.0,29
21943,CAKES AND RABBITS DESIGN FLANNEL,532.48,593.0,149
71143,SILVER BOOK MARK WITH BEADS,532.02,356.0,99
21336,GOLD WASHBAG,530.51,1824.0,43
23139,SINGLE WIRE HOOK PINK HEART,530.15,415.0,27
84799,SPRIG LAVENDER ARTIFICIAL FLOWER,530.03,679.0,31
90160D,PINK BOUDICCA LARGE BRACELET,529.22,76.0,25
21403,BLUE EGG  SPOON,529.02,2326.0,157
16202B,PASTEL BLUE PHOTO ALBUM,528.56,1039.0,22
23060,HEART BEADED TRELLIS DECORATION,528.17,249.0,42
84931A,PINK SCOTTIE DOG W FLOWER PATTERN,526.44,209.0,82
84875B,GREEN SQUARE COMPACT MIRROR,526.01,377.0,40
16168M,FUNKY MONKEY GIFT BAG MEDIUM,525.01,1713.0,101
84657,GREEN ROSE CUSHION COVER,523.43,247.0,20
85226C,BLUE PULL BACK RACING CAR,523.41,991.0,83
72728,ROSE SCENT CANDLES IN GLASS,523.15,643.0,54
22861,EASTER TIN CHICKS IN GARDEN,522.93,305.0,50
22407,MONEY BOX FIRST ADE DESIGN,522.37,439.0,75
46118,FUNKY MONKEY CUSHION COVER,522.05,374.0,72
23336,EGG FRYING PAN PINK,521.33,226.0,85
21459,YELLOW EASTER EGG HUNT START POST,520.55,263.0,44
35810B,ENAMEL BLUE RIM COFFEE CONTAINER,519.81,326.0,68
90114,SUMMER DAISIES BAG CHARM,519.2,207.0,111
20793,BLUE TILED TRAY,518.5,281.0,22
84706D,CHERRY BLOSSOM TABLE CLOCK,518.09,221.0,16
20868,SILVER FABRIC MIRROR,518.07,882.0,71
84762A,WHITE PICNIC BARBECUE BUCKET,517.43,59.0,29
84970l,SINGLE HEART ZINC T-LIGHT HOLDER,516.96,247.0,65
84247L,FAWN AND MUSHROOM GREETING CARD,513.33,1173.0,110
72807c,SET/3 VANILLA SCENTED CANDLE IN BOX,511.98,60.0,44
79337,BLUE FLOCK GLASS CANDLEHOLDER,511.93,1200.0,21
23136,IVORY WIRE SWEETHEART LETTER TRAY,511.89,135.0,49
84989B,75 BLACK FAIRY CAKE CASES,510.7,1010.0,57
84782C,GREEN 3 TIER GLASS PLATE STAND,509.9,74.0,18
21117,BLOND DOLL DOORSTOP,509.58,334.0,26
20753,RETRO PINK SPOT WASHING UP GLOVES,509.0,218.0,56
21882,SKULLS TAPE,508.25,1064.0,119
20654,FIRST CLASS LUGGAGE TAG,507.91,400.0,120
84915,HAND TOWEL PINK FLOWER AND DAISY,507.83,241.0,37
35967,FOLK ART METAL STAR T-LIGHT HOLDER,507.59,966.0,112
84218,BOX/12 CHICK & EGG IN BASKET,507.41,263.0,96
35004S,SET OF 3 SILVER FLYING DUCKS,505.4,145.0,24
22541,MINI JIGSAW LEAP FROG,505.19,1247.0,66
23021,GLASS BONNE JAM JAR,504.97,121.0,27
37352,BIRD IN TREE MUG,504.55,4643.0,8
84877B,GREEN ROUND COMPACT MIRROR,504.43,291.0,43
20845,ZINC HEART LATTICE 2 WALL PLANTER,502.27,76.0,24
23560,SET OF 6 RIBBONS COUNTRY STYLE,502.07,173.0,26
90014A,SILVER/MOP ORBIT NECKLACE,502.01,55.0,40
16219,HOUSE SHAPE PENCIL SHARPENER,501.25,3358.0,128
23117,POPPY FIELDS CHOPPING BOARD,501.23,93.0,45
20865,PATCHWORK PENCIL CASE BUTTERFLY,500.49,251.0,33
84809A,WHITE CHRYSANTHEMUMS ART FLOWER,500.04,288.0,21
35471A,SET OF 3 BIRD L.BLUE FEATHER,499.31,421.0,83
22031,BOTANICAL LAVENDER BIRTHDAY CARD,499.03,1137.0,142
20864,DENIM PATCH PENCIL CASE BUTTERFLY,498.14,252.0,29
23466,TUSCAN VILLA DOVECOTE BIRD FEEDER,498.03,55.0,27
23045,PAPER LANTERN 5 POINT STAR MOON 30,497.98,118.0,25
21132,SILVER STANDING GNOME,497.86,98.0,47
35600D,PINK AND WHITE CHRISTMAS TREE 180CM,497.7,141.0,13
85230A,OPIUM SCENTED VOTIVE CANDLE,497.04,1992.0,48
85170B,SET/6 BLACK BIRD T-LIGHT CANDLES,496.91,293.0,58
84798B,PURPLE FOXGLOVE ARTIIFCIAL FLOWER,492.9,326.0,10
16239,BALLERINA HEART DECORATION.,492.17,347.0,21
51020B,STRIPY DESIGN SHOWER CAP,491.87,1087.0,60
90160B,RED BOUDICCA LARGE BRACELET,490.92,71.0,29
84876B,GREEN HEART COMPACT MIRROR,490.81,346.0,40
21663,VINTAGE GLASS SUGAR CADDY,488.16,76.0,32
72132,COLUMBIAN CUBE CANDLE,487.5,562.0,28
22259,FELT FARM ANIMAL HEN,485.45,592.0,72
90192,JADE DROP EARRINGS W FILIGREE,484.31,97.0,53
84875D,BLUE SQUARE COMPACT MIRROR,483.75,371.0,37
72127,COLUMBIAN CANDLE ROUND,483.44,396.0,65
23218,LAUREL STAR ANTIQUE GOLD,483.03,379.0,40
84901,BLACK FACE LAMB WITH PANTS,482.38,126.0,74
84926E,FLOWERS TILE COASTER,482.28,1108.0,52
23691,WRAP KEEP CALM BIRTHDAY,481.5,1175.0,38
22038,BOTANICAL LAVENDER GIFT WRAP,481.0,1150.0,45
16244A,MAXWELL 2 TONE PINK 60 PAGE PHOTO A,479.41,186.0,28
21518,BANK ACCOUNT  GREETING  CARD,479.36,1131.0,109
21536,DAIRY MAID  SMALL  MILK JUG,478.94,223.0,61
23422,PANTRY HOOK BALLOON WHISK,477.89,213.0,47
37492C,GREEN BLUE FLOWER PIGGY BANK,477.3,242.0,24
84508B,STRIPES DESIGN TEDDY,476.71,178.0,74
72750C,"F.FAIRY S/3 CANDLE/GLASS, ROSE",476.4,232.0,15
20662,FIRST CLASS HOLIDAY PURSE,476.35,730.0,49
23561,SET OF 6 RIBBONS PARTY,476.0,170.0,16
47422,ASSORTED MONKEY SUCTION CUP HOOK,475.56,1218.0,66
85109,PINK BOUDOIR T-LIGHT HOLDER,475.43,4211.0,20
85136B,BLUE SHARK HELICOPTER,473.77,59.0,47
40046A,RED DAISY PAPER LAMPSHADE,472.07,355.0,62
gift_0001_20,Dotcomgiftshop Gift Voucher £20.00,471.06,28.0,26
90120C,GREEN MURANO TWIST BRACELET,470.8,111.0,58
84884a,ANT WHITE WIRE HEART SPIRAL,470.18,56.0,35
84948,SILVER HANGING T-LIGHT HOLDER DOME,469.11,279.0,36
79071B,ENGLISH ROSE METAL WASTE BIN,469.1,154.0,66
85211,S/4 GROOVY CAT MAGNETS,469.05,307.0,75
35911A,MULTICOLOUR RABBIT EGG WARMER,468.79,389.0,96
72799B,PURPLE PILLAR CANDLE BLACK FLOCK,467.71,322.0,16
84952A,CLEAR LOVE BIRD T-LIGHT HOLDER,467.65,167.0,39
85014a,BLACK/BLUE DOTS RUFFLED UMBRELLA,467.0,37.0,28
72225C,LAVENDER SCENT CAKE CANDLE,466.38,1926.0,38
51020A,SUMMER FUN DESIGN SHOWER CAP,465.81,1305.0,50
23379,PACK OF 12 RED APPLE TISSUES,465.36,1220.0,76
85204,HANGING WOOD AND FELT FLOWER,462.76,2360.0,154
72801D,S/4 SKY BLUE DINNER CANDLES,462.42,566.0,61
84972L,GIANT PINK HEART MEMO HOLDER,462.15,117.0,46
84984A,GREEN PEONY DES C/COVER,462.12,266.0,17
20616,CHERRY BLOSSOM PASSPORT COVER,461.88,287.0,121
90145,SILVER HOOP EARRINGS WITH FLOWER,461.81,76.0,45
72789,BASKET/8 SCENTED LOVE TOKEN CANDLES,461.53,122.0,45
90201B,BLACK ENAMEL FLOWER RING,460.23,156.0,54
16207B,PINK HEART RED HANDBAG,457.65,265.0,46
23023,RIDGED BONNE JAM JAR T-LIGHT HOLDER,457.62,286.0,25
72128,COLUMBIAN CANDLE ROUND,455.84,730.0,88
90120B,BLUE MURANO TWIST BRACELET,455.68,108.0,42
16218,CARTOON  PENCIL SHARPENERS,454.52,4632.0,98
21757,LIGHTHOUSE PRINTED METAL SIGN,454.3,80.0,42
20621,ECONOMY PASSPORT COVER,453.77,208.0,33
90010A,MIDNIGHT BLUE GLASS/SILVER BRACELET,452.8,50.0,30
23509,MINI PLAYING CARDS FUN FAIR,452.72,1065.0,65
84597C,RETRO PINK BALL ASHTRAY,452.23,365.0,44
23548,WRAP MAGIC FOREST,451.5,1075.0,43
82081,PINK HEARTS PHOTO ALBUM,451.35,174.0,23
17164D,ASS COL SMALL SAND FROG P'WEIGHT,450.78,1159.0,28
90198B,VINTAGE ROSE BEAD BRACELET BLACK,450.4,106.0,49
16161M,WRAP  PINK FLOCK,449.5,1075.0,39
90013B,BLACK VINTAGE EARRINGS,445.88,108.0,79
90013A,MIDNIGHT BLUE VINTAGE EARRINGS,445.7,118.0,77
84857C,PINK MONTE CARLO HANDBAG,445.03,197.0,17
21027,NINJA RABBIT PINK,444.87,363.0,77
62096B,PURPLE/TURQ FLOWERS HANDBAG,441.99,257.0,82
16243B,BROWN COZY SQUARE PHOTO ALBUM,441.77,212.0,8
85230G,ORANGE VOTIVE CANDLE,439.68,1728.0,46
90154,LAZER CUT NECKLACE W PASTEL BEADS,439.65,59.0,7
79030A,"TUMBLER, ENGLISH ROSE",438.25,171.0,33
23044,PAPER LANTERN 9 POINT HOLLY STAR S,435.74,104.0,25
84859B,BLUE DISCO HANDBAG,435.41,283.0,18
84510F,SET OF 4 NEW ENGLAND COASTERS,435.25,1101.0,38
84798A,PINK FOXGLOVE ARTIIFCIAL FLOWER,432.45,195.0,10
37464,ROBOT MUG IN DISPLAY BOX,432.43,317.0,82
21678,PAISLEY PATTERN  STICKERS,432.31,582.0,80
90082B,DIAMANTE BOW BROOCH RED COLOUR,431.8,68.0,25
84858B,BLUE RIVIERA HANDBAG,431.0,326.0,9
23058,CHRISTMAS HANGING SNOWFLAKE,430.86,490.0,48
84802B,PURPLE ANEMONE ARTIFICIAL FLOWER,430.35,435.0,17
84968e,SET OF 16 VINTAGE BLACK CUTLERY,429.62,17.0,13
84422,PINK/BLUE DISC/MIRROR STRING,429.61,783.0,38
20851,ZINC HEART LATTICE TRAY OVAL,429.57,335.0,28
16045,POPART WOODEN PENCILS ASST,429.44,9312.0,74
22395,PAPERWEIGHT VINTAGE PAISLEY,428.94,237.0,53
21520,BOOZE & WOMEN GREETING CARD,428.45,995.0,108
84966B,BLUE KASHMIRI BOXED MIRROR,428.0,33.0,4
84801A,PINK HYDRANGEA ART FLOWER,427.44,272.0,15
21028,NINJA RABBIT BLACK,426.41,324.0,92
20857,BLUE ROSE PATCH PURSE PINK BUTTERFL,425.7,258.0,73
90184A,AMBER CHUNKY BEAD BRACELET W STRAP,425.57,47.0,25
20715,LITTLE FLOWER SHOPPER BAG,424.0,400.0,1
45016,DECORATIVE NET CANOPY LEOPARD,423.73,101.0,25
16207A,PINK STRAWBERRY HANDBAG,423.53,143.0,76
16008,SMALL FOLDING SCISSOR(POINTED EDGE),423.46,3143.0,85
47579,TEA TIME BREAKFAST BASKET,422.97,186.0,55
21729,SMALL MARAKESH METAL  LANTERN,422.9,124.0,30
85097B,BLUE ROCKING SINGING CANARY,420.92,107.0,40
46126A,ELVIS WALLHANGING / CURTAIN,419.99,317.0,48
84967C,GREEN KASHMIRI OCCASIONAL TABLE,419.85,9.0,4
84770,ROUND GEORGIAN SILVER MIRROR,419.25,135.0,16
21736,GOLD SCROLL GLASS T-LIGHT HOLDER,418.89,205.0,27
84007,MAGIC GARDEN MOUNT FUJI,418.22,159.0,39
72780,BLACK SILOUETTE CANDLE PLATE,418.18,514.0,44
22032,BOTANICAL LILY GREETING CARD,418.12,980.0,111
84532B,FAIRY CAKES RECTANGLUAR BOXES,417.58,54.0,31
72803B,OCEAN SCENT CANDLE JEWELLED DRAWER,416.38,94.0,36
21025,SPACE FROG,416.14,314.0,81
35240,ENAMEL BLUE RIM OVAL TRAY SET/2,416.01,49.0,39
37444B,BLUE BREAKFAST CUP AND SAUCER,415.5,2012.0,28
84529C,YELLOW KNITTED KIDS RUCKSACK,414.74,78.0,37
84804A,CREAM DELPHINIUM ARTIFICIAL FLOWER,414.08,224.0,18
85112,S/3 TEAR DROP CUT GLASS DECORATION,414.02,466.0,34
90206C,CRYSTAL DIAMANTE STAR BROOCH,412.65,82.0,57
23459,DOLLY CABINET 2 DRAWERS,412.5,33.0,19
20666,ECONOMY HOLIDAY PURSE,412.45,911.0,46
23415,HOME SWEET HOME HOOK,412.18,328.0,47
21698,MOCK LOBSTER FRIDGE MAGNET,411.52,539.0,112
84873A,FUNKY FLOWER PICNIC BAG FOR 4,411.1,33.0,16
84711A,SILVER OVAL SHAPE TRINKET BOX,410.85,44.0,24
21341,KASBAH LANTERN WITH GLASS,410.64,72.0,29
90149,SILVER FLOWR PINK SHELL NECKLACE,410.26,62.0,9
16169F,WRAP BLIZZARD,409.5,975.0,34
84595B,LARGE TRIFLE DESIGN L BLUE BOWL,408.9,230.0,16
21252,SET OF MEADOW  FLOWER STICKERS,408.66,168.0,22
84510C,SET OF 4 POLKADOTS COASTERS,406.6,277.0,101
90180A,BLACK+WHITE NECKLACE W TASSEL,406.59,45.0,28
23339,EGG FRYING PAN BLUE,405.0,175.0,76
84984D,ORIENTAL RED CUSHION COVER,404.91,159.0,21
72801E,S/4 FESTIVE GREEN DINNER CANDLES,404.75,769.0,24
82076,BEECH WOOD PHOTO FRAME,403.64,290.0,19
79191B,RETRO PLASTIC POLKA TRAY,403.28,485.0,70
90124B,BLUE MURANO TWIST NECKLACE,401.35,40.0,30
84932B,SMALL PINK PEONY FOLDING STOOL,401.3,189.0,17
84984C,ORIENTAL BLUE C/COVER,401.16,232.0,16
23576,SNACK TRAY RED VINTAGE DOILY,400.04,198.0,37
23429,RED RETRO KITCHEN WALL CLOCK,400.01,47.0,23
90120A,PINK MURANO TWIST BRACELET,399.92,94.0,41
23039,T-LIGHT HOLDER SILVER HEART HANDLE,399.71,199.0,28
85007,SET OF 3 VINTAGE TEA TIME BOXES,399.62,143.0,21
16156L,"WRAP, CAROUSEL",399.0,950.0,36
84497,BUTTONS AND STRIPES NOTEBOOK,398.38,100.0,37
84673B,BLUE FLY SWAT,398.38,510.0,133
20889,JARDIN DE FEMME SCENTED CANDLE,398.04,657.0,13
D,Discount,397.89,196.0,5
85167A,WHITE GRAND BAROQUE PHOTO FRAME,396.8,176.0,14
90158,ST TROPEZ NECKLACE,396.5,79.0,63
84877D,BLUE ROUND COMPACT MIRROR,395.21,167.0,43
84726,LILLIES CANVAS PICTURE,394.85,233.0,5
90201D,GREEN ENAMEL FLOWER RING,394.33,134.0,57
22869,"NUMBER TILE COTTAGE GARDEN, 1",393.63,167.0,57
23661,MILK MAIDS MUG,393.59,219.0,33
23116,VEGETABLE GARDEN CHOPPING BOARD,392.34,78.0,22
90208,PAIR OF ENAMEL FLOWER CLUSTER SLIDE,391.91,161.0,68
23150,IVORY SWEETHEART SOAP DISH,390.75,148.0,49
47562,ENGLISH ROSE IRONING BOARD COVER,390.0,104.0,41
79051A,SMOKEY GREY COLOUR D.O.F. GLASS,389.3,954.0,54
84081,WHITE CERAMIC PARTY SET (5PCS),389.3,100.0,20
16044,POP-ART FLUORESCENT PENS,389.22,6193.0,3
23337,EGG FRYING PAN MINT,388.75,180.0,69
90002D,FLOWER BURST SILVER RING CRYSTAL,388.24,110.0,34
84429A,MEDIUM PINK BUDDHA HEAD,386.55,112.0,42
84760S,SMALL HANGING GLASS+ZINC LANTERN,386.31,240.0,36
84292,ROSE PINK METAL FOLDING CHAIR,385.98,44.0,14
90082A,DIAMANTE BOW BROOCH GREEN COLOUR,385.46,60.0,32
90070,RUBY GLASS CLUSTER BRACELET,385.15,63.0,35
16258A,SWIRLY CIRCULAR RUBBERS IN BAG,384.33,1080.0,101
90201A,PURPLE ENAMEL FLOWER RING,382.84,130.0,54
90035B,"""PEARL & SHELL 42""""NECKL. PINK""",380.89,43.0,4
20670,VIP HOLIDAY PURSE,378.85,694.0,48
85026B,EAU DE NILE JEWELLED T-LIGHT HOLDER,378.6,313.0,29
84533B,FAIRY CAKES ROUND NESTING BOXES,377.93,59.0,24
20976,12 PENCILS SMALL TUBE POSY,376.99,550.0,76
85033G,SET/6 GOLD REINDEER T-LIGHT CANDLES,376.05,236.0,32
20663,QUEEN OF THE SKIES HOLIDAY PURSE,374.43,1076.0,44
20906,VINTAGE NOTEBOOK BEAUTY GIRL,374.14,103.0,47
22870,NUMBER TILE COTTAGE GARDEN 2,374.13,157.0,46
84741C,CITRUS GARLAND FELT FLOWERS,374.09,186.0,51
90134,OLD ROSE COMBO BEAD NECKLACE,373.88,127.0,96
79190A,RETRO PLASTIC 70'S TRAY,372.67,808.0,119
35968,FOLK ART METAL HEART T-LIGHT HOLDER,372.46,785.0,75
84680,CLASSICAL ROSE URN,372.3,94.0,17
16216,LETTER SHAPE PENCIL SHARPENER,371.64,4158.0,88
78033,FLAG OF ST GEORGE CHAIR,370.6,76.0,16
90013C,GREEN VINTAGE EARRINGS,370.51,92.0,56
84926D,LA PALMIERA TILE COASTER,370.35,777.0,47
79336,LIGHT PINK FLOCK GLASS CANDLEHOLDER,369.78,840.0,21
47504G,ENGLISH ROSE TAPE MEASURE,368.06,267.0,57
84898F,YELLOW FLOWERS FELT HANDBAG KIT,367.45,172.0,52
47503G,ASS FLORAL PRINT TAPE MEASURE,367.36,284.0,35
23575,SNACK TRAY PAISLEY PARK,367.35,179.0,32
21038,SET/4 MODERN VINTAGE COTTON NAPKINS,367.28,170.0,52
35915A,CREAM KNITTED HEN,365.76,288.0,1
90019A,SILVER M.O.P ORBIT BRACELET,365.61,70.0,51
90161A,ANT COPPER RED BOUDICCA BRACELET,365.23,73.0,43
85094,CANDY SPOT EGG WARMER RABBIT,364.94,763.0,108
90164B,WHITE  ROSEBUD PEARL BRACELET,362.94,67.0,35
23579,SNACK TRAY I LOVE LONDON,362.65,171.0,35
90160A,PURPLE BOUDICCA LARGE BRACELET,362.51,52.0,25
46000R,POLYESTER FILLER PAD 45x30cm,361.05,249.0,61
21946,PARTY TIME DESIGN FLANNEL,358.97,625.0,67
84402D,PINK DRESS JEWELLERY STAND,358.93,373.0,13
90036E,"""FLOWER GLASS GARLD NECKL36""""AMETHYST""",358.87,45.0,28
90178A,AMBER CHUNKY GLASS+BEAD NECKLACE,358.26,30.0,21
35912B,WHITE/PINK CHICK DECORATION,358.08,290.0,30
84711B,PINK OVAL SHAPE TRINKET BOX,357.71,39.0,30
84800M,MEDIUM WHITE/PINK ROSE ART FLOWER,357.22,250.0,27
90148,LONG SILVER NECKLACE PASTEL FLOWER,356.73,28.0,18
84881,BLUE WIRE SPIRAL CANDLE HOLDER,355.64,54.0,24
20799,PINK MILKSHAKE GLASS,355.33,200.0,26
72487,ROSES WHITE ROUND CANDLE,355.05,827.0,14
90014B,GOLD M PEARL  ORBIT NECKLACE,354.28,36.0,28
23420,PANTRY HOOK TEA STRAINER,353.45,165.0,32
20950,SET/6  ANGEL T-LIGHTS WHITE/GOLD,353.39,687.0,83
23421,PANTRY HOOK SPATULA,353.36,162.0,33
84802A,WHITE ANEMONE ARTIFICIAL FLOWER,353.21,209.0,24
22039,BOTANICAL LILY GIFT WRAP,353.0,850.0,30
84870C,GREEN GEISHA GIRL,352.86,99.0,41
35833P,4 PINK FLOCK CHRISTMAS BALLS,352.64,190.0,64
82011B,BATHROOM SCALES RUBBER DUCKS,352.55,94.0,48
84249D,FAIRY CAKE GREETINGS CARD,352.34,835.0,64
84809B,PINK CHRYSANTHEMUMS ART FLOWER,351.6,296.0,8
90201C,RED ENAMEL FLOWER RING,350.94,119.0,46
90175C,BLUE GLASS CHUNKY CHARM BRACELET,350.85,39.0,20
21306,SET/4 DAISY MIRROR MAGNETS,350.65,685.0,68
84535A,ENGLISH ROSE NOTEBOOK A6 SIZE,346.93,607.0,64
22257,FELT FARM ANIMAL SHEEP,346.73,420.0,57
23015,CORDIAL GLASS JUG,346.63,41.0,18
35914,PINK CHICK EGG WARMER + EGG CUP,345.85,246.0,56
84870B,BLUE GEISHA GIRL,345.11,96.0,40
84801B,WHITE HYDRANGEA ART FLOWER,345.0,214.0,18
21722,SWEET PUDDING STICKER SHEET,343.78,363.0,79
35004c,SET OF 3 COLOURED  FLYING DUCKS,343.72,27.0,25
20940,SET/6 GARDEN GNOME T-LIGHT CANDLES,342.75,118.0,22
85129B,BEADED CRYSTAL HEART GREEN SMALL,342.62,254.0,56
90191,SILVER LARIAT 40CM,342.6,40.0,21
20847,ZINC HEART LATTICE CHARGER LARGE,341.97,81.0,27
72130,COLUMBIAN CANDLE ROUND,341.68,814.0,57
72811,SMALL ZINC/GLASS CANDLEHOLDER,340.45,445.0,22
17011F,ORIGAMI SANDLEWOOD INCENSE+FLOWER,340.41,386.0,20
75149N,STRING CRYSTALS NATURAL,340.0,272.0,25
22889,"NUMBER TILE VINTAGE FONT, No",339.73,201.0,39
79303B,BLUE STAR BLOCK TABLE LAMP,339.57,109.0,10
84925A,WAKE UP COCKEREL WALL THERMOMETER,339.29,179.0,17
21420,OYSTER TRINKET BOX,338.66,122.0,31
84576,BLUE CAT BISCUIT BARREL PINK HEART,337.04,96.0,32
37467,PIG MUG IN TWO COLOUR DESIGNS,336.93,275.0,64
90173,PAIR BUTTERFLY HAIR CLIPS,336.88,89.0,51
90129B,TURQUOISE GLASS TASSLE BAG CHARM,336.59,150.0,62
90018A,SILVER M.O.P ORBIT DROP EARRINGS,333.97,79.0,56
17109A,FLOWER FAIRY INCENSE LILY,333.61,709.0,13
23047,PAPER LANTERN 5 POINT SEQUIN STAR,333.5,58.0,25
21402,RED  EGG  SPOON,333.42,1698.0,151
20688,BEAUTY SPEED EXPRESSO CUPS,332.9,464.0,11
90000D,COPPER/OLIVE GREEN FLOWER NECKLACE,332.86,54.0,34
47583B,SET OF 3 WICKER BASKET TEA AND CAKE,332.6,27.0,6
85089,CANDY SPOT BUNNY,332.29,104.0,29
90175B,PINK GLASS CHUNKY CHARM BRACELET,332.19,37.0,27
35637C,PINK STRING CURTAIN WITH POLE,331.14,100.0,19
85024B,EAU DE NILE JEWELLED PHOTOFRAME,330.9,218.0,20
35921,EASTER BUNNY HANGING GARLAND,330.32,183.0,49
22878,NUMBER TILE COTTAGE GARDEN No,330.26,128.0,45
72739B,WHITE CHOCOLATE SCENT CANDLE,328.39,394.0,28
85131C,BEADED CRYSTAL HEART BLUE ON STICK,327.35,447.0,72
17012E,ORIGAMI OPIUM INCENSE/CANDLE SET,326.36,294.0,29
84902,PINK KNITTED COW STUFFED TOY,326.33,84.0,53
84706A,ENGLISH ROSE TABLE CLOCK,325.88,137.0,7
21309,LOUVRE CHALKBOARD,325.6,49.0,5
90209A,PURPLE ENAMEL+GLASS HAIR COMB,325.5,173.0,10
23037,CANDLE HOLDER SILVER MADELINE,325.16,196.0,20
17091B,JASMINE TEA INCENSE IN TIN,324.48,282.0,51
23478,WOODLAND LARGE PINK FELT HEART,324.4,285.0,13
84509E,SET OF 4 CAROUSEL PLACEMATS,323.36,161.0,32
23695,DOILY THANK YOU CARD,323.32,765.0,57
90197B,BLACK GLASS BRACELET W HEART CHARMS,322.52,64.0,51
85070,ANT WHITE SWEETHEART TABLE W 3 DRAW,320.0,3.0,3
85033S,SET/6 SILVER REINDEER T-LIGHTS,319.95,260.0,49
21401,BLUE PUDDING SPOON,319.07,1444.0,121
84795b,SUNSET CHECK HAMMOCK,317.72,19.0,17
84933C,LARGE BLUE ORIENTAL FOLDING STOOL,317.0,136.0,6
84673A,PINK FLY SWAT,316.14,502.0,99
84933A,LARGE GREEN PEONY FOLDING STOOL,314.35,131.0,6
18096C,WHITE ROUND PORCELAIN TLIGHT HOLDER,314.0,123.0,20
84522,PINK PARTY SUNGLASSES,313.81,187.0,26
46000U,POLYESTER FILLER PAD 30CMx30CM,313.75,251.0,51
84906,PINK B'FLY C/COVER W BOBBLES,313.42,67.0,21
35638B,PINK/BLUE STRING CURTAIN,313.29,118.0,11
84838,ANT WHITE HIGH RISE BIRD BOX,312.5,50.0,4
90016B,GOLD/M.O.P PENDANT ORBIT NECKLACE,312.14,37.0,30
84671B,CROCHET BEAR WITH BLUE STRIPES,311.87,111.0,32
84219,BOX/12 MOTHER & CHICK IN BASKET/BOW,311.51,140.0,28
90098,NECKLACE+BRACELET PINK BUTTERFLY,311.48,141.0,55
22872,NUMBER TILE COTTAGE GARDEN 4,311.3,136.0,39
35979,SIX STRING SCANDINAVIAN HEART DECS,311.03,94.0,27
62095B,TURQOISE ICE CREAM SUNHAT,310.83,292.0,21
84623,PINK GINGHAM ROSE FLOOR CUSHION,310.44,56.0,14
90036D,"""FLOWER GLASS GARLAND NECKL.36""""BLACK""",310.24,39.0,16
84933B,LARGE PINK PEONY FOLDING STOOL,309.15,136.0,6
84661A,WHITE SQUARE TABLE CLOCK,308.99,222.0,43
20795,LARGE BLUE PROVENCAL CERAMIC BALL,308.7,135.0,29
21196,ROUND WHITE CONFETTI IN TUBE,308.54,179.0,22
77081,FLOWER WINDMILL,308.38,242.0,33
44235,ASS COL CIRCLE MOBILE,307.2,824.0,22
47593A,CAROUSEL DESIGN BABY BIB,306.67,303.0,97
23495,SET OF 3 PANTRY WOODEN SPOONS,306.66,225.0,41
90185D,CRYSTAL DIAMANTE EXPANDABLE RING,306.08,72.0,35
90196A,PURPLE GEMSTONE NECKLACE 45CM,306.0,24.0,11
16254,TRANSPARENT ACRYLIC TAPE DISPENSER,305.66,941.0,40
84926A,WAKE UP COCKEREL TILE COASTER,305.59,673.0,51
21030,SPACE CADET RED,304.65,250.0,51
20800,LARGE GLASS SUNDAE DISH CLEAR,303.96,1005.0,5
90129A,PINK GLASS TASSLE BAG CHARM,303.68,156.0,73
84627,CANDY STRIPE ROSE C/COVER,303.45,51.0,19
84247N,PACK/12 BLUE FOLKART CARDS,303.38,115.0,53
79190D,RETRO PLASTIC DAISY TRAY,303.3,657.0,112
72753D,S/3 FLWR FAIRY SUMMER CANDLES,302.4,144.0,9
85147,JARDIN ETCHED GLASS CANDLEHLDR LONG,301.95,61.0,16
23430,BLUE RETRO KITCHEN WALL CLOCK,301.88,36.0,18
35645,VINTAGE BEAD PINK JEWEL BOX,301.81,61.0,34
21321,GLASS CHALICE BLUE  LARGE,301.8,122.0,18
47471,RAINBOW PEGS PHOTO CLIP STRING,301.11,435.0,63
90035C,"""PEARL & SHELL 42""""NECKL. IVORY""",301.0,28.0,5
22954,HEN PARTY BANNER TAPE,300.14,243.0,50
84800S,SMALL WHITE/PINK ROSE ART FLOWER,299.54,394.0,19
23440,PAINT YOUR OWN EGGS IN CRATE,299.36,164.0,5
17001,HEAVENS SCENT FRAGRANCE OILS ASSTD,299.35,1211.0,23
90124A,PINK MURANO TWIST NECKLACE,299.28,30.0,20
90030B,RED KUKUI COCONUT SEED NECKLACE,298.02,140.0,36
35981C,WHITE SNOW SCANDINAVIAN STOCKING,298.0,590.0,67
84508C,BLUE CIRCLES DESIGN TEDDY,297.63,109.0,43
84882,GREEN WIRE STANDING CANDLE HOLDER,296.93,68.0,36
84482,BUTTONS DESIGN JEWELLERY BOX,296.77,76.0,32
90115,SUMMER BUTTERFLIES BAG CHARM,296.53,115.0,60
20869,GOLD FABRIC MIRROR,296.37,530.0,53
35920,FOUR RABBIT EASTER DECORATIONS,296.34,1070.0,24
16202A,PASTEL PINK PHOTO ALBUM,296.0,663.0,21
DCGSSGIRL,GIRLS PARTY BAG,295.63,92.0,23
21697,SET 5 MINI DOUGHNUT FRIDGE MAGNET,295.08,372.0,7
84192,ASSORTED COLOUR METAL CAT,294.85,245.0,38
47578A,ENGLISH ROSE SMALL SCENTED FLOWER,294.33,324.0,69
21144,PINK POODLE HANGING DECORATION,294.19,545.0,60
21367,MIRRORED WALL ART GENTS,293.7,215.0,60
21388,IVORY HANGING DECORATION  CHICKEN,293.57,315.0,29
16212,FUNKY GIRLZ ASST MAGNETIC MEMO PAD,292.86,375.0,37
72801F,S/4 FESTIVE RED DINNER CANDLES,292.5,234.0,25
DCGS0076,SUNJAR LED NIGHT NIGHT LIGHT,292.09,18.0,14
37422,WHITE WITH BLACK CATS BOWL,292.08,434.0,73
23567,EGG CUP HENRIETTA HEN PINK,291.58,211.0,37
84529A,PINK KNITTED KIDS RUCKSACK,290.78,50.0,19
20826,SILVER APERITIF GLASS,290.72,355.0,14
23410,CURIO CABINET LINEN AND LACE,290.1,36.0,18
22871,"NUMBER TILE COTTAGE GARDEN, 3",289.39,127.0,30
90185C,BLACK DIAMANTE EXPANDABLE RING,288.95,68.0,32
90185B,AMETHYST DIAMANTE EXPANDABLE RING,288.68,68.0,34
72812,LARGE ZINC/GLASS CANDLEHOLDER,288.46,105.0,31
20987,GEISHA GIRL CHOPSTICKS SET/5,288.35,131.0,22
20821,GOLDIE LOOKING MIRROR,286.42,42.0,25
90014C,SILVER/BLACK ORBIT NECKLACE,284.68,29.0,20
37413,ICON MUG REVOLUTIONARY,284.49,703.0,81
20980,36 PENCILS TUBE POSY,283.56,234.0,58
82093,HEART SHAPE BUTTON FRAME,283.49,139.0,28
16052,TEATIME PUSH DOWN RUBBER,283.0,850.0,35
84977,WIRE FLOWER T-LIGHT HOLDER,282.58,224.0,44
85049g,CHOCOLATE BOX RIBBONS,281.44,115.0,52
21095,SET/6 POSIES PAPER PLATES,281.37,303.0,40
23481,PEARLISED IVORY HEART SMALL,281.17,228.0,29
90163A,PINK ROSEBUD & PEARL NECKLACE,280.71,37.0,24
47586A,PINK FAIRY CAKE CUSHION COVER,280.63,204.0,29
84457,SET/3 RABBITS FLOWER SKIPPPING ROPE,280.43,293.0,64
21412,VINTAGE GOLD TINSEL REEL,279.84,277.0,67
84926F,PSYCHEDELIC TILE COASTER,279.15,485.0,42
72739C,DARK CHOCOLATE SCENTCANDLE,279.08,326.0,23
84625B,BLCK NEW BAROQUE CANDLESTICK CANDLE,279.0,180.0,17
90085,CRYSTAL STILETTO PHONE CHARM,278.85,313.0,29
90122A,PINK CRYSTAL+GLASS BRACELET,278.84,56.0,31
84927F,PSYCHEDELIC TILE HOOK,277.53,336.0,62
35096A,BLUE VICTORIAN FABRIC HEART BOX,277.49,777.0,50
90146,FINE SILVER NECKLACE W PASTEL FLOWE,276.49,41.0,19
75178,ASSTD COL BUTTERFLY/CRYSTAL W/CHIME,276.43,499.0,25
84966C,GREEN KASHMIRI BOXED MIRROR,276.0,23.0,2
21372,MIRRORED WALL ART TABLE LAMP,275.87,158.0,50
23137,ZINC WIRE SWEETHEART LETTER TRAY,275.62,83.0,23
84924F,PSYCHEDELIC METAL SIGN CALENDAR,274.55,975.0,10
21193,WHITE HONEYCOMB PAPER FAN,274.37,111.0,22
23141,TRIPLE WIRE HOOK PINK HEART,272.91,79.0,25
84924D,LA PALMIERA METAL SIGN CALENDAR,272.61,764.0,15
22875,"NUMBER TILE COTTAGE GARDEN, 7",272.56,124.0,30
79303D,LILAC FLOWER BLOCK TABLE LAMP,272.45,78.0,19
22868,"NUMBER TILE COTTAGE GARDEN, 0",272.33,125.0,27
84499,BLACK FLOWER CANDLE PLATE,272.17,326.0,41
22874,NUMBER TILE COTTAGE GARDEN 6,272.02,126.0,28
90032,IVORY SHELL HEART NECKLACE,271.88,48.0,24
22877,"NUMBER TILE COTTAGE GARDEN, 9",271.64,128.0,28
23474,WOODLAND SMALL BLUE FELT HEART,270.96,312.0,37
90028,NEW BAROQUE LARGE NECKLACE BLK/WHIT,270.27,32.0,24
44234,ASSORTED CIRCULAR MOBILE,270.22,1246.0,56
47351B,BLUE  VOILE LAMPSHADE,269.9,98.0,14
90129E,PURPLE GLASS TASSLE BAG CHARM,269.78,133.0,59
47591A,CAROUSEL DES CHILD'S APRON,269.54,163.0,70
85195,HANGING HEART BASKET,269.44,146.0,17
90122C,TURQUOISE CRYSTAL+GLASS BRACELET,269.1,54.0,30
72793,BLACK BOX MIRROR LANTERN,268.75,55.0,10
20818,GOLD TEDDY BEAR,268.5,87.0,30
21032,SPACE CADET WHITE,268.41,216.0,50
47481,50CM METAL STRING WITH  7 CLIPS,268.38,328.0,44
90157,RIVIERA NECKLACE,268.23,54.0,24
22873,NUMBER TILE COTTAGE GARDEN 5,266.71,121.0,31
90096,NECKLACE+BRACELET SET BLUE BLOSSOM,266.44,113.0,49
23476,WOODLAND LARGE RED FELT HEART,264.72,205.0,22
21370,MIRRORED WALL ART FOXY,264.67,56.0,22
21950,SET OF 6 DOTS CHOPSTICKS,263.63,211.0,18
90040B,MURANO STYLE GLASS BRACELET BLACK,263.59,73.0,36
84613C,BLUE NEW BAROQUE FLOCK CANDLESTICK,262.71,63.0,12
22876,"NUMBER TILE COTTAGE GARDEN, 8",262.59,121.0,23
21268,VINTAGE BLUE TINSEL REEL,262.5,399.0,49
84806A,PINK CANDYSTUFT ARTIFICIAL FLOWER,261.91,319.0,20
17038,PORCELAIN BUDAH INCENSE HOLDER,261.51,2659.0,55
85095,THREE CANVAS LUGGAGE TAGS,261.04,175.0,49
79328,BLUE FLOCK GLASS CANDLEHOLDER,260.76,594.0,17
72799D,BLUE PILLAR CANDLE SILVER FLOCK,260.67,78.0,18
90073,VINTAGE ENAMEL & CRYSTAL EARRINGS,260.52,52.0,34
84597B,RETRO BROWN BALL ASHTRAY,259.37,205.0,27
22882,NUMBER TILE VINTAGE FONT 3,259.29,127.0,50
90035A,"""PEARL & SHELL 42""""NECKL. GREEN""",257.55,24.0,16
84520b,PACK 20 ENGLISH ROSE PAPER NAPKINS,257.4,110.0,10
85179C,PINK BITTY LIGHT CHAIN,257.15,116.0,40
84371,BIG PINK POODLE,257.1,30.0,6
10123C,HEARTS WRAPPING TAPE,257.01,654.0,63
84660c,PINK STITCHED WALL CLOCK,256.84,34.0,28
47503H,ASS FLORAL PRINT SPIRIT LEVEL,256.18,164.0,60
90081C,LILY BROOCH OLIVE COLOUR,255.56,51.0,36
72801d,S/4 SKY BLUE DINNER CANDLES,254.98,103.0,61
90196B,BLACK GEMSTONE NECKLACE 45CM,254.73,20.0,14
85232b,SET/3 RUSSIAN DOLL STACKING TINS,254.47,25.0,22
84461,12 PINK HEN+CHICKS IN BASKET,253.79,99.0,40
gift_0001_50,Dotcomgiftshop Gift Voucher £50.00,253.59,6.0,6
90087,CRYSTAL SEA HORSE PHONE CHARM,252.88,313.0,53
90081A,LILY BROOCH AMETHYST COLOUR,252.7,51.0,24
21493,VINTAGE DESIGN GIFT TAGS,252.45,272.0,29
79338,DARK PINK FLOCK GLASS CANDLEHOLDER,252.29,553.0,13
23149,ANTIQUE IVORY WIRE BOWL SMALL,251.45,99.0,21
DCGSSBOY,BOYS PARTY BAG,251.35,77.0,21
90170,DAISY HAIR BAND,251.27,151.0,73
20836,FRENCH PAISLEY CUSHION COVER,250.0,224.0,22
90181B,AMETHYST GLASS/SHELL/PEARL NECKLACE,249.95,27.0,24
21460,GREEN EASTER EGG HUNT START POST,249.65,113.0,27
84993B,75 BLACK PETIT FOUR CASES,249.54,565.0,86
46307,ROSES BLUE BASE CUSHION COVER,249.33,53.0,33
90129C,GREEN GLASS TASSLE BAG CHARM,248.36,110.0,51
84030c,KNITTED RAINBOW HOT WATER BOTTLE,248.0,32.0,13
23465,TUSCAN VILLA FEEDING STATION,247.63,29.0,16
84621,BLUE GINGHAM ROSE FLOOR CUSHION,247.26,29.0,15
90036C,"""FLOWER GLASS GARLAND NECKL.36""""BLUE""",246.83,31.0,15
35818P,"ACRYLIC JEWEL ICICLE, PINK",246.65,563.0,25
82011A,"BATHROOM SCALES, TROPICAL BEACH",246.58,59.0,34
90119,METALIC LEAVES BAG CHARMS,245.62,98.0,42
90210B,CLEAR ACRYLIC FACETED BANGLE,243.85,106.0,24
23475,WOODLAND SMALL PINK FELT HEART,242.18,286.0,31
23143,ZINC WIRE KITCHEN ORGANISER,239.97,30.0,16
84247K,"FOLK ART GREETING CARD,pack/12",239.38,77.0,28
20855,PINK PATCH PURSE BLUE HEART,239.25,145.0,47
90210D,PURPLE ACRYLIC FACETED BANGLE,238.68,143.0,23
22880,NUMBER TILE VINTAGE FONT 1,238.38,114.0,37
84629,WHITE 3 FRAME BIRDS AND TREE,237.8,24.0,13
82553,POP'S GREASY SPOON METAL SIGN,237.73,114.0,42
90185A,AMBER DIAMANTE EXPANDABLE RING,237.53,56.0,26
37508,NEW ENGLAND CERAMIC CAKE SERVER,237.22,92.0,46
82585,SWEET VALENCIA CANDLE+CUP,237.15,165.0,47
23580,SNACK TRAY HAPPY FOREST,236.87,117.0,25
21369,MIRRORED WALL ART SPLODGES,236.73,135.0,22
90133,TEAL/FUSCHIA COL BEAD NECKLACE,236.46,47.0,36
44217M,MULTICOLOUR FEATHERS CURTAIN,236.4,72.0,3
20891,LARGE GLASS ROSE SCENTED CANDLE,236.33,684.0,3
37483,ENGLISH ROSE MUG IN GIFT BOX,235.44,144.0,10
90199B,5 STRAND GLASS NECKLACE AMETHYST,234.98,37.0,31
20736,PINK MINI TAPE MEASURE,234.35,291.0,19
21226,POCKET MIRROR WOODLAND,234.3,216.0,37
84796a,PINK HAWAIIAN PICNIC HAMPER FOR 2,234.28,28.0,20
17084P,DRAGONS BLOOD INCENSE,233.68,1041.0,70
23036,T-LIGHT HOLDER SILVER PETIT FOUR,233.67,185.0,16
84797b,BLUE SAVANNAH PICNIC HAMPER FOR 4,232.62,21.0,19
35991,SET/6 BLACK SNOWFLAKE T-LIGHTS,232.5,403.0,54
16256B,FLOWER PENCIL/RUBBER+5 MINI PENCILS,232.35,524.0,35
90211B,JET BLACK LAS VEGAS NECKLACE 45CM,231.99,39.0,26
23447,PINK BUNNY EASTER EGG BASKET,231.9,158.0,4
16202C,BEIGE PHOTO ALBUM,230.59,97.0,12
90116,FRUIT SALAD BAG CHARM,230.54,108.0,63
90164A,PINK ROSEBUD PEARL BRACELET,230.39,40.0,25
23446,BLUE BUNNY EASTER EGG BASKET,230.25,157.0,3
22884,NUMBER TILE VINTAGE FONT 5,229.89,113.0,39
72781,BLACK SILOUETTE CANDLE PLATE,229.5,121.0,15
90122B,JADE CRYSTAL+GLASS BRACELET,228.99,46.0,26
21639,ASSORTED TUTTI FRUTTI KEYRING,228.65,259.0,15
90090,PINK CRYSTAL HEART PHONE CHARM,227.72,263.0,22
35809B,ENAMEL BLUE RIM TEA CONTAINER,227.54,104.0,33
71028B,SILVER BLUE EGG T-LIGHT HOLDER,227.48,494.0,13
35833G,4 GOLD FLOCK CHRISTMAS BALLS,227.38,136.0,34
84705C,PINK FLOCK PHOTO FRAME,227.33,162.0,8
90186A,AMETHYST HOOP EARRING FLORAL LEAF,227.33,77.0,33
72750D,F.FAIRY S/3 CANDLE/GLASS,226.5,110.0,11
23003,TRAVEL CARD WALLET VINTAGE ROSE,226.2,542.0,53
90003D,CRYSTAL PAIR HEART HAIR SLIDES,226.17,60.0,32
90155,RESIN NECKLACE W PASTEL BEADS,226.16,30.0,21
84966A,PINK KASHMIRI BOXED MIRROR,225.95,13.0,4
35597B,BLACKCHRISTMAS TREE 30CM,225.35,79.0,7
TEST001,This is a test product.,225.0,50.0,9
90019C,SILVER BLACK ORBIT BRACELET,224.4,42.0,34
84927E,FLOWERS TILE HOOK,224.31,494.0,29
90125D,PURPLE BERTIE GLASS BEAD BAG CHARM,223.74,136.0,36
84690,S/2 BEACH HUT STOOLS,222.6,28.0,14
85039a,SET/4 RED MINI ROSE CANDLE IN BOWL,222.53,67.0,44
16258B,DAISY ERASERS IN BAG,221.48,1017.0,15
17011C,ORIGAMI LAVENDER INCENSE+FLOWER,221.4,335.0,2
90005A,JADE GREEN ENAMEL HAIR COMB,221.09,108.0,57
21102,"CANDLE IN JAR COLLAGE , VANILLA",221.08,82.0,20
17013B,ORIGAMI JASMINE INCENSE IN TUBE,221.03,256.0,3
72807b,SET/3 OCEAN SCENT CANDLE JEWEL BOX,220.94,26.0,19
17090A,LAVENDER INCENSE 40 CONES IN TIN,220.75,215.0,26
84725,FREESTYLE CANVAS ART PICTURE,220.75,135.0,29
90024B,NEW BAROQUE B'FLY NECKLACE RED,220.74,26.0,22
62086A,PINK RETRO BIG FLOWER BAG,220.35,113.0,24
90124C,GREEN MURANO TWIST NECKLACE,220.21,22.0,16
90123A,PINK HEART OF GLASS BRACELET,220.02,37.0,19
47343A,FUSCHIA FLOWER PURSE WITH BEADS,219.67,209.0,23
72225D,VANILLA SCENT CAKE CANDLE,219.46,962.0,11
90056,CHUNKY CRACKED GLAZE NECKLACE IVORY,218.99,20.0,14
85168A,WHITE BAROQUE CARRIAGE CLOCK,218.9,22.0,15
90058A,CRYSTAL STUD EARRINGS CLEAR DISPLAY,218.88,576.0,13
22881,NUMBER TILE VINTAGE FONT 2,218.82,112.0,36
90214A,"""LETTER """"A"""" BLING KEY RING""",218.75,219.0,104
22883,NUMBER TILE VINTAGE FONT 4,217.26,110.0,34
35817P,"ACRYLIC JEWEL SNOWFLAKE,PINK",216.7,420.0,11
35793,S/3 PUPPIES CHRISTMAS DECORATIONS,216.33,108.0,15
37492A,YELLOW RED FLOWER PIGGY BANK,216.07,108.0,11
84807,RED POPPY ARTIFICIAL FLOWER,215.93,233.0,7
84927D,LA PALMIERA TILE HOOK,215.89,955.0,28
90036A,FLOWER GARLAND NECKLACE RED,215.76,27.0,20
84247C,PACK/12 BLUE REINDEER CARD,215.35,73.0,22
21368,MIRRORED WALL ART LADIES,215.34,203.0,47
84744,S/6 SEW ON CROCHET FLOWERS,215.03,169.0,31
21543,BUTTERFLY WATER TRANSFER TATTOOS,215.0,284.0,24
22885,NUMBER TILE VINTAGE FONT 6,214.47,113.0,35
48179,DOOR MAT SWEET HOME,214.47,34.0,11
51012C,"FEATHER DUSTER, COAL BLACK",213.75,171.0,27
16201A,PASTEL PINK PHOTO ALBUM,213.37,101.0,9
21400,RED PUDDING SPOON,213.07,1078.0,91
84805A,CREAM CLIMBING HYDRANGA ART FLOWER,212.85,147.0,8
47574B,ENGLISH ROSE SCENTED HANGING HEART,212.5,50.0,27
84313A,PINK TV TRAY TABLE,212.42,38.0,19
90210A,GREY ACRYLIC FACETED BANGLE,210.29,89.0,21
20827,GOLD APERITIF GLASS,209.36,173.0,8
20814,SILVER FINCH DECORATION,208.89,189.0,13
90036F,"""FLOWER GLASS GARLD NECKL36""""TURQUOIS""",208.31,26.0,15
84706F,RED PEONY TABLE CLOCK,208.3,34.0,17
90016A,SILVER/M.O.P PENDANT ORBIT NECKLACE,207.86,29.0,16
37485,ENGLISH ROSE TEA SET IN GIFT BOX,207.69,49.0,15
90040A,MURANO STYLE GLASS BRACELET RED,207.05,53.0,34
17014D,ORIGAMI ROSE INCENSE CONES,204.36,479.0,8
21018,BIRD BOX CHRISTMAS TREE DECORATION,203.92,236.0,42
35824B,"HANGING FLOWERS+MIRROR,BLUE",203.24,528.0,6
20890,SMALL GLASS ROSE SCENTED CANDLE,202.62,605.0,4
37506,NEW ENGLAND MILK JUG W GIFT BOX,202.3,34.0,26
48103,DOORMAT KISS MY.......,201.73,35.0,10
84723,CHERRY BLOSSOM CANVAS ART PICTURE,201.3,54.0,12
72754A,FLOWER FAIRY POTPOURRI CUSHION LILY,201.24,292.0,5
20672,PINK TEATIME PRINT BOWL,201.0,138.0,36
79403,FROSTED WHITE BASE,200.68,217.0,36
90144,SILVER DROP EARRINGS WITH FLOWER,199.45,53.0,33
90003C,MIDNIGHT BLUE PAIR HEART HAIR SLIDE,199.16,53.0,35
90000A,RASPBERRY ANT COPPER FLOWER NECKLAC,198.98,33.0,21
84797a,PINK HAWAIIAN PICNIC HAMPER FOR 4,198.84,18.0,17
47504F,ENGLISH ROSE TORCH,198.11,528.0,14
22330,72 ROUND PINK DOILIES,197.9,128.0,22
37471,MULTICOLOUR DOTS PLATE,197.85,1405.0,10
84855,BLOKEY SILVER TOOL SET,196.7,36.0,15
90029,NEW BAROQUE SMALL NECKLACE BLACK,195.14,23.0,12
84985B,SET OF 72 BLACK PAPER DOILIES,194.96,128.0,24
23697,A PRETTY THANK YOU CARD,194.58,456.0,35
90129F,RED GLASS TASSLE BAG CHARM,194.51,87.0,41
72051S,BAG OF SILVER STONES,194.25,307.0,54
90130B,TURQ STONE/CRYSTAL EARRINGS,194.01,66.0,49
90065A,WHITE VINTAGE CRYSTAL BRACELET,193.96,28.0,16
35819B,"ACRYLIC HANGING JEWEL,BLUE",193.06,387.0,32
21582,KINGS CHOICE SMALL TUBE MATCHES,193.05,117.0,16
90094,NECKLACE+BRACELET SET FRUIT SALAD,192.72,76.0,38
84893,ANT WHITE IRON BASKET,192.3,34.0,15
84255B,ORANGE COCKTAIL GLASS LAMP,192.26,66.0,18
84899F,YELLOW PURPLE DAISY FELT PURSE KIT,192.17,121.0,53
84926C,FAIRY CAKES TILE COASTER,192.1,140.0,31
90178B,PURPLE CHUNKY GLASS+BEAD NECKLACE,191.41,16.0,11
47570b,TEA TIME TABLE CLOTH,190.63,9.0,8
90210C,RED   ACRYLIC FACETED BANGLE,189.52,119.0,14
84803A,PINK ALLIUM  ARTIFICIAL FLOWER,189.28,112.0,17
85128,PLANTPOT SINGLE HOOK PISTACHIO,188.95,167.0,4
90214S,"""LETTER """"S"""" BLING KEY RING""",188.89,191.0,86
84706B,FAIRY CAKES TABLE CLOCK,188.73,20.0,9
90159,COTE D'AZURE NECKLACE,188.58,38.0,20
84510a,SET OF 4 ENGLISH ROSE COASTERS,188.21,76.0,58
20837,FRENCH FLORAL CUSHION COVER,188.07,165.0,18
90086,CRYSTAL FROG PHONE CHARM,186.96,219.0,46
79144B,PAINTED LIGHTBULB STAR+ MOON,186.91,360.0,91
85114b,IVORY ENCHANTED FOREST PLACEMAT,186.76,56.0,19
84452,METAL RABBIT LADDER EASTER,186.16,198.0,44
16053,POPART COL BALLPOINT PEN ASST,185.73,4313.0,10
84877A,PINK ROUND COMPACT MIRROR,185.66,74.0,17
85114a,BLACK ENCHANTED FOREST PLACEMAT,185.64,56.0,17
35838A,S/6 MULTICOLOUR ORNAMENETAL CANDLE,185.25,181.0,20
79144C,PAINTED LIGHTBULB RAINBOW DESIGN,185.18,313.0,97
20968,GREEN FLORAL FELTCRAFT SHOULDER BAG,185.11,43.0,19
35911B,PINK/FLOWER RABBIT EGG WARMER,184.76,159.0,24
23416,CHAMBRE HOOK,184.68,132.0,25
20957,PORCELAIN HANGING BELL SMALL,184.61,126.0,15
90211A,DIAMOND LAS VEGAS NECKLACE 45CM,184.39,31.0,21
84029D,LEOPARD PRINT HOT WATER BOTTLE,183.98,51.0,15
90125A,PINK BERTIE GLASS BEAD BAG CHARM,183.97,149.0,18
90000B,MIDNIGHT BLUE COPPER FLOWER NECKLAC,183.66,30.0,21
20796,SMALL BLUE PROVENCAL CERAMIC BALL,182.16,99.0,22
21031,SPACE CADET BLACK,181.71,147.0,39
84464,S/60 PINK FLUFFY CHICKS IN BOX,181.65,83.0,11
37379B,BLUE CHERRY BLOSSOM CUP & SAUCER,181.5,1122.0,3
84531A,PINK KNITTED EGG COSY,181.06,197.0,45
16043,POP ART PUSH DOWN RUBBER,180.3,2145.0,13
35818B,"ACRYLIC JEWEL ICICLE, BLUE",180.05,408.0,11
47347B,BLUE FLOWER T-LIGHT HOLDER,179.88,240.0,11
90180B,PURPLE AMETHYST NECKLACE W TASSEL,179.88,18.0,14
84962,SET/3 COLOUR PAINTED KASHMIRI STOOL,179.85,3.0,2
84661C,PINK SQUARE TABLE CLOCK,179.75,150.0,25
21310,CAPIZ CHANDELIER,179.7,6.0,4
17011A,ORIGAMI VANILLA INCENSE+FLOWER,179.56,261.0,12
90151,SILVER/NATURAL SHELL NECKLACE,178.67,21.0,9
90063A,WHITE VINT ART DECO CRYSTAL NECKLAC,178.48,21.0,13
90013D,PURPLE VINTAGE EARRINGS,178.11,46.0,17
90060F,FIRE POLISHED GLASS NECKL GREEN,178.03,30.0,18
84531B,BLUE KNITTED EGG COSY,177.66,201.0,42
85132a,CHARLIE + LOLA BISCUITS TINS,177.59,12.0,10
84968a,SET OF 16 VINTAGE ROSE CUTLERY,176.31,7.0,4
90072,RUBY DROP CHANDELIER EARRINGS,176.31,44.0,30
82607C,GLASS BONBON JAR. SUPERFINES,175.61,115.0,43
84564,6 SEGMENT COLOURED SNACK BOWL,175.48,21.0,11
84967A,PINK KASHMIRI OCCASIONAL TABLE,174.9,3.0,3
22886,NUMBER TILE VINTAGE FONT 7,174.16,98.0,29
90019B,GOLD M.O.P ORBIT BRACELET,174.13,33.0,28
17014A,ORIGAMI VANILLA INCENSE CONES,173.49,277.0,16
90166,PINK & WHITE ROSEBUD RING,173.18,41.0,31
90018B,GOLD M.O.P ORBIT DROP EARRINGS,173.1,41.0,31
82587,TEXRIO TOMATOES CANDLE+CUP,173.03,133.0,40
21461,BLUE EASTER EGG HUNT START POST,172.99,83.0,23
75011,BLUE DAISY MOBILE,172.51,181.0,15
90123D,WHITE HEART OF GLASS BRACELET,172.39,29.0,14
90214C,"""LETTER """"C"""" BLING KEY RING""",172.28,176.0,69
90204,PAIR OF ENAMEL BUTTERFLY HAIRCLIP,171.81,51.0,37
90186B,CRYSTAL HOOP EARRING FLORAL LEAF,171.22,58.0,31
85185C,COW  SOCK PUPPET,171.1,58.0,27
35916C,PINK FELT HANGING HEART W FLOWER,170.87,159.0,42
84706C,PINK FLOCK TABLE CLOCK,170.8,84.0,4
90190C,SILVER/AMETHYST DROP EARRINGS LEAF,170.7,58.0,36
90063B,BLACK VINT ART DEC CRYSTAL NECKLACE,170.17,20.0,14
37479P,CUBIC MUG FLOCK PINK ON BROWN,169.86,184.0,34
85040a,S/4 PINK FLOWER CANDLES IN BOWL,169.75,51.0,34
90003B,ROSE COLOUR PAIR HEART HAIR SLIDES,169.62,45.0,25
37491C,GREEN/BLUE CERAMIC CANDLE HOLDER,169.17,59.0,10
90214L,"""LETTER """"L"""" BLING KEY RING""",168.61,179.0,68
90065B,BLACK VINT ART DEC CRYSTAL BRACELET,168.37,24.0,16
85205A,IVORY FELT EASTER RABBIT GARLAND,168.3,66.0,21
21087,SET/6 POSIES PAPER CUPS,168.08,260.0,32
72351a,SET/6 TURQUOISE BUTTERFLY T-LIGHTS,167.52,40.0,28
90093,CLEAR CRYSTAL STAR PHONE CHARM,167.0,210.0,25
90123B,TURQUOISE HEART OF GLASS BRACELET,166.59,28.0,13
90214J,"""LETTER """"J"""" BLING KEY RING""",166.52,162.0,88
90039D,FIRE POLISHED GLASS BRACELET GREEN,166.47,44.0,24
84231,EASTER BUNNY WITH BASKET ON BACK,166.21,230.0,50
90129D,AMBER GLASS TASSLE BAG CHARM,166.18,69.0,34
gift_0001_40,Dotcomgiftshop Gift Voucher £40.00,166.09,5.0,5
10123G,ARMY CAMO WRAPPING TAPE,165.56,2251.0,16
90162B,ANT SILVER LIME GREEN BOUDICCA RING,165.2,56.0,20
23694,PAISLEY PARK CARD,165.08,376.0,41
85024C,PINK SMALL JEWELLED PHOTOFRAME,165.0,100.0,42
47369B,BLUE GREEN EMBROIDERY COSMETIC BAG,164.98,58.0,29
16202E,BLACK PHOTO ALBUM,162.73,82.0,14
90214K,"""LETTER """"K"""" BLING KEY RING""",162.6,158.0,83
20693,FLORAL DINOSAUR GREEN,161.89,33.0,18
84927A,WAKE UP COCKEREL TILE HOOK,161.82,227.0,33
71496A,A4 WALL TIDY BLUE OFFICE,161.77,260.0,17
90042A,FRESHWATER PEARL BRACELET GOLD,160.79,63.0,33
90123C,GREEN HEART OF GLASS BRACELET,160.75,27.0,12
21353,SILVER SLEIGHBELL  WREATH,160.45,19.0,9
22887,NUMBER TILE VINTAGE FONT 8,160.36,92.0,28
90059A,DIAMANTE HAIR GRIP PACK/2 CRYSTAL,160.36,96.0,48
81952V,ROUND PURPLE CLOCK W/SUCKER,160.25,466.0,46
84599,CANDY STRIPE ROSE FLOOR CUSHION,160.15,15.0,6
23305,SET 4 PICNIC CUTLERY BLUEBERRY,159.9,82.0,9
37379A,PINK CHERRY BLOSSOM CUP & SAUCER,159.2,41.0,16
16054,POPART RECT PENCIL SHARPENER ASST,159.0,1210.0,39
85166A,WHITE METAL BAROQUE PHOTO FRAME,158.9,77.0,12
90048,GREEN WITH METAL BAG CHARM,158.89,31.0,8
22864,MUG AND COASTER SET RED CIRCLES,158.76,378.0,2
90183A,AMBER DROP EARRINGS W LONG BEADS,158.61,54.0,31
90022,EDWARDIAN DROP EARRINGS JET BLACK,158.6,42.0,32
90199A,5 STRAND GLASS NECKLACE BLACK,158.57,25.0,16
48175,DOOR MAT CAMOUFLAGE,158.04,39.0,2
84228,HEN HOUSE W CHICK STANDING,157.75,356.0,46
21489,BLUE WHITE SCARF HOT WATER BOTTLE,157.6,28.0,14
72140E,BEST DAD CANDLE LETTERS,157.57,219.0,29
23417,BATHROOM HOOK,157.5,146.0,27
90030C,BROWN KUKUI COCONUT SEED NECKLACE,157.24,88.0,16
23468,TUSCAN VILLA BIRD TABLE,156.75,19.0,11
17178,FLAT PALM T-LIGHT HOLDER,156.65,133.0,24
46138B,BLUE CHENILLE SHAGGY CUSHION COVER,156.29,71.0,25
84914A,PINK ROSE PICNIC RUG,155.7,6.0,5
20664,TROPICAL HOLIDAY PURSE,155.41,57.0,31
47369A,PINK GREEN EMBROIDERY COSMETIC BAG,155.16,52.0,25
90212B,JET BLACK LAS VEGAS BRACELET ROUND,155.13,41.0,28
90099,NECKLACE+BRACELET SET BLUE HIBISCUS,155.07,49.0,25
23496,PANTRY KITCHEN THERMOMETER,154.52,112.0,31
72801c,S/4 ROSE PINK DINNER CANDLES,153.67,62.0,36
47518F,ICON PLACEMAT POP ART ELVIS,153.14,903.0,34
84989a,75 GREEN FAIRY CAKE CASES,152.7,75.0,41
79192A,RETRO PLASTIC 70'S TRAY,152.64,114.0,35
84622,PINK GINGHAM ROSE CUSHION COVER,152.6,23.0,9
20952,PORCELAIN CHERUB BELL SMALL,151.14,330.0,24
90040C,MURANO STYLE GLASS BRACELET GOLD,150.56,42.0,21
79161A,ST GEORGE SET OF 10 PARTY LIGHTS,150.45,51.0,16
35980C,REDWHITE STRIPE SCANDINAVIAN HEART,150.3,384.0,29
90042C,FRESHWATER PEARL BRACELET IVORY,150.21,59.0,26
84527,FLAMES SUNGLASSES PINK LENSES,150.01,79.0,22
17108D,FLOWER FAIRY SUMMER BOUQUET SACHET,149.1,355.0,23
90040D,MURANO STYLE GLASS BRACELET PINK,148.87,41.0,25
84709A,SILVER OVAL JEWELLED MIRROR,148.75,25.0,13
90214M,"""LETTER """"M"""" BLING KEY RING""",147.42,146.0,64
84720,DOT MATRIX CANVAS ART PICTURE,147.05,35.0,3
84510c,SET OF 4 POLKADOT COASTERS,146.39,59.0,34
90002A,FLOWER BURST SILVER RING OPAL,146.25,39.0,14
10120,DOGGY RUBBER,146.1,680.0,73
90214E,"""LETTER """"E"""" BLING KEY RING""",144.38,148.0,67
35610B,BLACK CHRISTMAS FLOCK DROPLET,144.07,179.0,13
90016C,SILVER/BLACK PENDANT ORBIT NECKLACE,144.07,17.0,14
79191D,RETRO PLASTIC DAISY TRAY,143.87,138.0,56
84874B,BLUE TRAVEL FIRST AID KIT,143.41,87.0,36
90036B,"""FLOWER GLASS GARLAND NECKL.36""""GREEN""",143.1,18.0,10
90177D,DROP DIAMANTE EARRINGS PURPLE,141.68,48.0,25
90202D,PINK ENAMEL FLOWER HAIR TIE,141.49,48.0,24
72740A,LARGE STRAWBERRY CHOCOLATE CANDLE,141.23,65.0,12
47590b,PINK HAPPY BIRTHDAY BUNTING,140.5,13.0,10
84617,NEW BAROQUE BLACK BOXES,140.25,11.0,7
84765,SILVER ROCOCO CANDELABRA,140.23,9.0,6
90194,SILVER LARIAT BLACK STONE EARRINGS,140.08,33.0,21
78026,SEAGRASS S/3 SQU LAUNDRY BOX,139.95,12.0,2
23463,VINTAGE ZINC WATERING CAN,139.4,13.0,8
90199D,5 STRAND GLASS NECKLACE AMBER,139.28,22.0,16
23304,SET 4 PICNIC CUTLERY CHERRY,138.45,71.0,9
72754B,F FAIRY POTPOURRI CUSHIONS LAVENDER,137.54,170.0,8
35816P,"ACRYLIC JEWEL ANGEL,PINK",137.43,297.0,9
90156,RESIN BRACELET W PASTEL BEADS,137.37,25.0,14
84549,CROCHET WHITE RABBIT KEYRING,137.27,75.0,16
84558a,3D DOG PICTURE PLAYING CARDS,136.99,23.0,19
S,SAMPLES,136.85,3.0,3
84614A,PINK BAROQUE FLOCK CANDLE HOLDER,136.73,19.0,10
72134,COLUMBIAN  CUBE CANDLE,136.51,340.0,29
35824P,"HANGING FLOWERS+MIRROR,PINK",136.44,324.0,3
90023,FILIGREE DIAMANTE EARRINGS,135.98,32.0,21
90024E,NEW BAROQUE B'FLY NECKLACE MONTANA,135.98,16.0,11
90038A,GLASS AND PAINTED BEADS BRACELET TO,135.8,36.0,22
17011D,ORIGAMI ROSE INCENSE+FLOWER,135.7,209.0,4
77079,DOLPHIN WINDMILL,135.68,64.0,12
16020C,CLEAR STATIONERY BOX SET,134.5,160.0,39
22879,"NUMBER TILE VINTAGE FONT, 0",134.4,82.0,21
35015,JACOBS LADDER SMALL,134.08,2072.0,39
84555A,YELLOW VW BEETLE CERAMIC MONEY BOX,133.85,47.0,16
90101,WHITE FRANGIPANI NECKLACE,133.7,53.0,29
35609A,PINK FEATHER CHRISTMAS DECORATION,133.23,447.0,24
46137D,GREEN CHENILLE SHAGGY RUG,132.75,45.0,4
90190B,GOLD/AMBER DROP EARRINGS W LEAF,132.58,45.0,15
90137,PINK COMBO MINI CRYSTALS NECKLACE,132.52,26.0,15
45013,FOLDING SHOE TIDY,132.0,48.0,8
47592B,SCOTTIES DESIGN CHILD'S OVERALL,131.9,67.0,29
90165B,WHITE ROSEBUD  PEARL EARRINGS,131.65,52.0,35
90003E,GREEN PAIR HEART HAIR SLIDES,131.62,35.0,22
35933,PINK STOCKING CHRISTMAS DECORATION,131.38,319.0,28
72133,COLUMBIAN CANDLE RECTANGLE,131.38,116.0,31
90138,WHITE/PINK MINI CRYSTALS NECKLACE,131.15,25.0,17
84656,WHITE ROSE C/COVER,130.9,22.0,13
22888,NUMBER TILE VINTAGE FONT 9,130.83,79.0,23
16119,FUNKY GIRL ADDRESS BOOK,130.71,273.0,8
84925E,FLOWERS WALL THERMOMETER,130.05,75.0,3
20899,VINTAGE NOTEBOOK RED ROSE,129.8,44.0,12
90190A,SILVER/CRYSTAL DROP EARRINGS W LEAF,129.59,44.0,31
84886,BLUE METAL WALL SHELF,129.35,13.0,9
10080,GROOVY CACTUS INFLATABLE,129.29,315.0,27
85160a,WHITE BIRD GARDEN DESIGN MUG,129.04,8.0,3
84858A,NATURAL RIVIERA HANDBAG,128.83,53.0,8
90174,BUTTERFLY HAIR BAND,128.66,51.0,32
90181A,AMBER GLASS/SHELL/PEARL NECKLACE,128.64,14.0,14
84251G,"GREETING CARD, OVERCROWDED POOL.",128.6,474.0,91
84559D,3D SHEET OF SEA WORLD STICKERS,128.41,149.0,31
84782B,BLACK 3 TIER GLASS PLATE STAND,127.5,10.0,6
90024D,NEW BAROQUE B'FLY NECKLACE PINK,127.5,15.0,13
85018C,S/6 PAPER BOXES CURIOUS IMAGES,127.2,36.0,4
81950B,FLOWER BLUE CLOCK W/SUCKER,127.03,217.0,34
16168S,FUNKY MONKEY GIFT BAG SMALL,126.83,1283.0,11
23303,SET 4 PICNIC CUTLERY FONDANT,126.75,65.0,6
90168,2 DAISIES HAIR COMB,126.72,43.0,24
84367,LA STREGA CANVAS PICTURE,126.3,74.0,8
82607E,GLASS BONBON JAR. D'AMANDES,126.25,101.0,25
gift_0001_10,Dotcomgiftshop Gift Voucher £10.00,126.21,15.0,14
90108,BLUE BLOSSOM HAIR CLIP,125.83,109.0,21
23578,SNACK TRAY RED GINGHAM,125.72,60.0,14
90002C,FLOWER BURST SILVER RING MIDN'T BLU,124.38,33.0,19
85190,PINK FLOWER HANGING HEART,124.16,140.0,17
90162C,ANT SILVER FUSCHIA BOUDICCA RING,123.9,42.0,16
17191A,ROSE FLOWER CANDLE+INCENSE 16X16CM,123.75,33.0,12
20816,GOLD FLOWER CUSHION COVER,123.6,24.0,7
22850,BREAD BIN DINER STYLE BLACK,123.6,8.0,1
23477,WOODLAND LARGE BLUE FELT HEART,123.47,92.0,13
21228,"""POCKET MIRROR """"GLAMOROUS""""""",122.57,97.0,31
79308B,MOSAIC CANDLE DISH BLUE PURPLE,122.4,144.0,2
90205C,LARGE CRYSTAL DIAMANTE HAIRSLIDE,122.31,78.0,24
35916A,YELLOW FELT HANGING HEART W FLOWER,122.0,135.0,44
84199,GLOW IN DARK DOLPHINS,121.92,558.0,69
44242B,PINK FEATHERS CURTAIN,121.53,109.0,9
35916B,BLUE FELT HANGING HEART W FLOWER,121.33,133.0,46
79532,MOSAIC GLASS BALL CANDLEHOLDER,121.25,97.0,18
84288B,SET/2 BLUE  NOODLE BASKETS,120.9,62.0,24
23467,VINTAGE ZINC PLANTER,120.08,32.0,11
90051,CRACKED GLAZE NECKLACE RED,119.89,17.0,11
35607A,PINK FLUFFY CHRISTMAS DECORATION,118.81,556.0,31
90179C,BLACK FINE BEAD NECKLACE W TASSEL,118.73,20.0,16
90018C,SILVER BLACK ORBIT DROP EARRINGS,118.51,28.0,20
20887,BOX OF 6 PEBBLE CANDLES,118.39,18.0,8
90139,FLOWER BROOCH 4 ASSORTED COLOURS,118.24,23.0,18
20896,VINTAGE NOTEBOOK PINK FLOWER,118.0,40.0,14
90177C,DROP DIAMANTE EARRINGS CRYSTAL,117.9,40.0,24
84510E,SET OF 4 GREEN CAROUSEL COASTERS,117.77,148.0,28
84751B,BLACK MEDIUM GLASS CAKE STAND,117.44,40.0,19
35824C,"HANGING FLOWERS+MIRROR,CLEAR",117.05,235.0,8
23151,ZINC SWEETHEART SOAP DISH,116.82,62.0,21
71495B,CD WALL TIDY RED FLOWERS,116.61,306.0,18
23185,FRENCH STYLE STORAGE JAR JAM,116.59,323.0,30
72038P,PRICE'S CANDLE PEACH,116.5,1050.0,9
16206B,RED PURSE WITH PINK HEART,116.4,96.0,16
84921,CREAM AND PINK FLOWERS PONY,116.25,31.0,14
90071,RUBY GLASS CLUSTER EARRINGS,115.29,92.0,73
20848,ZINC HEART LATTICE CHARGER SMALL,115.05,39.0,12
84462,3 PINK HEN+CHICKS IN BASKET,114.86,100.0,14
20698,LITTLE PINK MONSTER SOFT TOY,114.45,47.0,21
90049,IVORY GOLD METAL BAG CHARM,114.24,20.0,6
17090D,VANILLA INCENSE 40 CONES IN TIN,113.95,95.0,28
21089,SET/6 GREEN SPRING PAPER CUPS,113.84,325.0,40
90030A,SPOTTED WHITE NATURAL SEED NECKLACE,113.76,79.0,10
84705B,FAIRY CAKES PHOTO FRAME,113.27,84.0,3
84249A,"GREETING CARD,SQUARE, DOUGHNUTS",113.22,252.0,34
44236,PINK/PURPLE CIRCLE CURTAIN,112.32,64.0,12
90104,PURPLE FRANGIPANI HAIRCLIP,112.28,134.0,49
84539,KNITTED RABBIT DOLL,112.2,68.0,11
71510,SQUARE METAL CANDLEHOLDER BASE,112.05,177.0,17
35966,FOLKART CHRISTMAS TREE T-LIGHT HOLD,111.34,255.0,26
10138,ASSORTED COLOUR JUMBO PEN,111.22,261.0,21
84493,BLUE/PINK NEST STRIPE BOX,111.12,1142.0,5
90103,PURPLE FRANGIPANI NECKLACE,110.85,44.0,30
90141A,GREEN PENDANT TRIPLE SHELL NECKLACE,110.46,21.0,17
82069,BEECH WOOD P/FRAME,109.85,17.0,11
85185F,LION SOCK PUPPET,109.15,37.0,19
84247H,PACK/12 DECOUPAGE CARD,109.13,42.0,20
20667,CHERRY BLOSSOM PURSE,108.69,40.0,24
90059D,DIAMANTE HAIR GRIP PACK/2 PERIDOT,108.43,65.0,40
35610A,PINK CHRISTMAS FLOCK DROPLET,107.94,144.0,12
72753C,S/3 FLWR FAIRY ROSE CANDLES,107.68,43.0,6
90118,PINK DAISY BAG CHARM,107.39,42.0,29
35096B,RED VICTORIAN FABRIC HEART BOX,107.33,295.0,25
35840,FLAT GLASS  BAUBLE WHITE FLOCK,107.13,45.0,11
23626,SET 10 CARDS DINKY TREE 17076,107.07,43.0,16
20697,LITTLE GREEN MONSTER SOFT TOY,106.8,44.0,21
84562B,BLUE/WHITE RIBBED MELAMINE JUG,106.59,10.0,7
90165A,PINK ROSEBUD PEARL EARRINGS,106.49,42.0,27
90169,DAISY HAIR COMB,106.49,42.0,23
22987,WRAP SUMMER ROSE DESIGN,105.84,252.0,11
84867A,PINK BABY GIRLS PHOTO ALBUM,105.82,16.0,4
35594,WOODEN CHRISTMAS TREE 3 HANGING,105.58,171.0,39
84458,S/3 RABBIT FLOWER/EGG/CARROT ROPE,105.4,124.0,20
16169D,WRAP WINTER FOREST,105.0,250.0,9
23574,PACKING CHARGE,105.0,14.0,14
90079,VINTAGE ENAMEL & CRYSTAL NECKLACE,104.77,21.0,13
21118,SHOPPING BAG DOORSTOP,104.25,69.0,7
21337,SILVER WASHBAG,103.53,33.0,12
35910A,MULTICOLOUR EASTER RABBIT,103.35,53.0,13
84679,CLASSICAL ROSE TABLE LAMP,103.3,14.0,4
16248B,BLUE HOLE PUNCH,102.5,82.0,12
84613A,PINK NEW BAROQUE FLOCK CANDLESTICK,102.3,22.0,10
90024C,NEW BAROQUE B'FLY NECKLACE GREEN,101.97,12.0,10
90125C,TURQUOISE BERTIE GLASS BEAD CHARM,101.35,92.0,10
72369A,PINK CLEAR GLASS CANDLE PLATE,101.29,67.0,14
17084J,LOVE POTION MASALA INCENSE,101.01,481.0,20
20861,GOLD COSMETIC BAG PINK STAR,100.8,48.0,16
85050,FRENCH ENAMEL SOAP DISH WITH LID,100.8,48.0,1
72821,CUPID SCENTED CANDLE IN GLASS,100.65,61.0,14
84968d,SET OF 16 VINTAGE RED CUTLERY,100.37,4.0,4
75172,PAINTED SEA SHELL METAL WINDCHIME,100.31,97.0,11
78027,SEAGRASS S/2 CORNER LAUNDRY,100.15,6.0,5
23611,SET 10 CARDS RED RIDING HOOD 17214,99.6,40.0,16
84465,15 PINK FLUFFY CHICKS IN BOX,99.46,33.0,23
90214R,"""LETTER """"R"""" BLING KEY RING""",99.23,97.0,50
23464,VINTAGE ZINC WATERING CAN SMALL,99.2,18.0,8
84559a,3D SHEET OF DOG STICKERS,99.08,59.0,40
21266,VINTAGE SILVER TINSEL REEL,98.9,23.0,9
84575A,PINK DOG CANNISTER,98.8,24.0,13
90163B,WHITE ROSEBUD & PEARL NECKLACE,98.45,13.0,9
20835,FRENCH LATTICE CUSHION COVER,98.04,81.0,10
84705D,CHERRY BLOSSOM PHOTO FRAME,97.9,22.0,14
16161G,WRAP BAD HAIR DAY,97.5,975.0,33
90150,BLUE SHELL+SILVER NECKLACE,97.5,13.0,8
90067A,PINK VINTAGE VICTORIAN EARRINGS,97.24,33.0,16
17007B,S/3 POT POURI CUSHIONS BLUE COLOURS,96.6,46.0,6
90214G,"""LETTER """"G"""" BLING KEY RING""",96.58,104.0,48
85132b,CHARLIE AND LOLA TABLE TINS,95.84,10.0,10
90089,PINK CRYSTAL SKULL PHONE CHARM,95.84,117.0,26
35913B,WHITE/PINK CHICK EASTER DECORATION,95.79,104.0,21
84891B,GREEN WIRE GOBLET CANDLEHOLDER,95.4,12.0,6
71406C,BLACK ORANGE SQUEEZER,95.38,223.0,35
90059E,DIAMANTE HAIR GRIP PACK/2 RUBY,94.95,57.0,33
72606A,BROWN ANTIQUE CUBE CANDLE,94.92,226.0,18
90202C,GREEN ENAMEL FLOWER HAIR TIE,94.42,32.0,25
84388,WISE MAN STAR SHAPE EGG PAN,93.99,73.0,22
21595,Dad's Cab Electronic Meter,93.89,11.0,9
90026A,GLASS BEAD HOOP NECKLACE BLACK,93.47,11.0,9
90214D,"""LETTER """"D"""" BLING KEY RING""",93.37,103.0,50
17084A,TRANQUILITY MASALA INCENSE,92.82,442.0,18
90075,MONTANA DIAMOND CLUSTER NECKLACE,92.18,10.0,8
84753A,PINK EAU DE COLOGNE BOTTLE,92.17,97.0,24
21343,GOLD JEWELERY BOX,92.0,20.0,3
90177B,DROP DIAMANTE EARRINGS BLACK DIAMON,91.38,31.0,19
20660,VIP LUGGAGE TAG,91.25,73.0,26
90112,PINK DOLLY HAIR CLIPS,91.25,84.0,20
84437A,S/6 PINK EASTER DECS IN BOX,90.95,106.0,18
90202A,PURPLE ENAMEL FLOWER HAIR TIE,90.9,31.0,23
79026B,"S/4 ICON COASTER,ELVIS LIVES",90.5,70.0,37
90039C,FIRE POLISHED GLASS BRACELET BLACK,90.46,24.0,12
72783,BLACK SIL'T SQU CANDLE PLATE,90.3,43.0,9
35271S,GOLD PRINT PAPER BAG,89.58,439.0,20
17013C,ORIGAMI LAVENDER INCENSE IN TUBE,89.46,213.0,2
90001D,ANTIQUE OLIVE GREEN FLOWER EARRINGS,89.2,21.0,11
47598,NEW ENGLAND EGG WARMER,89.12,138.0,32
90162A,ANT SILVER TURQUOISE BOUDICCA RING,88.5,30.0,11
90162D,ANT SILVER PURPLE BOUDICCA RING,88.5,30.0,14
35638A,PINK AND BLACK STRING CURTAIN,88.05,39.0,6
71495A,CD WALL TIDY BLUE OFFICE,87.96,225.0,20
84596e,SMALL LICORICE DES PINK BOWL,87.85,35.0,17
84721,MANHATTAN CANVAS ART PICTURE,87.8,20.0,2
90092,BLUE CRYSTAL BOOT PHONE CHARM,87.51,102.0,10
84415B,BLUE FLOCK CUSHION COVER,87.5,26.0,7
23442,12 HANGING EGGS HAND PAINTED,87.36,42.0,7
37462B,"PET MUG, BUDGIE",87.28,170.0,32
35822B,"ACRYLIC BEAD CHAIN, BLUE",87.02,229.0,1
35265,COLOURFUL FLOWER FRUIT BOWL,86.95,22.0,16
90088,CRYSTAL KEY+LOCK PHONE CHARM,86.7,101.0,14
23614,SET 10 CARDS 12 DAYS WRAP  17058,86.58,26.0,11
84251B,"GREETING CARD, STICKY GORDON",86.54,321.0,61
84424A,FOUR PICTURE WHITE GLASS FRAME,86.25,23.0,10
90012B,BLACK DROP CRYSTAL NECKLACE,85.9,17.0,6
90177E,DROP DIAMANTE EARRINGS GREEN,85.67,29.0,22
84454,WOBBLING METAL CHICKEN EASTER,85.53,93.0,18
85099c,JUMBO  BAG BAROQUE BLACK WHITE,85.17,17.0,10
35838B,S/6 SILVER ORNAMENETAL CANDLE,85.0,100.0,23
90026D,GLASS BEAD HOOP NECKLACE AMETHYST,85.0,10.0,8
90183B,AMETHYST DROP EARRINGS W LONG BEADS,84.89,29.0,24
17027A,INCENSE BAZAAR CANNABIS,84.84,228.0,2
46775B,BERRIES CHUNKY KNITTED THROW,84.75,5.0,4
16051,TEATIME PENCIL W STAMP ASST,84.69,941.0,4
81952B,ROUND BLUE CLOCK W/SUCKER,84.56,254.0,20
84450B,PINK/YELLOW RABBIT SAT EASTER,84.55,139.0,35
84251F,"GREETING CARD, RITA",83.97,341.0,50
90141C,TURQ PENDANT TRIPLE SHELL NECKLACE,83.69,16.0,13
22016,Dotcomgiftshop Gift Voucher £100.00,83.33,1.0,1
72779,SET/6 BLACK ROSE T-LIGHT CANDLES,82.81,49.0,15
90176D,DIAMANTE NECKLACE PURPLE,82.81,11.0,7
90039B,FIRE POLISHED GLASS BRACELET MONTAN,82.8,22.0,11
84030C,KNITTED RAINBOW HOT WATER BOTTLE,82.78,21.0,6
90002B,FLOWER BURST SILVER RING ROSE,82.74,22.0,11
90189A,SILVER 2 STRAND NECKLACE-LEAF CHARM,82.64,11.0,8
90130A,WHITE STONE/CRYSTAL EARRINGS,82.51,28.0,16
90069,RUBY GLASS CLUSTER NECKLACE,82.5,11.0,5
21699,SET 5 MINI CHOCOLATE FRIDGE MAGNETS,82.44,108.0,3
90214H,"""LETTER """"H"""" BLING KEY RING""",81.96,88.0,53
35610C,WHITE CHRISTMAS FLOCK DROPLET,81.56,94.0,8
16201B,PASTEL BLUE PHOTO ALBUM,81.1,34.0,5
90121B,VINTAGE ROSE BEAD BRACELET BLUE,80.75,19.0,9
84596I,WRAP SWEETS LIGHT PINK SMALL BOWL,80.62,72.0,10
17011E,ORIGAMI OPIUM SCENT INCENSE+FLOWER,80.6,124.0,1
DCGS0069,OOH LA LA DOGS COLLAR,80.31,5.0,5
90214N,"""LETTER """"N"""" BLING KEY RING""",80.2,82.0,43
90059F,DIAMANTE HAIR GRIP PACK/2 LT ROSE,79.87,48.0,27
90206A,GOLD DIAMANTE STAR BROOCH,79.6,16.0,12
90125B,AQUA BERTIE GLASS BEAD BAG CHARM,79.57,44.0,17
84795E,RIO PINK STRIPE HAMMOCK,79.5,10.0,5
84548,CROCHET BEAR RED/BLUE  KEYRING,79.2,48.0,13
90038B,GLASS AND PAINTED BEADS BRACELET OL,79.19,21.0,13
90064A,WHITE VINTAGE CRYSTAL EARRINGS,79.14,20.0,12
37509,NEW ENGLAND MUG W GIFT BOX,79.05,31.0,14
84251C,"GREETING CARD, TWO SISTERS.",78.96,259.0,53
84455,SET OF 3 RABBIT CARROTS EASTER,78.81,86.0,20
90064B,BLACK VINTAGE  CRYSTAL EARRINGS,78.75,21.0,12
72709,IVORY SCULPTED RND CANDLE,78.2,92.0,13
35931,PINK STAR CHRISTMAS DECORATION,78.12,156.0,15
21450,DISTRESSED CANDLE STICK WHITE,77.35,13.0,3
90060D,FIRE POLISHED GLASS NECKL BRONZE,77.35,13.0,8
90050,CRACKED GLAZE NECKLACE IVORY,77.11,11.0,6
90176C,DIAMANTE NECKLACE,77.0,10.0,6
90214B,"""LETTER """"B"""" BLING KEY RING""",76.98,80.0,40
84593,CROCHET ROSE DES CLOTHES HANGER,76.7,26.0,7
84425A,WHITE GLASS TV TRIPLE FRAME,76.6,18.0,9
90130C,GREEN STONE/CRYSTAL EARRINGS,76.58,26.0,24
90100,NECKLACE+BRACELET SET PINK DAISY,76.5,30.0,12
90020,FILIGREE DIAMANTE CHAIN,76.23,6.0,4
35815P,"ACRYLIC JEWEL SNOWFLAKE, PINK",75.88,168.0,7
90176A,CLASSIC DIAMANTE NECKLACE JET,75.88,10.0,7
84746,PINK EASTER HENS+FLOWER,75.81,24.0,16
20879,TREE OF NOAH FESTIVE SCENTED CANDLE,75.6,69.0,11
90140,PINK SWEETIE NECKLACE,75.54,10.0,7
62043B,BLUE CHECK BAG W HANDLE 34X20CM,75.16,54.0,10
16161E,WRAP BOUDOIR,75.0,750.0,9
37399,"ASS RETROSPOOF MUGS,SPORTS",75.0,143.0,6
72802a,ROSE SCENT CANDLE IN JEWELLED BOX,74.97,9.0,4
72807a,SET/3 ROSE CANDLE IN JEWELLED BOX,74.79,9.0,6
84757,ENCHANTED GARDEN WROUGHT IRON TABLE,74.75,5.0,4
21267,VINTAGE PINK TINSEL REEL,74.6,24.0,10
90012A,MIDNIGHT BLUE DROP CRYSTAL NECKLACE,74.38,13.0,7
90187B,GREEN DROP EARRINGS W BEAD CLUSTER,73.99,22.0,15
84899E,YELLOW + BROWN BEAR FELT PURSE KIT,73.93,53.0,21
90074,BLACK DIAMOND CLUSTER NECKLACE,73.86,8.0,6
15030,FAN BLACK FRAME,73.66,254.0,26
79331,PINK FLOCK GLASS CANDLEHOLDER,73.6,60.0,9
84447,6 RABBIT CHAIN EASTER,73.27,70.0,19
16151A,FLOWER DES BLUE HANDBAG/ORANG HANDL,72.5,52.0,5
84427B,BLACK GLASS TV DOUBLE P/FRAME 15X10,72.25,17.0,5
90027D,GLASS BEAD HOOP EARRINGS AMETHYST,72.18,23.0,16
90031,BILI NUT AND WOOD NECKLACE,71.9,52.0,9
90038C,GLASS AND BEADS BRACELET IVORY,71.46,19.0,9
35937,CERISE+GOLD CHRISTMAS STOCKING DEC,71.44,188.0,17
84925C,FAIRY CAKES  WALL THERMOMETER,71.4,28.0,10
84415A,PINK FLOCK SUEDE CUSHION COVER,71.25,27.0,6
90037B,TINY CRYSTAL BRACELET GREEN,71.17,28.0,10
90179A,AMBER FINE BEAD NECKLACE W TASSEL,71.0,12.0,9
16256C,HEARTS PENCIL/RUBBER+5 MINI PENCILS,70.98,169.0,10
84803B,WHITE ALLIUM  ARTIFICIAL FLOWER,70.98,42.0,11
47420,ASSORTED COLOUR SUCTION CUP HOOK,70.87,373.0,31
84086B,YELLOW/BLUE RETRO RADIO,70.8,24.0,12
20958,PORCELAIN HANGING BELL LARGE,70.5,38.0,10
90202B,WHITE ENAMEL FLOWER HAIR TIE,70.49,24.0,16
90205A,LARGE MINT DIAMANTE HAIRSLIDE,70.22,42.0,22
90141B,IVORY PENDANT TRIPLE SHELL NECKLACE,70.03,14.0,9
90059C,DIAMANTE HAIR GRIP PACK/2 MONTANA,69.83,42.0,23
84705A,ENGLISH ROSE PHOTO FRAME,69.75,15.0,7
90131,PINK/AMETHYST/GOLD NECKLACE,69.62,10.0,5
gift_0001_80,Dotcomgiftshop Gift Voucher £80.00,69.56,1.0,1
20820,SILVER LOOKING MIRROR,69.3,14.0,8
72140F,HAPPY ANNIVERSARY CANDLE LETTERS,69.18,175.0,14
90214P,"""LETTER """"P"""" BLING KEY RING""",69.14,80.0,33
90037C,TINY CRYSTAL BRACELET BLUE,68.63,27.0,13
71215,METAL BASE FOR CANDLES,68.52,178.0,12
84857A,SILVER MONTE CARLO HANDBAG,68.0,8.0,3
DCGS0004,HAYNES CAMPER SHOULDER BAG,67.94,4.0,4
90026B,GLASS BEAD HOOP NECKLACE MONTANA,67.82,8.0,7
90026C,GLASS BEAD HOOP NECKLACE GREEN,67.82,8.0,6
90002E,FLOWER BURST SILVER RING GREEN,67.77,18.0,11
84864A,PINK PAISLEY PHOTO ALBUM,67.71,7.0,4
90078,PINK/WHITE GLASS DEMI CHOKER,67.64,9.0,5
90024F,NEW BAROQUE B'FLY NECKLACE CRYSTAL,67.61,8.0,6
47341B,BLUE TABLE RUN FLOWER,67.5,48.0,14
84926B,SCOTTS ROSES TILE COASTER,67.5,54.0,10
90212C,PURPLE LAS VEGAS BRACELET ROUND,67.5,18.0,7
47504J,ENGLISH ROSE SET/3 GARDEN TOOLS,67.25,5.0,4
35819P,"ACRYLIC HANGING JEWEL,PINK",66.55,95.0,7
90037A,TINY CRYSTAL BRACELET RED,66.31,26.0,12
40002,WHITE BAMBOO RIBS LAMPSHADE,66.3,78.0,1
85072,OCCASIONS GIFT CARD ASSORTMENT,66.0,120.0,1
17136A,BLUE STONES ON WIRE FOR CANDLE,65.94,795.0,34
79329,PINK FLOCK GLASS CANDLEHOLDER,65.94,100.0,7
84340,LARGE FIBRE OPTIC CHRISTMAS TREE,65.76,21.0,11
79406,FROSTED WHITE BASE,65.62,259.0,21
90179B,PURPLE FINE BEAD NECKLACE W TASSEL,65.31,11.0,9
47016,LIGHT DECORATION BATTERY OPERATED,65.1,31.0,5
84551,CROCHET DOG KEYRING,64.35,39.0,8
90046,WHITE WITH METAL BAG CHARM,64.35,13.0,7
47348A,FUSCHIA VOILE POINTY SHOE DEC,63.96,104.0,16
79534,MULTICOLOUR GLASS PLATE,63.8,116.0,16
20791,BLUE TILED SET OF 3 DRAWERS,63.75,5.0,1
35973,GERANIUM FOLKART HEART DECORATION,63.75,51.0,13
84582,PINK CROCHET CAT WITH SCARF,63.75,15.0,11
85018A,S/6 PAPER BOXES ROMANTIC IMAGES,63.75,15.0,10
85018B,S/6 PAPER BOXES BLOSSOM IMAGES,63.75,15.0,10
90188,DROP EARRINGS W FLOWER & LEAF,63.59,25.0,20
20905,VINTAGE KEEPSAKE BOX BEAUTY GIRL,63.5,10.0,4
37491D,PURPLE/BLUE CERAMIC CANDLE HOLDER,63.28,26.0,13
90214I,"""LETTER """"I"""" BLING KEY RING""",62.7,64.0,27
84529B,BLUE KNITTED KID'S RUCKSACK,62.35,13.0,5
35607B,BLACK FEATHER CHRISTMAS DECORATION,62.3,312.0,17
72771B,BURG FLOCK GOLD CUP/CANDLE,61.94,129.0,8
20620,RED SPOTTY PASSPORT COVER,61.76,15.0,14
35817B,"ACRYLIC JEWEL SNOWFLAKE,BLUE",61.3,143.0,3
35910B,PINK FLOWERS RABBIT EASTER,61.07,29.0,8
84660b,BLACK STITCHED WALL CLOCK,60.8,8.0,6
90034,WHITE SILVER NECKLACE SHELL GLASS,60.67,6.0,5
37477B,"FLOWER FAIRY MUG+COASTER,LAVENDER",60.0,16.0,8
84875A,PINK SQUARE COMPACT MIRROR,60.0,16.0,12
23629,SET 10 CARDS DRESSING UP 17077,59.76,24.0,10
84292B,BLUE COL METAL FOLDING CHAIR,59.75,9.0,5
90021,LASER CUT MULTI STRAND NECKLACE,59.75,5.0,4
90171,DAISY RING,59.65,47.0,27
gift_0001_70,Dotcomgiftshop Gift Voucher £70.00,59.57,1.0,1
44241C,BLUE BUTTERFLY ON SPRING,59.5,70.0,8
35654,VINTAGE BEAD FILLED PINK CUSHION,59.4,12.0,5
35001B,HAND OPEN SHAPE BLACK,59.33,17.0,6
90011B,BLACK CRYSTAL DROP EARRINGS,59.06,20.0,15
35909A,RABBIT EASTER DECORATION,59.0,20.0,5
17129C,SKY BLUE COLOUR GLASS GEMS IN BAG,58.83,87.0,11
81985A,"ICON ALARM CLOCK,FUSCHIA  PIN UP",58.65,23.0,7
85023C,PINK LARGE JEWELED PHOTOFRAME,58.65,23.0,11
90033,IVORY SHELL HEART EARRINGS,58.43,23.0,18
84226,HEN HOUSE W FAMILY IN BARN & NEST,58.31,77.0,18
35816B,"ACRYLIC JEWEL ANGEL,BLUE",58.07,139.0,3
35821B,"JEWELLED DECORATION,BLUE",57.0,150.0,3
85080,PADDED RED HEART DECORATION,56.18,114.0,22
47344B,BLUE FLOWER DES PURSE,56.16,54.0,10
85023A,CRYSTAL LARGE JEWELLED PHOTO FRAME,56.1,22.0,10
90182C,BLACK 3 BEAD DROP EARRINGS,55.74,19.0,13
90177A,CLASSIC DIAMANTE EARRINGS JET,55.69,19.0,14
90214T,"""LETTER """"T"""" BLING KEY RING""",55.57,57.0,24
46115B,GREEN POP ART MAO CUSHION COVER,55.48,292.0,22
22657,HEN & 2 CHICKS IN BASKET,55.25,65.0,7
84559b,3D SHEET OF CAT STICKERS,55.23,33.0,25
90001B,ANTIQUE MID BLUE FLOWER EARRINGS,55.12,13.0,10
85151,WELCOME METAL SIGN,55.0,44.0,8
72798C,SET/4 GARDEN ROSE DINNER CANDLE,54.76,29.0,15
90135A,ORANGE/FUSCHIA STONES NECKLACE,54.62,11.0,4
90142D,MOP PENDANT SHELL NECKLACE,54.59,11.0,5
90043,COPPER AND BRASS BAG CHARM,54.51,10.0,6
20953,PORCELAIN CHERUB BELL LARGE,54.45,33.0,9
90084,PINK CRYSTAL GUITAR PHONE CHARM,54.4,64.0,9
20870,OPULENT VELVET CANDLE IN BOX,54.3,30.0,7
84402B,PURPLE DRESS JEWELLERY STAND,54.09,63.0,4
84660a,WHITE STITCHED WALL CLOCK,52.7,7.0,5
84845C,CARNATION SQUARE HANDY TIN,52.5,42.0,14
37491A,YELLOW/PINK CERAMIC CANDLE HOLDER,51.66,19.0,13
90059B,DIAMANTE HAIR GRIP PACK/2 BLACK DIA,51.55,31.0,16
84951b,SET OF 4 BLACK LOVEBIRD COASTERS,51.26,10.0,5
84845D,GERANIUM SQUARE HANDY TIN,51.25,41.0,11
90128A,PINK LEAVES AND BEADS PHONE CHARM,51.22,34.0,10
35071,ASSORTED SANTA CHRISTMAS DECORATION,51.14,50.0,7
20964,POLYESTER FILLER PAD 60x40cm,51.0,20.0,6
84612B,SET/4 BLACK  BAROQUE FLOCK COASTER,51.0,20.0,4
84968b,S/16 VINTAGE IVORY CUTLERY,50.98,2.0,2
84968f,SET OF 16 VINTAGE SKY BLUE CUTLERY,50.98,2.0,2
90001C,ANTIQUE OPAL WHITE FLOWER EARRINGS,50.94,12.0,10
85069,CREAM SWEETHEART DOUBLE SHELF,50.85,3.0,1
85035b,CHOCOLATE 3 WICK MORRIS BOX CANDLE,50.82,6.0,6
85124a,PINK JUICY FRUIT PHOTO FRAME,50.6,10.0,9
37489A,YELLOW/PINK FLOWER DESIGN BIG MUG,50.46,48.0,23
72083A,STRAWBERY SWIRL FLARE CANDLE,50.4,24.0,7
90141E,ORANGE PENDANT TRIPLE SHELL NECKLAC,50.06,10.0,5
23603,SET 10 CARD KRAFT REINDEER 17084,49.8,20.0,14
72129,COLUMBIAN CANDLE ROUND,49.76,75.0,18
37462E,"PET MUG, GOLDFISH",49.64,110.0,28
90052,CRACKED GLAZE NECKLACE BROWN,49.58,7.0,5
84537B,FAIRY CAKES GIFT BAG,49.14,117.0,11
35644,PAIR PINK/BLACK COATHANGERS,48.75,25.0,7
18097A,PINK TALL PORCELAIN T-LIGHT HOLDER,48.45,19.0,12
35603C,SET/16 WHITE SHINY & MATT BAUBLES,48.3,83.0,24
90054,CRACKED GLAZE EARRINGS RED,48.11,19.0,17
90083,CRYSTAL CZECH CROSS PHONE CHARM,48.08,52.0,15
84608,ORNATE EDWARDIAN CANDLE HOLDER,47.7,6.0,4
21347,GOTHIC CARRIAGE LANTERN,47.6,8.0,4
85081,PADDED HOLLY CHRISTMAS DECORATION,47.43,107.0,21
20895,VINTAGE NOTEBOOK FRENCH LETTER,47.2,16.0,4
35909B,PINK FLOWERS RABBIT EASTER,47.2,16.0,6
90067B,BROWN VINTAGE VICTORIAN EARRINGS,47.12,16.0,6
84227,HEN HOUSE W CHICK IN NEST,47.04,112.0,13
90181C,BLACK GLASS/SHELL/PEARL NECKLACE,46.93,5.0,5
84596f,SMALL MARSHMALLOWS PINK BOWL,46.89,19.0,14
20988,TRELLIS FLOWER CHOPSTICKS SET/5,46.8,24.0,9
84857B,BLUE MONTE CARLO HANDBAG,46.8,24.0,1
90001A,ANTIQUE RASPBERRY FLOWER EARRINGS,46.6,11.0,10
84705F,RED PEONY PHOTO FRAME,46.5,10.0,5
16050,TEATIME PENCIL WITH RUBBER,46.45,151.0,8
47341A,FUSCHIA TABLE RUN FLOWER,46.25,29.0,7
72024U,LILAC VOTIVE CANDLE,46.2,220.0,11
85132c,CHARLIE AND LOLA FIGURES TINS,46.1,4.0,4
84626,CANDY STRIPE ROSE QUILT,45.95,1.0,1
35611B,BLACK ASSORTED DROPLET DECORATION,45.76,62.0,3
35809a,ENAMEL PINK TEA CONTAINER,45.75,11.0,10
16161C,WRAP SPEED DEMONS,45.0,450.0,2
35233,PASTA ENAMEL/BRASS CONTAINER,45.0,12.0,8
72724,SET/6 CHRISTMAS ICICLE T-LIGHTS,45.0,36.0,10
23625,SET 6 CARDS SPARKLY REINDEER 17262,44.91,9.0,4
21685,MEDINA STAMPED METAL TRAY,44.85,3.0,2
90135,ORANGE/WHT/FUSCHIA STONES NECKLACE,44.75,9.0,3
72796B,S/3 FRENCH VANILLA SQU CANDLE,44.55,27.0,12
90197D,AMBER GLASS BRACELET HEART CHARMS,44.55,9.0,4
79066k,RETRO MOD TRAY,44.37,27.0,16
90011A,MIDNIGHT BLUE CRYSTAL DROP EARRINGS,44.28,15.0,15
35085E,IVORY ROSE LAMPSHADE,44.25,39.0,9
84586L,"PINK ROSES/GINGHAM PATCH RABBIT 8""""",44.25,15.0,9
90125E,AMBER BERTIE GLASS BEAD BAG CHARM,44.19,18.0,17
35815B,"ACRYLIC JEWEL SNOWFLAKE,BLUE",43.94,95.0,3
17014C,ORIGAMI LAVENDER INCENSE CONES,43.75,97.0,2
79063C,"RETRO PILL BOX KEY CHAIN,THE KING",43.65,235.0,14
90042B,FRESHWATER PEARL BRACELET PINK,43.35,17.0,6
35822P,"ACRYLIC BEAD CHAIN, PINK",43.32,114.0,1
23038,T-LIGHT HOLDER SILVER SAUCER,42.92,44.0,8
84993a,75 GREEN PETIT FOUR CASES,42.71,51.0,30
21596,Hypochondriac Pill Stress Ball,42.64,10.0,9
90024A,NEW BAROQUE B'FLY NECKLACE BLACK,42.5,5.0,4
90126C,AMBER BERTIE MOBILE PHONE CHARM,42.1,21.0,5
72771C,BLACK FLOCK GOLD CANDLE,42.08,54.0,6
20860,GOLD COSMETICS BAG WITH BUTTERFLY,42.0,20.0,11
15060b,FAIRY CAKE DESIGN UMBRELLA,41.81,5.0,5
84611B,BLACK NEW BAROQUE FLOCK BOX,41.65,7.0,4
90060B,FIRE POLISHED GLASS NECKL GOLD,41.65,7.0,4
90060C,FIRE POLISHED GLASS NECKL SILVER,41.65,7.0,3
90152C,BLUE/NAT SHELL NECKLACE W PENDANT,41.65,7.0,4
85184B,SET 4 EASTER DECOUPAGE OVAL BOXES,41.3,14.0,7
23448,CREAM BUNNY EASTER EGG BASKET,41.25,25.0,3
90152B,BLUE/GREEN SHELL NECKLACE W PENDANT,41.21,7.0,5
90027C,GLASS BEAD HOOP EARRINGS GREEN,41.17,14.0,12
18096c,WHITE ROUND PORCELAIN TLIGHT HOLDER,41.14,8.0,6
21119,Glow In The Dark Shot Glasses,41.01,3.0,3
44228,CANNABIS LEAF BEAD CURTAIN,40.8,48.0,3
84798C,WHITE FOXGLOVE ARTIIFCIAL FLOWER,40.8,16.0,3
90132,LIGHT TOPAZ TEAL/AQUA COL NECKLACE,40.72,8.0,7
47013C,WINE BOTTLE DRESSING DARK BLUE,40.52,147.0,27
90136,PALE PINK/AMETHYST STONE NECKLACE,40.47,4.0,3
90152A,SILVER/NAT SHELL NECKLACE W PENDANT,40.34,7.0,7
37468,HARDMAN MUG 3 ASSORTED,40.2,66.0,14
20994,JAZZ HEARTS SPIRAL NOTEPAD,39.95,47.0,12
47013A,WINE BOTTLE DRESSING LT.BLUE,39.87,141.0,25
79065A,TEATIME ROUND CAKE TINS,39.8,4.0,1
35963,FOLKART ZINC CLIP ON ANGEL WINGS,39.52,104.0,11
90214F,"""LETTER """"F"""" BLING KEY RING""",39.23,47.0,27
82545A,COGNAC AUX OEUFS METAL 1 HOOK,38.75,31.0,11
47567b,TEA TIME KITCHEN APRON,38.72,3.0,3
90130D,RED STONE/CRYSTAL EARRINGS,38.31,13.0,8
90027B,GLASS BEAD HOOP EARRINGS MONTANA,38.28,13.0,10
90183C,BLACK DROP EARRINGS W LONG BEADS,38.12,13.0,13
47518f,ICON PLACEMAT POP ART ELVIS,37.75,9.0,9
85115B,S/4 BLACK DISCO PARTITION PANEL,37.62,6.0,2
90176B,DIAMANTE NECKLACE BLACK,37.62,5.0,4
90039A,FIRE POLISHED GLASS BRACELET RED,37.61,10.0,5
37112,YELLOW BIRDS FELT DES FOODCOVER,37.5,10.0,5
79413,GLASS WINE GLASS DECORATIONS,37.5,30.0,9
84509b,SET OF 4 FAIRY CAKE PLACEMATS,37.3,5.0,4
90126A,PINK BERTIE MOBILE PHONE CHARM,37.14,20.0,5
84251J,"GREETING CARD, THE BLACK CAT",37.04,74.0,17
16162M,THE KING GIFT BAG 25x24x12cm,36.96,88.0,13
72715,SPHERICAL IVORY CANDLE,36.96,88.0,13
17014E,ORIGAMI OPIUM INCENSE CONES,36.6,95.0,6
90141D,ROSE PENDANT TRIPLE SHELL NECKLACE,36.33,7.0,5
90037D,TINY CRYSTALS BRACELET BLACK,35.87,14.0,8
37348,SET OF 4 PASTEL STACKING MUGS,35.7,14.0,7
84745B,BLUE HANGING GINGHAM EASTER HEN,35.7,85.0,17
85184c,S/4 VALENTINE DECOUPAGE HEART BOX,35.35,6.0,6
79063D,"RETRO PILL BOX , REVOLUTIONARY",35.33,190.0,11
90011C,GREEN CRYSTAL DROP EARRINGS,35.33,12.0,7
84510e,SET OF 4 GREEN CAROUSEL COASTERS,35.09,14.0,6
82613b,"METAL SIGN,CUPCAKE SINGLE HOOK",35.04,14.0,11
DCGS0058,MISO PRETTY  GUM,34.82,42.0,30
84868B,BLUE BABY BOY'S MEMORY BOX,34.75,5.0,4
37482p,CUBIC MUG PINK POLKA DOT,34.7,2.0,2
84546,CROCHET POODLE KEYRING,34.65,21.0,3
90081B,LILY BROOCH WHITE/SILVER COLOUR,34.65,7.0,3
35955,SMALL FOLKART CHRISTMAS TREE DEC,34.62,135.0,4
44265,M/COLOUR POM-POM CURTAIN,34.0,8.0,4
21120,*Boombox Ipod Classic,33.96,2.0,1
85035a,GARDENIA 3 WICK MORRIS BOXED CANDLE,33.88,4.0,3
90066A,PINK VINTAGE VICTORIAN CHOKER,33.75,5.0,2
47591b,SCOTTIES CHILDRENS APRON,33.6,8.0,4
84456,SET OF 3 RABBIT EGG EASTER,33.15,37.0,16
85079,EMBROIDERED REINDEER DECORATION,33.1,24.0,8
90076,MONTANA DIAMOND CLUSTER EARRINGS,33.0,12.0,7
84596b,SMALL DOLLY MIX DESIGN ORANGE BOWL,32.63,13.0,8
DCGS0003,BOXED GLASS ASHTRAY,32.59,13.0,13
82613c,"METAL SIGN,CUPCAKE SINGLE HOOK",32.48,13.0,12
37489B,BLUE/YELLOW FLOWER DESIGN BIG MUG,32.37,39.0,17
90214V,"""LETTER """"V"""" BLING KEY RING""",32.33,41.0,24
90214O,"""LETTER """"O"""" BLING KEY RING""",32.27,37.0,18
23632,SET 10 CARDS CHEERFUL ROBIN 17065,31.2,15.0,10
78034B,BLUE NETTING STORAGE HANGER,31.2,16.0,9
84745A,PINK HANGING GINGHAM EASTER HEN,31.08,74.0,15
37489D,PINK/GREEN FLOWER DESIGN BIG MUG,30.81,47.0,20
44091C,MULTICOLOUR CRUSOE CHECK LAMPSHADE,30.66,61.0,17
21919,Electronic Talking Breath-A-Loser,30.47,6.0,5
90025F,BAROQUE BUTTERFLY EARRINGS CRYSTAL,30.23,8.0,8
18010,ASSORTED FRAGRANCE BATH CONFETTI,30.16,64.0,9
37491B,BLUE/YELLOW CERAMIC CANDLE HOLDER,30.08,14.0,8
47563B,WAVELINE SURF IRONING BOARD COVER,30.0,8.0,6
84876C,SILVER HEART COMPACT MIRROR,30.0,8.0,4
90176E,DIAMANTE NECKLACE GREEN,29.98,4.0,3
37489C,GREEN/BLUE FLOWER DESIGN BIG MUG,29.96,29.0,12
21767,FRENCH STYLE WIRE DOOR CABINET,29.95,1.0,1
78056,CAMOUFLAGE BACKPACK ON WHEELS,29.85,3.0,2
22351,DOTCOMGIFTSHOP TEA TOWEL,29.81,15.0,3
84985a,SET OF 72 GREEN PAPER DOILIES,29.8,10.0,8
40005B,BLUE ORGANDY ROUND LAMPSHADE W BEA,29.75,35.0,13
35598A,DUSTY PINK CHRISTMAS TREE 60CM,29.5,10.0,3
90027A,GLASS BEAD HOOP EARRINGS BLACK,29.48,10.0,6
46776f,WOVEN ROSE GARDEN CUSHION COVER,28.91,7.0,1
44089C,LILAC GAUZE BUTTERFLY LAMPSHADE,28.56,68.0,18
21097,SET/6 GREEN SPRING  PAPER PLATE,28.05,33.0,7
90053,CRACKED GLAZE EARRINGS IVORY,27.78,11.0,10
17091F,SANDALWOOD INCENSE IN TIN,27.71,19.0,8
90128C,GREEN LEAVES AND BEADS PHONE CHARM,27.55,18.0,6
90128B,BLUE LEAVES AND BEADS PHONE CHARM,27.52,20.0,6
23613,SET 10 XMAS CARDS & BADGES 17070,27.39,11.0,6
23637,SET 10 CARDS OUT OF ORDER 17216,27.39,11.0,9
84867b,BLUE BABY BOY'S PHOTO ALBUM,27.14,2.0,1
90187A,BLUE DROP EARRINGS W BEAD CLUSTER,27.04,8.0,7
23702,High Resolution Image,27.0,4.0,3
17013F,ORIGAMI SANDLEWOOD INCENSE IN TUBE,26.7,62.0,5
90025E,BAROQUE BUTTERFLY EARRINGS MONTANA,26.5,7.0,7
23636,SET 10 CARDS WISHING TREE 17116,26.19,9.0,7
90214Y,"""LETTER """"Y"""" BLING KEY RING""",26.19,69.0,10
90182A,AMBER 3 BEAD DROP EARRINGS,26.16,9.0,9
10124A,SPOTS ON RED BOOKCOVER TAPE,26.04,62.0,18
85164b,BLACK BAROQUE CUCKOO CLOCK,26.04,1.0,1
90041,PEARL AND CHERRY QUARTZ BRACLET,25.67,7.0,6
20954,*USB Office Mirror Ball,25.59,3.0,3
90142A,GREEN PENDANT SHELL NECKLACE,25.45,5.0,4
DCGS0070,CAMOUFLAGE DOG COLLAR,25.44,2.0,2
85035c,ROSE 3 WICK MORRIS BOX CANDLE,25.41,3.0,2
85036b,CHOCOLATE 1 WICK MORRIS BOX CANDLE,25.41,3.0,2
47552A,DOTS IRONING BOARD COVER,25.35,13.0,11
35597D,PINK/WHITE CHRISTMAS TREE 30CM,25.28,58.0,7
90055,CRACKED GLAZE EARRINGS BROWN,25.28,10.0,10
21594,Dr. Jam's Arouzer Stress Ball,25.27,6.0,5
72801g,S/4 BURGUNDY WINE DINNER CANDLES,25.1,10.0,3
35591T,TURQUOISE CHRISTMAS TREE,25.0,20.0,9
23620,SET 10 CARDS PERFECT POST 17090,24.9,10.0,7
85034a,3 GARDENIA MORRIS BOXED CANDLES,24.87,3.0,3
84550,CROCHET LILAC/RED BEAR KEYRING,24.75,15.0,5
35633B,BLUE TINSEL GARLAND,24.7,130.0,12
35596,WOOD XMAS TREE 9 FIG SHELVES,24.65,29.0,4
84450A,PINK RABBIT SITTING EASTER,24.18,52.0,5
37494a,FAIRY CAKE CERAMIC BUTTER DISH,24.16,4.0,3
84575B,BROWN DOG CANNISTER W BONE,23.8,4.0,3
79302m,"ART LIGHTS,FUNK MONKEY",23.77,4.0,4
90128D,PURPLE LEAVES AND BEADS PHONE CHAR,23.75,14.0,7
17014F,ORIGAMI SANDLEWOOD INCENSE CONES,23.7,61.0,4
47556b,TEA TIME TEA TOWELS,23.64,4.0,4
90011E,AMBER CRYSTAL DROP EARRINGS,23.61,8.0,8
85040b,SET/4 BLUE FLOWER CANDLES IN BOWL,23.52,7.0,3
23623,SET 10 CARD CHRISTMAS WELCOME 17112,23.28,8.0,6
90095,NECKLACE+BRACELET SET PINK BLOSSOM,22.91,8.0,3
90025C,BAROQUE BUTTERFLY EARRINGS GREEN,22.56,6.0,6
37477C,"FLOWER FAIRY MUG+COASTER,ROSE",22.5,6.0,1
85225,BLING KEY RING STAND,22.5,19.0,11
90189B,GOLD 2 STRAND NECKLACE-LEAF CHARMS,22.5,3.0,2
23640,SET 10 CARDS SCOTTIE DOG 17211,22.41,9.0,8
23645,SET 10 CHRISTMAS CARDS HOHOHO 16956,22.41,9.0,4
90214Z,"""LETTER """"Z"""" BLING KEY RING""",22.34,32.0,18
35652,VINTAGE BEAD CHAISE LONG JEWEL BOX,21.5,18.0,2
84387A,BIRD ON BRANCH CANVAS SCREEN,21.45,11.0,1
21387,IVORY HANGING DECORATION  RABBIT,21.25,25.0,4
44092C,PURPLE/COPPER HANGING LAMPSHADE,21.25,25.0,10
23692,WRAP A PRETTY THANK YOU,21.0,50.0,2
35603B,S/16 BLACK SHINY/MAT BAUBLES,21.0,50.0,2
DCGS0072,CAT CAMOUFLAGUE COLLAR,20.68,4.0,3
46776a,WOVEN BUBBLE GUM CUSHION COVER,20.65,5.0,1
10002R,ROBOT PENCIL SHARPNER,20.57,4.0,3
79172D,PURPLE TINT ACRYLIC FLOWER VASE,20.4,24.0,4
85232a,SET/3 POLKA DOT STACKING TINS,20.34,2.0,2
84536a,ENGLISH ROSE NOTEBOOK A7 SIZE,19.97,25.0,12
90082C,DIAMANTE BOW BROOCH WHITE COLOUR,19.93,3.0,3
23601,SET 10 CARDS SNOWY SNOWDROPS  17100,19.92,8.0,4
23616,SET 10 CARDS JINGLE BELLS 17217,19.92,8.0,7
23646,SET 10 CARDS JINGLE BELLS 16957,19.92,8.0,5
90127A,PINK BEADS+HAND PHONE CHARM,19.92,14.0,2
84570B,WHITE SATIN DRESS JEWEL STAND,19.8,4.0,2
37488A,YELLOW PINK FLOWER DESIGN BIG BOWL,19.77,31.0,5
37487B,YELLOW/ORANGE FLOWER DESIGN PLATE,19.72,68.0,2
20680,PINK FLOWERS CHILDS UMBRELLA,19.5,6.0,4
79062D,"RETRO TIN ASHTRAY,REVOLUTIONARY",19.4,52.0,4
81950V,FLOWER PURPLE CLOCK W/SUCKER,19.09,33.0,10
84030B,KNITTED POM POM HOT WATER BOTTLE,18.75,5.0,3
90025D,BAROQUE BUTTERFLY EARRINGS PINK,18.69,5.0,5
84732B,CUTE BIRD CEATURE SCREEN,18.48,28.0,6
72796A,S/3 ENGLISH LAVENDER SQU CANDLE,18.15,11.0,5
84311,CAMOFLAGE CUSHION COVER,18.15,11.0,1
84986b,SET OF 36 SILVER PAPER DOILIES,17.88,6.0,5
18097B,BLUE TALL PORCELAIN T-LIGHT HOLDER,17.85,7.0,3
71050,SMALL SINGLE FLAME CANDLE HOLDER,17.85,51.0,8
84614C,BLUE BAROQUE FLOCK CANDLE HOLDER,17.85,3.0,1
72801e,S/4 FESTIVE GREEN DINNER CANDLES,17.57,7.0,4
90182B,AMETHYST 3 BEAD DROP EARRINGS,17.53,6.0,6
23627,SET 10 CARDS XMAS GRAPHIC  17218,17.43,7.0,2
90077,BLACK DIAMOND CLUSTER EARRINGS,17.36,6.0,5
37482b,CUBIC MUG BLUE POLKA DOT,17.35,1.0,1
DCGS0066N,NAVY CUDDLES DOG HOODIE,17.3,2.0,2
84796b,BLUE SAVANNAH PICNIC HAMPER FOR 2,17.12,2.0,2
DCGS0068,DOGS NIGHT COLLAR,17.12,2.0,2
84993b,75 BLACK PETIT FOUR CASES,16.99,20.0,13
72803b,OCEAN SCENT CANDLE JEWELLED DRAWER,16.94,2.0,1
72805,VANILLA CANDLE IN EMBOSSED ZINC POT,16.9,10.0,3
47591c,BLUE FAIRY CAKE CHILD'S APRON,16.84,4.0,3
21511,VINTAGE COLLAGE  GREETING  CARD,16.8,40.0,2
44089A,PINK GAUZE BUTTERFLY LAMPSHADE,16.8,40.0,13
72785A,S/4 CONTEMPORY PINK ROSEBUD CANDLES,16.8,8.0,4
23644,SET 10 CARDS CHRISTMAS TREE 16955,16.65,5.0,5
84031a,CHARLIE+LOLA RED HOT WATER BOTTLE,16.63,1.0,1
84031b,CHARLIE LOLA BLUE HOT WATER BOTTLE,16.63,1.0,1
85036a,GARDENIA 1 WICK MORRIS BOXED CANDLE,16.58,2.0,1
10124G,ARMY CAMO BOOKCOVER TAPE,16.38,38.0,10
85160b,BLACK BIRD GARDEN DESIGN MUG,16.13,1.0,1
90102,WHITE FRANGIPANI HAIR CLIP,16.11,19.0,4
62074B,ELEPHANT CLIP W SUCTION CUP,15.96,38.0,12
84250M,"GREETING CARD, BLACKPOOL ROCK",15.9,28.0,13
84630,FLOWERS AND BIRDS WALL PLAQUE,15.9,2.0,1
35932,PINK CHRISTMAS TREE DECORATION,15.63,37.0,10
84912a,PINK ROSE WASHBAG,15.56,2.0,1
21560,TOADSTOOL  LUNCHBOX WITH CUTLERY,15.44,4.0,4
21853,GUMBALL CUSTOM CARS TOP TRUMPS GAME,15.4,3.0,3
37481,CUBIC MUG TEATIME CAKES,15.3,6.0,1
84509e,SET OF 4 CAROUSEL PLACEMATS,15.24,2.0,1
85124c,GREEN JUICY FRUIT PHOTO FRAME,15.18,3.0,2
17174,ASSTD RASTA KEY-CHAINS,15.12,36.0,7
m,Manual,15.05,5.0,4
84206A,3 BLACK CATS W HEARTS BLANK CARD,15.01,79.0,9
23449,SET OF 6 EASTER RAINBOW CHICKS,15.0,12.0,1
90068,"RUBY GLASS NECKLACE 42""""",15.0,2.0,2
21475,SWEETHEART CREAM STEEL FOLDIN CHAIR,14.95,1.0,1
23621,SET 10 CARDS DAVID'S MADONNA 17074,14.94,6.0,4
84509g,SET OF 4 FAIRY CAKE PLACEMATS,14.92,2.0,2
35650,VINTAGE BEAD PINK JEWEL STAND,14.85,3.0,3
84567,FROSTED GLASS WITH SILVER SURROUND,14.85,9.0,1
90011D,PURPLE CRYSTAL DROP EARRINGS,14.75,5.0,5
SP1002,KID'S CHALKBOARD/EASEL,14.75,5.0,2
23634,SET 10 CARDS XMAS CHOIR 17068,14.55,5.0,5
21852,EMPIRE TEDDY,13.9,2.0,2
84868A,PINK BABY GIRL'S MEMORY BOX,13.9,2.0,2
84406b,CREAM CUPID HEARTS COAT HANGER,13.82,2.0,2
16245A,PINK MINI STATIONERY SET W CASE,13.75,11.0,7
35597A,DUSTY PINK CHRISTMAS TREE 30CM,13.75,11.0,4
35936,CERISE+GOLD CHRISTMAS TREE DEC,13.68,36.0,9
84814B,RHOMBUS CRYSTAL PERFUME BOTTLE,13.65,7.0,3
35443,RASTA IN BATH W SPLIFF ASHTRAY,13.6,16.0,10
79342b,BROWN FLOWER LIGHTS,13.57,1.0,1
84867a,PINK BABY GIRLS PHOTO ALBUM,13.57,1.0,1
21525,BEWARE OF THE CAT DOORMAT,13.5,2.0,2
79149B,SILICON STAR BULB  BLUE,13.44,32.0,12
85039b,S/4 IVORY MINI ROSE CANDLE IN BOWL,13.44,4.0,1
62097B,BLUE STRIPES SHOULDER BAG,13.37,11.0,4
23639,SET 10 CARDS MAGICAL TREE 17086,13.32,4.0,4
23607,SET 10 CARDS HATS & STOCKINGS 17081,13.28,8.0,7
35004s,SET OF 3 SILVER FLYING DUCKS,13.0,1.0,1
85159b,"WHITE TEA,COFFEE,SUGAR JARS",13.0,1.0,1
16192,PINK BALLET OPENING CUBE BOX,12.9,3.0,1
84989b,75 BLACK FAIRY CAKE CASES,12.8,10.0,6
84247J,PACK/12 RUSSIAN DOLL CARDS,12.78,10.0,9
20812,EMBOSSED FLOWER TRELLIS PHOTO FRAME,12.75,5.0,3
21772,VINTAGE METAL CAKE STAND CREAM,12.75,1.0,1
44092B,BLUE WHITE PLASTIC RINGS LAMPSHADE,12.75,15.0,6
72752B,"F.FAIRY,CANDLE IN GLASS,LAVENDER",12.75,3.0,2
84648,NEW BAROQUE WALL MIRROR,12.75,1.0,1
85083,KISS REINDEER SCANDINAVIAN STOCKING,12.75,5.0,2
35004p,SET OF 3 PINK FLYING DUCKS,12.72,1.0,1
85157,SET OF 2 CHESTS CHOCOLAT AU LAIT,12.72,1.0,1
DCGS0037,KEY-RING CORKSCREW,12.72,1.0,1
DCGS0075,CAMOUFLAGUE DOG LEAD,12.72,1.0,1
35751C,PURPLE CURRENT CANDLE RING,12.61,31.0,2
35918B,BLUE FLORIBUNDA EGG WARMER,12.5,10.0,5
51012L,"FEATHER DUSTER, LIGHT PINK",12.5,10.0,6
84743C,ORANGE FELT VASE + FLOWERS,12.5,10.0,5
23635,SET 10 CARDS CHRISTMAS HOLLY  17259,12.48,3.0,3
23654,SET 10 CARD SNOWMAN 16965,12.45,5.0,4
84596g,SMALL CHOCOLATES PINK BOWL,12.4,5.0,2
90000C,OPAL WHITE/SILVER FLOWER NECKLACE,12.32,2.0,2
44242A,LILAC FEATHERS CURTAIN,11.98,14.0,2
22206,"MUG , DOTCOMGIFTSHOP.COM",11.82,14.0,10
85185E,DUCK SOCK PUPPET,11.8,4.0,2
85179a,GREEN BITTY LIGHT CHAIN,11.78,2.0,2
23605,SET 10 CARDS 12 DAYS OF XMAS 17059,11.64,4.0,1
23608,SET 10 CARDS RUDOLPHS NOSE 17097,11.64,4.0,3
90025B,BAROQUE BUTTERFLY EARRINGS RED,11.29,3.0,3
79070b,ENGLISH ROSE SQUARE CAKE TINS,11.26,1.0,1
84366,VENDETTA CANVAS PICTURE,11.25,3.0,3
17011B,ORIGAMI JASMINE INCENSE+FLOWER,11.1,19.0,2
47590a,BLUE HAPPY BIRTHDAY BUNTING,11.02,1.0,1
72785B,S/4 CONTEMPORY RED ROSEBUD CANDLES,10.9,9.0,3
84732D,CUTE RABBIT CEATURE SCREEN,10.89,15.0,6
84536b,FAIRY CAKES NOTEBOOK A7 SIZE,10.53,13.0,4
16169A,WRAP CHRISTMAS DECOUPAGE,10.5,25.0,1
16169G,WRAP ROMANTIC DECOUPAGE,10.5,25.0,1
17084G,MOON INCENSE,10.5,50.0,2
21496,WOODLAND CREATURES  WRAP,10.5,25.0,1
21857,STAR WARS TOP TRUMPS GAME,10.23,2.0,2
21858,HIGH SCHOOL MUSICAL 3 TOP TRUMPS,10.23,2.0,2
85124b,BLUE JUICY FRUIT PHOTO FRAME,10.23,2.0,2
20939,ORANGE CANDLE,10.2,12.0,1
85232d,SET/3 DECOUPAGE STACKING TINS,10.17,1.0,1
90214W,"""LETTER """"W"""" BLING KEY RING""",10.17,19.0,8
84661c,PINK SQUARE TABLE CLOCK,10.12,2.0,2
84661a,WHITE SQUARE TABLE CLOCK,10.02,2.0,2
23615,SET 10 CARDS PRINTED GRAPHIC 17219,9.96,4.0,4
23619,SET 10 CARDS POINSETTIA 17093,9.96,4.0,2
23624,SET 10 CARD PERFECT NATIVITY 17089,9.96,4.0,4
23650,SET 10 CARDS FILIGREE BAUBLE 16961,9.96,4.0,4
84534b,FAIRY CAKE NOTEBOOK A5 SIZE,9.96,6.0,4
84971s,SMALL HEART FLOWERS HOOK,9.96,6.0,3
85049b,LUSH GREENS RIBBONS,9.94,4.0,3
85231g,ORANGE SCENTED SET/9 T-LIGHTS,9.78,6.0,6
81953P,ROUND ARTICULATED PINK CLOCK W/SUCK,9.57,33.0,6
20822,SILVER WINE GOBLET,9.3,2.0,1
23441,HAND PAINTED HANGING EASTER EGG,9.24,22.0,3
72708,SCULPTED ROUND IVORY CANDLE,9.24,44.0,5
90184c,BLACK CHUNKY BEAD BRACELET W STRAP,9.15,1.0,1
18098B,BLUE PORCELAIN B'FLY OIL BURNER,8.85,3.0,3
20882,MODERN CHRISTMAS TREE CANDLE,8.85,3.0,2
35598C,WHITE CHRISTMAS TREE 60CM,8.85,3.0,3
62097A,PINK STRIPES SHOULDER BAG,8.85,3.0,3
71496B,A4 WALL TIDY RED FLOWERS,8.67,15.0,6
20739,*USB Office Glitter Lamp,8.65,1.0,1
21406,SPOTTY CAT DOORSTOP,8.65,1.0,1
90013E,AMBER VINTAGE EARRINGS,8.57,2.0,2
84572,6 HOOK JEWEL STAND LILAC DRESS,8.49,1.0,1
90126B,BLUE BERTIE MOBILE PHONE CHARM,8.48,3.0,3
84030b,KNITTED POM POM HOT WATER BOTTLE,8.46,1.0,1
44091A,BLUE CRUSOE CHECK LAMPSHADE,8.4,20.0,6
90111,BLUE HIBISCUS  HAIR CLIP,8.4,8.0,6
23612,SET 10 MINICARDS CUTE SNOWMAN 17071,8.3,5.0,2
72802c,VANILLA SCENT CANDLE JEWELLED BOX,8.29,1.0,1
85034b,3 WHITE CHOC MORRIS BOXED CANDLES,8.29,1.0,1
84029c,BROWN FURRY HOT WATER BOTTLE,7.78,1.0,1
20942,SET/6 GINGERBREAD TREE T-LIGHTS,7.5,6.0,4
37438,FUNKY FLOWER COFFEE POT,7.5,2.0,1
46037A,PINK CANVAS DES CUSHION COVER,7.5,6.0,2
82011E,"BATHROOM SCALES, FAG BREAK",7.5,2.0,2
90025A,BAROQUE BUTTERFLY EARRINGS BLACK,7.5,2.0,2
82613a,"METAL SIGN,CUPCAKE SINGLE HOOK",7.48,3.0,3
23633,SET 10 CARDS WORLD CHILDREN 17067,7.47,3.0,3
84201B,HAPPY BIRTHDAY CARD STRIPEY TEDDY,7.41,39.0,8
35001P,HAND OPEN SHAPE PINK,6.98,2.0,2
85230C,ROSE SCENTED VOTIVE CANDLE,6.96,24.0,1
85230D,VANILLA SCENTED VOTIVE CANDLE,6.96,24.0,1
84705b,FAIRY CAKES PHOTO FRAME,6.86,2.0,2
37409,ASSORTED DESIGN FLOWER MUGS,6.8,8.0,3
37484,ENGLISH ROSE TEA FOR ONE GIFT BOX,6.75,1.0,1
48173A,DOOR MAT BLUE FLOCK,6.75,1.0,1
23604,SET 10 MINI SANTA & SNOWMAN  17087,6.64,4.0,2
20678,LARGE BLACK DIAMANTE HAIRSLIDE,6.6,4.0,1
20858,SILVER PURSE GOLD PINK BUTTERFLY,6.6,4.0,1
85231b,CINAMMON SET OF 9 T-LIGHTS,6.58,4.0,4
20884,MODERN CHRISTMAS TREE CANDLE,6.3,3.0,3
79140,ASS WINDPROOF MARIJUANA LIGHTERS,6.3,15.0,2
20673,STRAWBERRIES PRINT BOWL,6.25,5.0,2
37408,ASSORTED DESIGN GEISHA GIRL MUGS,6.25,5.0,1
82072,WHITE WOOD SINGLE P/FRAME,6.25,5.0,3
23610,SET 10 CARDS CHRISTMAS ROBIN 17095,6.24,3.0,3
79051a,SMOKEY GREY COLOUR D.O.F. GLASS,6.04,1.0,1
85123b,ZINC HANGING HEART T-LITE HLDR,6.04,1.0,1
72751A,"F.FAIRY S/3 SML CANDLE,LILY/VALLEY",5.95,1.0,1
72751B,"F.FAIRY S/3 SML CANDLE, LAVENDER",5.95,1.0,1
72751C,"F.FAIRY S/3 SML CANDLE, ROSE",5.95,1.0,1
85077,KISSING REINDEER TABLE RUNNER,5.95,1.0,1
85184d,S/4 BLUE ROUND DECOUPAGE BOXES,5.91,1.0,1
18098A,PINK PORCELAIN B'FLY OIL BURNER,5.9,2.0,2
35821P,"JEWELLED DECORATION,PINK",5.9,2.0,2
35823P,"ACRYLIC BEAD GARLAND,PINK",5.9,2.0,2
79303A,WHITE ROHMBIC BLOCK TABLE LAMP,5.9,2.0,1
35051B,PINK BEADED CONE CHRISTMAS,5.88,14.0,2
85186B,BUNNY BUNCH OF FLOWERS,5.88,14.0,2
37326,FAIRY DESIGN MUGS,5.86,3.0,2
23617,SET 10 CARDS SWIRLY XMAS TREE 17104,5.82,2.0,1
23638,SET 10 CARDS ROBIN WATERPUMP  17096,5.82,2.0,2
23652,SET 10 CARD CHRISTMAS STAMPS 16963,5.82,2.0,1
23630,SET 10 CARDS HANGING BAUBLES 17080,5.48,2.0,2
35537,CANDLE RING W/CLEAR BEADS,5.46,13.0,3
21838,DADDY MOUSE RED GINGHAM BOW TIE,5.45,1.0,1
35751D,PINK CURRENT CANDLE RING,5.32,28.0,1
16010,FOLDING CAMPING SCISSOR W/KNIF & S,5.28,44.0,4
16215,FUNKY GIRLZ MAGNETIC TO DO LIST,5.2,8.0,3
21854,EURO FOOTBALL STARS TOP TRUMPS GAME,5.17,1.0,1
21860,DR WHO TOP TRUMPS GAME,5.17,1.0,1
71101A,ANGEL ON KNEES METAL POLE 100CM H,5.1,6.0,1
71434B,"""BLACK RND BULLET""""KEEP CLEAN"""" BIN""",5.1,2.0,2
90142B,IVORY PENDANT SHELL NECKLACE,5.09,1.0,1
90142C,ROSE PINK PENDANT SHELL NECKLACE,5.09,1.0,1
84942,KASHMIR FOLKART HEART DISHES,5.07,3.0,3
72740B,LARGE WHITE CHOCOLATE CANDLE,5.06,1.0,1
DCGS0041,HAYNES MINI-COOPER PLAYING CARDS,5.06,1.0,1
20877,MODERN CHRISTMAS BAUBLE CANDLE,5.04,12.0,5
79151B,"SILICON CUBE 25W, BLUE",5.04,12.0,2
84596j,MIXED NUTS LIGHT GREEN BOWL,5.02,2.0,2
23649,SET 10 CARDS DECK THE HALLS 16960,4.98,2.0,2
47593b,SCOTTIE DOGS BABY BIB,4.98,6.0,1
84661b,BLACK SQUARE TABLE CLOCK,4.96,1.0,1
37451,CERAMIC CAKE TEAPOT WITH CHERRY,4.95,1.0,1
85043,RED HEART CANDY POP LIGHTS,4.95,1.0,1
85232C,RUSSIAN FOLKART STACKING TINS,4.95,1.0,1
84971l,LARGE HEART FLOWERS HOOK,4.92,2.0,1
85049d,BRIGHT BLUES RIBBONS,4.92,2.0,2
90214U,"""LETTER """"U"""" BLING KEY RING""",4.73,13.0,2
45014,FOLDING SHIRT TIDY,4.65,1.0,1
81953B,ROUND ARTICULATED BLUE CLOCK W/SUCK,4.64,14.0,6
72529w,WHITE ADVENT CANDLE,4.3,1.0,1
21409,SPOTTY COCKEREL DOORSTOP,4.25,1.0,1
72752A,"F.FAIRY,CANDLE IN GLASS,LILY/VALLEY",4.25,1.0,1
79157B,UBO-LIGHT TRIOBASE BLUE,4.25,5.0,3
79157V,UBO-LIGHT TRIOBASE PURPLE,4.25,5.0,3
47594a,CAROUSEL DESIGN WASHBAG,4.21,1.0,1
84255A,PINK GLASS COCKTAIL LAMP,4.2,2.0,2
46776b,WOVEN BERRIES CUSHION COVER,4.13,1.0,1
46776e,WOVEN CANDY CUSHION COVER,4.13,1.0,1
37432,MUG PINK AND PURPLE ARABIC DESIGN,3.9,6.0,1
72084B,CHOCOLATE ICE CREAM CANDLE,3.9,2.0,1
35995,SET/6 BLACK GLITTER REINDEER CANDLE,3.78,5.0,5
35974,S/6 CHRISTMAS TREE PLACE SETTING,3.75,1.0,1
40046C,PINK BUTTERFLY PAPER LAMPSHADE,3.75,3.0,3
90004A,JADE GREEN PAIR ENAMEL HAIR SLIDES,3.75,1.0,1
84731,3 BIRDS CANVAS SCREEN,3.69,3.0,3
35818C,"ACRYLIC JEWEL ICICLE, CLEAR",3.43,1.0,1
21081,SET/20 POSIES PAPER NAPKINS,3.4,4.0,4
84559d,3D SHEET OF SEA WORLD STICKERS,3.38,2.0,1
23643,SET 10 CARDS CHRISTMAS BAUBLE 16954,3.33,1.0,1
20683,RAIN GIRL CHILDS UMBRELLA,3.25,1.0,1
84985b,SET OF 72 BLACK PAPER DOILIES,2.98,1.0,1
20885,BOX OF 3 PEBBLE CANDLES,2.95,1.0,1
79301,FEATHER HEART LIGHTS,2.95,1.0,1
23602,SET 10 CARDS 3 WISE MEN 17107,2.91,1.0,1
23609,SET 10 CARDS SNOWY ROBIN 17099,2.91,1.0,1
23628,SET 10 CARDS TRIANGLE ICONS  17220,2.91,1.0,1
90183c,BLACK DROP EARRINGS W LONG BEADS,2.9,1.0,1
DCGS0044,HANDZ-OFF CAR FRESHENER,2.57,1.0,1
20881,MODERN CHRISTMAS TREE CANDLE,2.55,3.0,2
21036,SET/2 TEA TOWELS MODERN VINTAGE,2.55,1.0,1
35999,S/6 SCANDINAVIAN HEART T-LIGHT,2.55,1.0,1
47554,S/3 COLOURS FLOCK TEA TOWELS,2.55,1.0,1
47556,SET/2 SPOTTY + ROSE TEA TOWELS,2.55,1.0,1
47569,ENGLISH ROSE DESIGN SHOPPING BAG,2.55,1.0,1
85171,S/2 HYACINTH BULB CANDLES,2.55,1.0,1
90091,CRYSTAL DRAGONFLY PHONE CHARM,2.55,3.0,2
17028J,INCENSE BAZAAR PEACH,2.52,6.0,1
21008,ETCHED GLASS HEART TREE DECORATION,2.51,1.0,1
47593a,CAROUSEL DESIGN BABY BIB,2.51,1.0,1
DCGS0062,ROAD-RAGE CAR FRESHENER,2.51,1.0,1
21225,POCKET MIRROR BUTTERFLY,2.5,2.0,2
21290,LARGE SPOTTY CHOCOLATE GIFT BAG,2.5,2.0,1
90127B,BLUE BEADS+HAND PHONE CHARM,2.5,2.0,2
84596l,BISCUITS SMALL BOWL LIGHT BLUE,2.46,1.0,1
85049c,ROMANTIC PINKS RIBBONS,2.46,1.0,1
84510b,SET OF 4 FAIRY CAKES COASTERS,2.15,1.0,1
17061,ASSORTED SHAPED STENCIL FOR HENNA,2.08,52.0,1
35945,GOLD CHRISTMAS STOCKING DECORATION,1.95,1.0,1
46138D,GREEN CHENILLE SHAGGY C/COVER,1.95,1.0,1
84814A,HEXAGONAL CRYSTAL PERFUME BOTTLE,1.95,1.0,1
85192S,HANGING SPRING FLOWER HEART SMALL,1.95,3.0,2
84201C,HAPPY BIRTHDAY CARD TEDDY/CAKE,1.9,10.0,3
84206C,CHAMPAGNE TRAY BLANK CARD,1.9,10.0,4
84206B,CAT W SUNGLASSES BLANK CARD,1.71,9.0,2
20737,RED MINI TAPE MEASURE,1.7,1.0,1
30086C,ASSORTED FRUIT STRAWS,1.7,1.0,1
35837,SET OF SIX SILVER+RED FLOCK BAUBLES,1.7,2.0,1
72754D,F FAIRY POTPOURRI CUSHIONS SUMMER,1.69,1.0,1
10109,BENDY COLOUR PENCILS,1.68,4.0,1
85231e,STRAWBERRY SCENTED SET/9 T-LIGHTS,1.66,1.0,1
21585,SWALLOW SMALL TUBE MATCHES,1.65,1.0,1
23664,FLOWER SHOP DESIGN MUG,1.65,1.0,1
72796C,S/3 ROSE GARDEN SCENT SQU CANDLE,1.65,1.0,1
85024A,CRYSTAL SMALL JEWELLED PHOTOFRAME,1.65,1.0,1
35980B,RED TOP SCANDINAVIAN HEART,1.52,4.0,2
35950,FOLKART HEART CHRISTMAS DECORATIONS,1.25,1.0,1
35976B,WHITE SCANDINAVIAN HEART CHRISTMAS,1.25,1.0,1
84845A,HOLLYHOCK SQUARE HANDY TIN,1.25,1.0,1
TEST002,This is a test product.,1.0,1.0,1
20721,OWLS CHARLOTTE BAG,0.85,1.0,1
51014c,"FEATHER PEN,COAL BLACK",0.83,1.0,1
35930,PINK HEART CHRISTMAS DECORATION,0.38,1.0,1
84205C,HAPPY BIRTHDAY GINGER CAT CARD,0.38,2.0,1
PADS,PADS TO MATCH ALL CUSHIONS,0.02,17.0,17
